-- MariaDB dump 10.19  Distrib 10.4.32-MariaDB, for Win64 (AMD64)
--
-- Host: localhost    Database: footwear
-- ------------------------------------------------------
-- Server version	10.4.32-MariaDB

/*!40101 SET @OLD_CHARACTER_SET_CLIENT=@@CHARACTER_SET_CLIENT */;
/*!40101 SET @OLD_CHARACTER_SET_RESULTS=@@CHARACTER_SET_RESULTS */;
/*!40101 SET @OLD_COLLATION_CONNECTION=@@COLLATION_CONNECTION */;
/*!40101 SET NAMES utf8mb4 */;
/*!40103 SET @OLD_TIME_ZONE=@@TIME_ZONE */;
/*!40103 SET TIME_ZONE='+00:00' */;
/*!40014 SET @OLD_UNIQUE_CHECKS=@@UNIQUE_CHECKS, UNIQUE_CHECKS=0 */;
/*!40014 SET @OLD_FOREIGN_KEY_CHECKS=@@FOREIGN_KEY_CHECKS, FOREIGN_KEY_CHECKS=0 */;
/*!40101 SET @OLD_SQL_MODE=@@SQL_MODE, SQL_MODE='NO_AUTO_VALUE_ON_ZERO' */;
/*!40111 SET @OLD_SQL_NOTES=@@SQL_NOTES, SQL_NOTES=0 */;

--
-- Table structure for table `addresses`
--

DROP TABLE IF EXISTS `addresses`;
/*!40101 SET @saved_cs_client     = @@character_set_client */;
/*!40101 SET character_set_client = utf8 */;
CREATE TABLE `addresses` (
  `id` int(11) NOT NULL AUTO_INCREMENT,
  `customer_id` int(11) NOT NULL,
  `location_id` int(11) NOT NULL,
  `label` varchar(40) DEFAULT 'Home',
  `street` varchar(200) NOT NULL,
  PRIMARY KEY (`id`),
  KEY `customer_id` (`customer_id`),
  KEY `location_id` (`location_id`),
  CONSTRAINT `addresses_ibfk_1` FOREIGN KEY (`customer_id`) REFERENCES `customers` (`id`) ON DELETE CASCADE,
  CONSTRAINT `addresses_ibfk_2` FOREIGN KEY (`location_id`) REFERENCES `locations` (`id`)
) ENGINE=InnoDB AUTO_INCREMENT=751 DEFAULT CHARSET=utf8mb4 COLLATE=utf8mb4_general_ci;
/*!40101 SET character_set_client = @saved_cs_client */;

--
-- Dumping data for table `addresses`
--

LOCK TABLES `addresses` WRITE;
/*!40000 ALTER TABLE `addresses` DISABLE KEYS */;
INSERT INTO `addresses` VALUES (1,174,144,'Other','560 Roxas Blvd'),(2,189,556,'Other','981 Rizal St'),(3,537,35,'Home','968 Rizal St'),(4,7,423,'Home','863 Luna St'),(5,70,725,'Home','10 Luna St'),(6,518,467,'Office','62 Osmena St'),(7,654,683,'Other','935 Roxas Blvd'),(8,676,500,'Home','7 Marcos Highway'),(9,565,422,'Home','18 Marcos Highway'),(10,740,282,'Other','294 Rizal St'),(11,515,715,'Other','441 Mabini St'),(12,110,99,'Other','153 Luna St'),(13,197,635,'Other','259 Aguinaldo St'),(14,274,407,'Home','383 Magsaysay Ave'),(15,471,579,'Home','714 Luna St'),(16,308,701,'Home','670 Rizal St'),(17,96,416,'Office','387 Marcos Highway'),(18,488,58,'Other','10 Mabini St'),(19,85,512,'Office','661 Aguinaldo St'),(20,580,98,'Other','942 Rizal St'),(21,236,217,'Other','909 Osmena St'),(22,487,278,'Home','947 Quezon Ave'),(23,701,288,'Other','578 Rizal St'),(24,184,323,'Home','985 Luna St'),(25,602,148,'Other','841 Magsaysay Ave'),(26,79,307,'Home','578 Luna St'),(27,581,399,'Other','919 Marcos Highway'),(28,340,394,'Other','144 Quezon Ave'),(29,513,355,'Home','101 Magsaysay Ave'),(30,238,78,'Office','620 Osmena St'),(31,610,407,'Office','31 Bonifacio Ave'),(32,462,503,'Home','365 Marcos Highway'),(33,385,443,'Home','697 Osmena St'),(34,677,390,'Home','791 Osmena St'),(35,303,253,'Other','76 Quezon Ave'),(36,275,158,'Office','729 Mabini St'),(37,399,325,'Office','110 Quezon Ave'),(38,6,316,'Office','369 Bonifacio Ave'),(39,105,136,'Home','192 Magsaysay Ave'),(40,460,571,'Other','525 Magsaysay Ave'),(41,106,27,'Home','363 Marcos Highway'),(42,96,612,'Other','804 Aguinaldo St'),(43,395,13,'Office','424 Magsaysay Ave'),(44,87,743,'Other','927 Luna St'),(45,586,534,'Home','702 Magsaysay Ave'),(46,174,143,'Office','309 Bonifacio Ave'),(47,505,150,'Home','172 Magsaysay Ave'),(48,283,432,'Office','496 Quezon Ave'),(49,370,258,'Home','739 Roxas Blvd'),(50,609,632,'Home','469 Quezon Ave'),(51,139,312,'Home','972 Magsaysay Ave'),(52,341,636,'Office','824 Aguinaldo St'),(53,451,343,'Office','836 Osmena St'),(54,140,308,'Office','618 Luna St'),(55,491,322,'Home','988 Magsaysay Ave'),(56,327,299,'Other','712 Roxas Blvd'),(57,590,249,'Office','386 Bonifacio Ave'),(58,403,374,'Home','955 Osmena St'),(59,205,607,'Other','185 Marcos Highway'),(60,28,745,'Office','966 Luna St'),(61,449,299,'Other','71 Magsaysay Ave'),(62,690,512,'Home','649 Bonifacio Ave'),(63,248,259,'Other','158 Magsaysay Ave'),(64,387,76,'Office','613 Roxas Blvd'),(65,597,411,'Other','519 Magsaysay Ave'),(66,557,38,'Office','719 Marcos Highway'),(67,609,654,'Home','112 Luna St'),(68,674,681,'Office','171 Osmena St'),(69,46,577,'Other','694 Magsaysay Ave'),(70,340,441,'Home','11 Quezon Ave'),(71,265,228,'Other','765 Marcos Highway'),(72,572,595,'Other','590 Luna St'),(73,457,384,'Office','475 Osmena St'),(74,708,513,'Home','354 Rizal St'),(75,495,108,'Office','426 Quezon Ave'),(76,119,748,'Home','357 Bonifacio Ave'),(77,352,467,'Home','534 Roxas Blvd'),(78,357,488,'Home','449 Roxas Blvd'),(79,327,69,'Office','46 Quezon Ave'),(80,24,352,'Other','112 Mabini St'),(81,250,529,'Home','566 Mabini St'),(82,339,574,'Office','982 Roxas Blvd'),(83,238,415,'Other','189 Mabini St'),(84,656,674,'Office','406 Rizal St'),(85,629,203,'Office','607 Magsaysay Ave'),(86,399,5,'Other','220 Luna St'),(87,286,721,'Home','592 Quezon Ave'),(88,550,192,'Office','334 Luna St'),(89,469,117,'Office','687 Roxas Blvd'),(90,541,655,'Office','612 Magsaysay Ave'),(91,626,402,'Other','117 Aguinaldo St'),(92,361,469,'Other','177 Bonifacio Ave'),(93,630,605,'Home','689 Mabini St'),(94,321,121,'Home','313 Quezon Ave'),(95,188,383,'Other','145 Marcos Highway'),(96,398,429,'Other','142 Osmena St'),(97,393,434,'Home','499 Marcos Highway'),(98,711,661,'Home','569 Mabini St'),(99,502,296,'Home','192 Aguinaldo St'),(100,462,635,'Home','887 Aguinaldo St'),(101,10,497,'Home','200 Magsaysay Ave'),(102,576,518,'Other','507 Magsaysay Ave'),(103,702,504,'Office','728 Roxas Blvd'),(105,226,300,'Home','282 Luna St'),(106,551,296,'Home','800 Roxas Blvd'),(107,580,508,'Other','524 Quezon Ave'),(108,587,117,'Office','794 Marcos Highway'),(109,376,556,'Home','779 Roxas Blvd'),(110,560,224,'Office','105 Luna St'),(111,305,34,'Office','270 Aguinaldo St'),(112,90,450,'Home','795 Luna St'),(113,215,603,'Other','360 Osmena St'),(114,648,439,'Home','631 Mabini St'),(115,212,212,'Home','584 Aguinaldo St'),(116,546,288,'Other','552 Mabini St'),(117,332,721,'Office','297 Osmena St'),(118,274,527,'Other','835 Quezon Ave'),(119,139,422,'Home','284 Mabini St'),(120,719,136,'Home','150 Aguinaldo St'),(121,254,693,'Office','502 Mabini St'),(122,592,648,'Office','643 Magsaysay Ave'),(123,385,463,'Home','649 Quezon Ave'),(124,413,528,'Other','285 Aguinaldo St'),(125,466,500,'Office','596 Rizal St'),(126,96,749,'Office','651 Aguinaldo St'),(127,65,548,'Office','224 Magsaysay Ave'),(128,217,507,'Office','331 Bonifacio Ave'),(129,346,561,'Other','134 Osmena St'),(130,497,352,'Other','781 Rizal St'),(131,48,102,'Other','803 Roxas Blvd'),(132,17,128,'Home','452 Roxas Blvd'),(133,1,439,'Home','706 Mabini St'),(134,666,310,'Home','896 Bonifacio Ave'),(135,96,671,'Office','257 Quezon Ave'),(136,381,681,'Other','170 Rizal St'),(137,406,641,'Office','744 Luna St'),(138,440,672,'Home','721 Quezon Ave'),(139,2,219,'Office','80 Mabini St'),(140,608,232,'Other','697 Roxas Blvd'),(141,10,9,'Other','352 Quezon Ave'),(142,433,711,'Home','490 Quezon Ave'),(143,235,393,'Home','749 Quezon Ave'),(144,106,321,'Office','903 Bonifacio Ave'),(145,141,392,'Home','657 Mabini St'),(146,71,544,'Other','9 Osmena St'),(147,666,169,'Office','360 Luna St'),(148,644,156,'Office','631 Roxas Blvd'),(149,223,89,'Home','144 Quezon Ave'),(150,604,748,'Office','360 Magsaysay Ave'),(151,323,144,'Home','284 Quezon Ave'),(152,255,567,'Other','615 Osmena St'),(153,292,708,'Home','869 Bonifacio Ave'),(154,211,531,'Other','522 Luna St'),(155,402,303,'Other','56 Luna St'),(156,507,396,'Home','247 Roxas Blvd'),(157,654,609,'Home','541 Rizal St'),(158,370,325,'Home','397 Osmena St'),(159,431,375,'Other','700 Mabini St'),(160,483,75,'Home','602 Quezon Ave'),(161,15,269,'Home','41 Rizal St'),(162,408,519,'Office','644 Marcos Highway'),(163,426,434,'Other','412 Quezon Ave'),(164,656,550,'Other','631 Mabini St'),(165,285,86,'Office','81 Marcos Highway'),(166,209,160,'Other','335 Magsaysay Ave'),(167,601,650,'Other','698 Quezon Ave'),(168,318,716,'Office','748 Luna St'),(169,60,251,'Home','947 Magsaysay Ave'),(170,119,465,'Other','624 Rizal St'),(171,317,683,'Other','674 Mabini St'),(172,123,13,'Other','141 Rizal St'),(173,168,509,'Office','536 Marcos Highway'),(174,739,266,'Home','381 Mabini St'),(175,276,121,'Home','344 Magsaysay Ave'),(176,279,537,'Home','270 Osmena St'),(177,643,79,'Office','467 Marcos Highway'),(178,369,57,'Office','880 Osmena St'),(179,171,377,'Home','262 Quezon Ave'),(180,588,691,'Other','119 Luna St'),(181,522,3,'Home','880 Rizal St'),(182,251,48,'Office','373 Magsaysay Ave'),(183,154,184,'Home','567 Magsaysay Ave'),(184,230,330,'Home','427 Aguinaldo St'),(185,278,80,'Other','382 Quezon Ave'),(186,515,690,'Home','184 Luna St'),(187,529,48,'Office','71 Roxas Blvd'),(188,290,319,'Office','89 Marcos Highway'),(189,468,9,'Office','206 Bonifacio Ave'),(190,578,312,'Other','638 Luna St'),(191,476,378,'Other','996 Roxas Blvd'),(192,201,560,'Home','155 Rizal St'),(193,420,25,'Home','555 Aguinaldo St'),(194,652,711,'Home','974 Aguinaldo St'),(195,2,674,'Office','870 Bonifacio Ave'),(196,107,211,'Other','244 Magsaysay Ave'),(197,504,62,'Home','729 Bonifacio Ave'),(198,96,45,'Home','919 Marcos Highway'),(199,423,718,'Office','470 Quezon Ave'),(200,595,98,'Other','137 Magsaysay Ave'),(201,77,607,'Other','64 Magsaysay Ave'),(202,679,134,'Home','299 Bonifacio Ave'),(203,323,403,'Other','852 Aguinaldo St'),(204,326,464,'Office','240 Quezon Ave'),(205,208,140,'Other','112 Mabini St'),(206,109,169,'Office','478 Aguinaldo St'),(207,417,124,'Other','367 Luna St'),(208,463,316,'Office','272 Quezon Ave'),(209,93,162,'Other','312 Osmena St'),(210,42,221,'Office','152 Quezon Ave'),(211,729,255,'Office','406 Marcos Highway'),(212,51,694,'Office','267 Mabini St'),(213,32,415,'Office','570 Marcos Highway'),(214,256,97,'Office','105 Mabini St'),(215,125,13,'Home','851 Luna St'),(216,134,203,'Office','382 Quezon Ave'),(217,597,601,'Office','940 Quezon Ave'),(218,23,67,'Home','925 Roxas Blvd'),(219,132,95,'Office','126 Rizal St'),(220,473,52,'Home','947 Osmena St'),(221,444,742,'Office','509 Rizal St'),(222,392,700,'Office','177 Aguinaldo St'),(223,220,192,'Office','287 Roxas Blvd'),(224,153,36,'Other','635 Osmena St'),(225,252,663,'Office','511 Magsaysay Ave'),(226,564,491,'Home','90 Bonifacio Ave'),(227,393,141,'Office','205 Marcos Highway'),(228,256,646,'Other','814 Rizal St'),(229,392,731,'Office','492 Marcos Highway'),(230,497,353,'Other','515 Aguinaldo St'),(231,398,277,'Home','27 Aguinaldo St'),(232,612,225,'Home','918 Bonifacio Ave'),(233,60,484,'Other','367 Osmena St'),(234,239,164,'Home','254 Luna St'),(235,273,547,'Other','58 Luna St'),(236,590,398,'Office','958 Mabini St'),(237,181,243,'Other','326 Aguinaldo St'),(238,606,29,'Other','718 Aguinaldo St'),(239,582,578,'Home','577 Luna St'),(240,505,556,'Office','180 Roxas Blvd'),(241,39,93,'Home','239 Osmena St'),(242,225,21,'Other','490 Rizal St'),(243,340,629,'Home','826 Mabini St'),(244,349,735,'Home','941 Aguinaldo St'),(245,61,23,'Home','601 Mabini St'),(246,114,539,'Office','984 Quezon Ave'),(247,383,722,'Other','406 Osmena St'),(248,104,345,'Office','331 Mabini St'),(249,162,750,'Office','811 Roxas Blvd'),(250,665,325,'Home','725 Marcos Highway'),(251,711,629,'Office','229 Osmena St'),(252,180,388,'Office','752 Bonifacio Ave'),(253,131,182,'Other','2 Osmena St'),(254,401,582,'Home','187 Osmena St'),(255,326,627,'Home','655 Osmena St'),(256,107,509,'Home','340 Quezon Ave'),(257,244,356,'Office','172 Quezon Ave'),(258,726,687,'Other','747 Aguinaldo St'),(259,458,12,'Office','215 Luna St'),(260,710,70,'Office','263 Quezon Ave'),(261,738,2,'Home','396 Roxas Blvd'),(262,430,171,'Office','505 Magsaysay Ave'),(263,360,560,'Office','104 Roxas Blvd'),(264,592,667,'Other','231 Mabini St'),(265,463,76,'Home','302 Rizal St'),(266,327,268,'Home','76 Aguinaldo St'),(267,175,385,'Home','750 Quezon Ave'),(268,561,96,'Office','609 Osmena St'),(269,495,722,'Home','442 Mabini St'),(270,622,445,'Home','55 Quezon Ave'),(271,340,211,'Home','420 Marcos Highway'),(272,740,748,'Other','272 Bonifacio Ave'),(273,305,244,'Home','51 Magsaysay Ave'),(274,586,563,'Office','158 Rizal St'),(275,370,4,'Office','90 Bonifacio Ave'),(276,678,641,'Other','492 Luna St'),(277,100,27,'Home','175 Bonifacio Ave'),(278,84,485,'Home','316 Magsaysay Ave'),(279,483,501,'Other','272 Quezon Ave'),(280,658,558,'Office','190 Aguinaldo St'),(281,391,379,'Home','457 Rizal St'),(282,270,451,'Office','270 Luna St'),(283,276,578,'Home','155 Quezon Ave'),(284,88,685,'Office','828 Marcos Highway'),(285,424,604,'Home','567 Rizal St'),(286,397,536,'Office','989 Marcos Highway'),(287,704,487,'Other','903 Luna St'),(288,488,307,'Home','405 Rizal St'),(289,515,585,'Other','820 Osmena St'),(290,694,636,'Home','124 Roxas Blvd'),(291,178,172,'Home','828 Luna St'),(292,130,44,'Office','81 Magsaysay Ave'),(293,207,643,'Home','855 Osmena St'),(294,265,328,'Other','937 Quezon Ave'),(295,90,398,'Other','407 Marcos Highway'),(296,334,283,'Other','470 Rizal St'),(297,718,639,'Other','536 Magsaysay Ave'),(298,116,425,'Home','152 Osmena St'),(299,603,597,'Home','948 Quezon Ave'),(300,577,104,'Office','889 Marcos Highway'),(301,353,421,'Office','393 Roxas Blvd'),(302,586,624,'Office','39 Mabini St'),(303,283,413,'Home','634 Osmena St'),(304,698,711,'Office','40 Magsaysay Ave'),(305,340,708,'Home','51 Roxas Blvd'),(306,276,382,'Home','346 Bonifacio Ave'),(307,319,288,'Office','879 Quezon Ave'),(308,234,138,'Office','998 Roxas Blvd'),(309,329,276,'Other','427 Osmena St'),(310,662,92,'Home','453 Luna St'),(311,417,497,'Other','889 Aguinaldo St'),(312,58,528,'Home','68 Bonifacio Ave'),(313,727,519,'Office','139 Marcos Highway'),(314,583,30,'Home','198 Luna St'),(315,60,256,'Home','468 Rizal St'),(316,370,722,'Home','281 Aguinaldo St'),(317,476,518,'Office','651 Quezon Ave'),(318,698,32,'Home','382 Roxas Blvd'),(319,609,457,'Home','984 Roxas Blvd'),(320,601,565,'Office','353 Mabini St'),(321,265,706,'Home','292 Rizal St'),(322,396,51,'Home','875 Osmena St'),(323,220,227,'Other','231 Luna St'),(324,276,668,'Office','526 Rizal St'),(325,699,10,'Office','934 Mabini St'),(326,663,178,'Other','821 Rizal St'),(327,230,259,'Other','825 Bonifacio Ave'),(328,730,727,'Other','282 Magsaysay Ave'),(329,386,358,'Office','259 Luna St'),(330,478,310,'Other','534 Osmena St'),(331,407,599,'Home','8 Marcos Highway'),(332,679,384,'Other','663 Osmena St'),(333,624,290,'Office','701 Quezon Ave'),(334,494,66,'Office','284 Aguinaldo St'),(335,284,268,'Other','729 Bonifacio Ave'),(336,193,154,'Other','784 Luna St'),(337,59,615,'Office','677 Aguinaldo St'),(338,698,144,'Other','27 Roxas Blvd'),(339,303,266,'Office','415 Magsaysay Ave'),(340,37,598,'Other','586 Luna St'),(341,352,744,'Other','228 Marcos Highway'),(342,654,488,'Other','368 Marcos Highway'),(343,308,175,'Other','898 Marcos Highway'),(344,186,301,'Home','483 Mabini St'),(345,265,743,'Other','782 Mabini St'),(346,697,344,'Other','92 Luna St'),(347,364,229,'Other','893 Bonifacio Ave'),(348,431,340,'Office','267 Osmena St'),(349,302,475,'Home','482 Rizal St'),(350,650,598,'Other','967 Osmena St'),(351,73,484,'Home','513 Quezon Ave'),(352,698,391,'Other','306 Magsaysay Ave'),(353,56,155,'Home','206 Aguinaldo St'),(354,420,584,'Office','147 Aguinaldo St'),(355,733,185,'Home','500 Aguinaldo St'),(356,647,182,'Office','650 Rizal St'),(357,5,463,'Office','215 Mabini St'),(358,591,163,'Office','805 Quezon Ave'),(359,133,630,'Office','649 Magsaysay Ave'),(360,414,440,'Office','393 Rizal St'),(361,39,547,'Home','749 Aguinaldo St'),(362,15,330,'Other','196 Rizal St'),(363,693,5,'Other','752 Luna St'),(364,232,711,'Office','320 Mabini St'),(365,106,393,'Other','603 Bonifacio Ave'),(366,172,67,'Home','306 Bonifacio Ave'),(367,467,746,'Other','611 Marcos Highway'),(368,346,445,'Other','138 Aguinaldo St'),(369,502,368,'Home','169 Magsaysay Ave'),(370,20,234,'Home','745 Mabini St'),(371,217,23,'Other','517 Mabini St'),(372,127,376,'Other','667 Rizal St'),(373,385,656,'Office','790 Marcos Highway'),(374,639,50,'Other','50 Quezon Ave'),(375,670,21,'Home','707 Quezon Ave'),(376,427,455,'Office','127 Marcos Highway'),(377,259,486,'Other','157 Luna St'),(378,712,703,'Other','10 Bonifacio Ave'),(379,431,678,'Home','679 Marcos Highway'),(380,277,638,'Other','718 Mabini St'),(381,429,108,'Other','737 Osmena St'),(382,121,290,'Home','804 Quezon Ave'),(383,510,204,'Other','205 Bonifacio Ave'),(384,536,207,'Office','721 Magsaysay Ave'),(385,303,165,'Home','562 Roxas Blvd'),(386,213,705,'Office','339 Luna St'),(387,3,14,'Other','92 Quezon Ave'),(388,588,686,'Office','153 Quezon Ave'),(389,524,77,'Other','741 Quezon Ave'),(390,263,660,'Home','468 Bonifacio Ave'),(391,271,476,'Home','103 Mabini St'),(392,41,298,'Office','821 Aguinaldo St'),(393,437,119,'Home','872 Rizal St'),(394,10,142,'Other','663 Mabini St'),(395,337,367,'Office','979 Osmena St'),(396,275,96,'Office','835 Aguinaldo St'),(397,188,117,'Office','410 Roxas Blvd'),(398,279,395,'Other','872 Roxas Blvd'),(399,432,665,'Home','116 Mabini St'),(400,713,744,'Home','966 Mabini St'),(401,107,427,'Other','495 Osmena St'),(402,695,449,'Home','626 Magsaysay Ave'),(403,368,627,'Home','884 Mabini St'),(404,495,500,'Home','909 Magsaysay Ave'),(405,452,48,'Home','268 Aguinaldo St'),(406,13,722,'Other','538 Osmena St'),(407,742,579,'Home','979 Aguinaldo St'),(408,532,536,'Other','718 Osmena St'),(409,98,444,'Other','745 Luna St'),(410,494,355,'Other','693 Magsaysay Ave'),(411,153,572,'Other','56 Rizal St'),(412,659,161,'Other','870 Roxas Blvd'),(413,508,170,'Home','770 Roxas Blvd'),(414,329,247,'Office','994 Bonifacio Ave'),(415,52,520,'Home','564 Magsaysay Ave'),(416,413,241,'Home','471 Roxas Blvd'),(417,587,459,'Home','878 Roxas Blvd'),(418,458,324,'Home','510 Rizal St'),(419,106,414,'Office','37 Marcos Highway'),(420,563,1,'Home','811 Osmena St'),(421,634,653,'Office','912 Marcos Highway'),(422,576,212,'Other','688 Roxas Blvd'),(423,350,373,'Home','837 Luna St'),(424,466,340,'Other','786 Osmena St'),(425,615,485,'Other','673 Aguinaldo St'),(426,734,464,'Home','100 Luna St'),(427,3,350,'Office','850 Bonifacio Ave'),(428,561,535,'Office','719 Quezon Ave'),(429,47,169,'Office','144 Magsaysay Ave'),(430,110,261,'Other','201 Luna St'),(431,124,403,'Home','469 Luna St'),(432,734,347,'Home','776 Magsaysay Ave'),(433,48,649,'Other','603 Quezon Ave'),(434,462,469,'Other','604 Marcos Highway'),(435,138,511,'Home','544 Rizal St'),(436,567,444,'Other','495 Marcos Highway'),(437,182,709,'Other','178 Mabini St'),(438,107,397,'Other','615 Osmena St'),(439,330,517,'Office','429 Osmena St'),(440,710,255,'Office','408 Aguinaldo St'),(441,302,464,'Home','142 Magsaysay Ave'),(442,617,717,'Other','525 Bonifacio Ave'),(443,719,561,'Office','729 Marcos Highway'),(444,648,223,'Home','215 Osmena St'),(445,732,298,'Other','354 Mabini St'),(446,728,666,'Home','516 Marcos Highway'),(447,711,653,'Office','728 Quezon Ave'),(448,361,576,'Office','597 Osmena St'),(449,684,728,'Office','691 Marcos Highway'),(450,293,433,'Home','536 Quezon Ave'),(451,26,391,'Home','55 Rizal St'),(452,205,274,'Home','294 Bonifacio Ave'),(453,150,64,'Other','804 Bonifacio Ave'),(454,209,555,'Home','368 Roxas Blvd'),(455,105,631,'Other','758 Marcos Highway'),(456,230,663,'Other','399 Luna St'),(457,524,713,'Office','710 Rizal St'),(458,391,397,'Office','980 Aguinaldo St'),(459,566,56,'Home','762 Bonifacio Ave'),(460,208,636,'Office','850 Luna St'),(461,649,722,'Other','664 Aguinaldo St'),(462,603,560,'Other','618 Luna St'),(463,743,199,'Office','460 Mabini St'),(464,700,77,'Home','986 Mabini St'),(465,527,123,'Office','42 Magsaysay Ave'),(466,286,570,'Office','134 Mabini St'),(467,599,262,'Home','339 Roxas Blvd'),(468,727,159,'Home','158 Aguinaldo St'),(469,612,53,'Other','631 Bonifacio Ave'),(470,503,587,'Other','367 Quezon Ave'),(471,725,326,'Other','226 Mabini St'),(472,534,70,'Other','164 Magsaysay Ave'),(473,557,550,'Office','95 Aguinaldo St'),(474,227,219,'Other','340 Aguinaldo St'),(475,370,301,'Home','974 Osmena St'),(476,544,487,'Other','844 Rizal St'),(477,118,685,'Office','457 Luna St'),(478,658,629,'Other','250 Rizal St'),(479,699,329,'Office','938 Quezon Ave'),(480,396,263,'Other','742 Bonifacio Ave'),(481,26,530,'Office','527 Marcos Highway'),(482,457,499,'Home','304 Luna St'),(483,329,527,'Home','971 Quezon Ave'),(484,172,551,'Other','8 Quezon Ave'),(485,216,687,'Other','793 Luna St'),(486,702,435,'Home','211 Marcos Highway'),(487,720,446,'Other','837 Quezon Ave'),(488,703,158,'Home','471 Aguinaldo St'),(489,39,90,'Home','56 Mabini St'),(490,258,572,'Home','589 Luna St'),(491,265,418,'Office','462 Magsaysay Ave'),(492,444,324,'Home','399 Quezon Ave'),(493,548,7,'Other','738 Osmena St'),(494,65,600,'Home','718 Quezon Ave'),(495,367,515,'Home','297 Bonifacio Ave'),(496,622,89,'Office','784 Roxas Blvd'),(497,391,405,'Other','32 Roxas Blvd'),(498,161,547,'Home','140 Magsaysay Ave'),(499,559,303,'Other','148 Bonifacio Ave'),(500,694,747,'Other','383 Rizal St'),(501,567,569,'Home','127 Rizal St'),(502,6,587,'Other','404 Marcos Highway'),(503,561,88,'Office','216 Aguinaldo St'),(504,217,423,'Other','872 Marcos Highway'),(505,146,165,'Home','227 Osmena St'),(506,259,199,'Home','186 Osmena St'),(507,56,563,'Office','661 Marcos Highway'),(508,75,298,'Other','69 Bonifacio Ave'),(509,101,203,'Other','595 Roxas Blvd'),(510,339,366,'Home','688 Luna St'),(511,103,292,'Other','72 Luna St'),(512,326,498,'Office','337 Osmena St'),(513,676,314,'Other','599 Mabini St'),(514,580,581,'Office','828 Aguinaldo St'),(515,439,173,'Home','321 Luna St'),(516,227,730,'Other','657 Magsaysay Ave'),(517,284,369,'Home','696 Aguinaldo St'),(518,492,474,'Office','368 Bonifacio Ave'),(519,499,565,'Home','180 Osmena St'),(520,84,288,'Home','913 Marcos Highway'),(521,202,270,'Other','908 Quezon Ave'),(522,745,78,'Home','870 Marcos Highway'),(523,647,32,'Other','593 Magsaysay Ave'),(524,605,218,'Home','565 Bonifacio Ave'),(525,557,553,'Office','670 Mabini St'),(526,375,402,'Home','913 Osmena St'),(527,298,138,'Office','514 Marcos Highway'),(528,93,407,'Office','515 Rizal St'),(529,679,245,'Other','701 Mabini St'),(530,527,144,'Office','164 Mabini St'),(531,580,580,'Other','894 Mabini St'),(532,750,496,'Office','42 Luna St'),(533,500,238,'Home','271 Aguinaldo St'),(534,240,44,'Other','212 Marcos Highway'),(535,370,398,'Office','940 Roxas Blvd'),(536,48,41,'Other','332 Quezon Ave'),(537,721,534,'Other','850 Bonifacio Ave'),(538,270,593,'Other','584 Mabini St'),(539,386,670,'Office','375 Osmena St'),(540,670,80,'Other','258 Magsaysay Ave'),(541,229,529,'Office','362 Aguinaldo St'),(542,499,494,'Other','7 Marcos Highway'),(543,143,451,'Home','236 Quezon Ave'),(544,527,659,'Office','217 Mabini St'),(545,192,162,'Office','617 Quezon Ave'),(546,677,236,'Office','831 Aguinaldo St'),(547,738,117,'Office','692 Roxas Blvd'),(548,491,216,'Other','166 Magsaysay Ave'),(549,23,250,'Home','131 Osmena St'),(550,607,165,'Home','645 Marcos Highway'),(551,41,587,'Home','58 Mabini St'),(552,265,185,'Other','982 Magsaysay Ave'),(553,614,578,'Other','20 Bonifacio Ave'),(554,88,222,'Office','622 Roxas Blvd'),(555,494,175,'Home','851 Magsaysay Ave'),(556,616,147,'Other','841 Mabini St'),(557,639,676,'Other','271 Mabini St'),(558,742,703,'Office','945 Roxas Blvd'),(559,611,605,'Home','236 Magsaysay Ave'),(560,395,136,'Home','17 Luna St'),(561,536,517,'Other','430 Mabini St'),(562,621,99,'Home','488 Osmena St'),(563,615,40,'Other','516 Quezon Ave'),(564,96,494,'Other','134 Osmena St'),(565,553,2,'Other','665 Magsaysay Ave'),(566,535,431,'Office','896 Rizal St'),(567,715,543,'Office','235 Roxas Blvd'),(568,391,359,'Other','824 Osmena St'),(569,101,436,'Home','261 Roxas Blvd'),(570,239,86,'Office','613 Marcos Highway'),(571,419,264,'Home','6 Rizal St'),(572,592,536,'Home','533 Rizal St'),(573,385,671,'Home','705 Aguinaldo St'),(574,419,371,'Home','159 Magsaysay Ave'),(575,668,600,'Office','268 Marcos Highway'),(576,434,579,'Office','627 Bonifacio Ave'),(577,697,407,'Home','424 Marcos Highway'),(578,571,495,'Home','380 Marcos Highway'),(579,569,496,'Office','315 Osmena St'),(580,353,723,'Office','754 Mabini St'),(581,676,122,'Other','236 Roxas Blvd'),(582,717,166,'Home','220 Marcos Highway'),(583,411,347,'Other','629 Rizal St'),(584,165,399,'Other','6 Quezon Ave'),(585,149,483,'Other','446 Quezon Ave'),(586,66,270,'Home','380 Quezon Ave'),(587,624,39,'Other','394 Magsaysay Ave'),(588,629,672,'Other','294 Osmena St'),(589,59,180,'Other','507 Roxas Blvd'),(590,11,207,'Other','954 Marcos Highway'),(591,293,200,'Home','803 Osmena St'),(592,523,529,'Other','238 Osmena St'),(593,174,691,'Home','369 Luna St'),(594,671,1,'Home','89 Bonifacio Ave'),(595,410,362,'Other','405 Magsaysay Ave'),(596,601,206,'Other','16 Quezon Ave'),(597,93,563,'Office','744 Marcos Highway'),(598,597,357,'Office','987 Bonifacio Ave'),(599,232,621,'Home','466 Magsaysay Ave'),(600,589,5,'Office','180 Magsaysay Ave'),(601,519,110,'Other','75 Marcos Highway'),(602,302,349,'Home','823 Marcos Highway'),(603,264,551,'Other','257 Roxas Blvd'),(604,387,577,'Office','789 Luna St'),(605,348,470,'Other','472 Osmena St'),(606,29,494,'Home','265 Quezon Ave'),(607,392,649,'Home','694 Luna St'),(608,324,423,'Office','529 Marcos Highway'),(609,10,718,'Office','255 Bonifacio Ave'),(610,96,409,'Other','767 Aguinaldo St'),(611,78,568,'Home','488 Aguinaldo St'),(612,363,224,'Other','276 Mabini St'),(613,700,195,'Office','755 Luna St'),(614,241,248,'Office','212 Luna St'),(615,208,256,'Other','365 Mabini St'),(616,110,123,'Home','693 Roxas Blvd'),(617,629,7,'Other','981 Rizal St'),(618,494,381,'Other','323 Roxas Blvd'),(619,589,282,'Office','188 Marcos Highway'),(620,287,408,'Home','769 Osmena St'),(621,132,56,'Other','819 Magsaysay Ave'),(622,490,554,'Home','515 Aguinaldo St'),(623,404,703,'Home','469 Quezon Ave'),(624,716,531,'Office','324 Rizal St'),(625,13,691,'Home','389 Osmena St'),(626,104,334,'Office','628 Bonifacio Ave'),(627,192,562,'Office','243 Bonifacio Ave'),(628,483,628,'Office','375 Mabini St'),(629,511,435,'Home','430 Aguinaldo St'),(630,374,411,'Office','462 Mabini St'),(631,586,135,'Other','703 Luna St'),(632,103,739,'Office','824 Luna St'),(633,569,443,'Office','201 Mabini St'),(634,154,485,'Home','181 Magsaysay Ave'),(635,512,138,'Other','530 Marcos Highway'),(636,738,324,'Office','308 Bonifacio Ave'),(637,576,582,'Home','408 Quezon Ave'),(638,708,168,'Home','221 Bonifacio Ave'),(639,488,645,'Home','461 Aguinaldo St'),(640,267,370,'Office','574 Marcos Highway'),(641,264,353,'Home','422 Quezon Ave'),(642,360,696,'Other','204 Osmena St'),(643,590,666,'Other','552 Mabini St'),(644,292,364,'Office','690 Marcos Highway'),(645,500,458,'Home','391 Osmena St'),(646,294,475,'Other','980 Mabini St'),(647,172,656,'Office','432 Osmena St'),(648,586,415,'Home','82 Mabini St'),(649,352,234,'Office','325 Bonifacio Ave'),(650,728,274,'Other','661 Magsaysay Ave'),(651,278,456,'Office','766 Osmena St'),(652,534,462,'Office','172 Mabini St'),(653,24,129,'Other','241 Bonifacio Ave'),(654,718,82,'Home','171 Magsaysay Ave'),(655,106,98,'Home','960 Roxas Blvd'),(656,562,56,'Home','790 Magsaysay Ave'),(657,537,86,'Home','269 Osmena St'),(658,160,87,'Other','954 Magsaysay Ave'),(659,317,235,'Home','756 Bonifacio Ave'),(660,454,642,'Home','135 Marcos Highway'),(661,175,30,'Home','680 Aguinaldo St'),(662,334,488,'Office','999 Marcos Highway'),(663,279,562,'Office','139 Marcos Highway'),(664,182,606,'Other','468 Osmena St'),(665,446,537,'Other','655 Marcos Highway'),(666,318,356,'Office','553 Luna St'),(667,92,453,'Office','375 Magsaysay Ave'),(668,267,160,'Office','11 Rizal St'),(669,536,140,'Office','294 Roxas Blvd'),(670,548,9,'Other','945 Roxas Blvd'),(671,489,307,'Home','785 Magsaysay Ave'),(672,300,612,'Home','816 Rizal St'),(673,562,383,'Home','422 Marcos Highway'),(674,448,405,'Home','168 Magsaysay Ave'),(675,388,226,'Office','82 Magsaysay Ave'),(676,641,246,'Other','783 Osmena St'),(677,711,702,'Office','292 Marcos Highway'),(678,276,423,'Home','874 Quezon Ave'),(679,187,140,'Office','114 Roxas Blvd'),(680,633,464,'Office','718 Osmena St'),(681,504,193,'Office','20 Mabini St'),(682,51,548,'Home','191 Quezon Ave'),(683,289,276,'Home','733 Roxas Blvd'),(684,745,9,'Home','93 Mabini St'),(685,16,506,'Home','351 Magsaysay Ave'),(686,320,511,'Office','475 Rizal St'),(687,339,83,'Home','58 Bonifacio Ave'),(688,402,74,'Other','482 Mabini St'),(689,197,257,'Office','849 Rizal St'),(690,125,732,'Home','395 Roxas Blvd'),(691,254,35,'Home','472 Quezon Ave'),(692,534,682,'Home','485 Magsaysay Ave'),(693,698,320,'Office','163 Rizal St'),(694,563,534,'Home','260 Roxas Blvd'),(695,654,306,'Home','370 Rizal St'),(696,683,224,'Home','242 Magsaysay Ave'),(697,333,16,'Home','814 Bonifacio Ave'),(698,599,123,'Office','809 Luna St'),(699,10,44,'Other','803 Roxas Blvd'),(700,705,611,'Home','381 Quezon Ave'),(701,255,162,'Office','94 Osmena St'),(702,347,641,'Home','62 Aguinaldo St'),(703,661,158,'Other','550 Quezon Ave'),(704,129,500,'Home','325 Marcos Highway'),(705,661,356,'Office','751 Luna St'),(706,22,706,'Office','367 Mabini St'),(707,257,41,'Office','724 Roxas Blvd'),(708,573,302,'Other','714 Roxas Blvd'),(709,195,581,'Home','557 Aguinaldo St'),(710,332,750,'Office','282 Osmena St'),(711,568,165,'Home','544 Mabini St'),(712,461,303,'Office','555 Aguinaldo St'),(713,465,1,'Other','519 Magsaysay Ave'),(714,190,20,'Other','878 Aguinaldo St'),(715,636,245,'Office','739 Quezon Ave'),(716,675,552,'Office','195 Marcos Highway'),(717,700,510,'Other','158 Osmena St'),(718,290,331,'Office','657 Aguinaldo St'),(719,114,99,'Other','675 Quezon Ave'),(720,45,133,'Home','895 Rizal St'),(721,207,110,'Office','197 Quezon Ave'),(722,33,585,'Other','857 Magsaysay Ave'),(723,674,502,'Other','639 Osmena St'),(724,263,51,'Office','227 Osmena St'),(725,736,73,'Home','953 Luna St'),(726,672,504,'Home','480 Rizal St'),(727,370,572,'Other','961 Magsaysay Ave'),(728,378,726,'Home','844 Osmena St'),(729,273,542,'Home','752 Quezon Ave'),(730,312,80,'Home','984 Marcos Highway'),(731,100,104,'Other','237 Marcos Highway'),(732,395,195,'Home','539 Luna St'),(733,584,641,'Home','572 Marcos Highway'),(734,426,109,'Other','591 Aguinaldo St'),(735,691,470,'Other','682 Magsaysay Ave'),(736,107,171,'Home','564 Magsaysay Ave'),(737,517,346,'Other','162 Marcos Highway'),(738,615,454,'Office','925 Aguinaldo St'),(739,564,333,'Office','423 Magsaysay Ave'),(740,744,332,'Other','247 Osmena St'),(741,559,220,'Office','785 Marcos Highway'),(742,261,369,'Office','459 Magsaysay Ave'),(743,1,744,'Home','292 Osmena St'),(744,17,531,'Home','912 Bonifacio Ave'),(745,7,308,'Home','220 Aguinaldo St'),(746,23,707,'Office','942 Marcos Highway'),(747,524,570,'Other','949 Osmena St'),(748,159,97,'Home','472 Aguinaldo St'),(749,160,142,'Office','376 Osmena St'),(750,256,239,'Office','831 Bonifacio Ave');
/*!40000 ALTER TABLE `addresses` ENABLE KEYS */;
UNLOCK TABLES;

--
-- Table structure for table `addresses_archive`
--

DROP TABLE IF EXISTS `addresses_archive`;
/*!40101 SET @saved_cs_client     = @@character_set_client */;
/*!40101 SET character_set_client = utf8 */;
CREATE TABLE `addresses_archive` (
  `archive_id` int(11) NOT NULL AUTO_INCREMENT,
  `original_id` int(11) DEFAULT NULL,
  `customer_id` int(11) DEFAULT NULL,
  `location_id` int(11) DEFAULT NULL,
  `label` varchar(40) DEFAULT NULL,
  `street` varchar(200) DEFAULT NULL,
  `archived_at` timestamp NOT NULL DEFAULT current_timestamp(),
  `restore_status` enum('archived','restored') DEFAULT 'archived',
  PRIMARY KEY (`archive_id`)
) ENGINE=InnoDB AUTO_INCREMENT=9 DEFAULT CHARSET=utf8mb4 COLLATE=utf8mb4_general_ci;
/*!40101 SET character_set_client = @saved_cs_client */;

--
-- Dumping data for table `addresses_archive`
--

LOCK TABLES `addresses_archive` WRITE;
/*!40000 ALTER TABLE `addresses_archive` DISABLE KEYS */;
INSERT INTO `addresses_archive` VALUES (1,133,1,439,'Home','706 Mabini St','2026-05-08 07:52:49','restored'),(2,743,1,744,'Home','292 Osmena St','2026-05-08 07:52:49','restored'),(4,133,1,439,'Home','706 Mabini St','2026-05-08 07:55:02','restored'),(5,743,1,744,'Home','292 Osmena St','2026-05-08 07:55:02','restored'),(7,133,1,439,'Home','706 Mabini St','2026-05-08 07:58:15','restored'),(8,743,1,744,'Home','292 Osmena St','2026-05-08 07:58:15','restored');
/*!40000 ALTER TABLE `addresses_archive` ENABLE KEYS */;
UNLOCK TABLES;

--
-- Table structure for table `brands`
--

DROP TABLE IF EXISTS `brands`;
/*!40101 SET @saved_cs_client     = @@character_set_client */;
/*!40101 SET character_set_client = utf8 */;
CREATE TABLE `brands` (
  `id` int(11) NOT NULL AUTO_INCREMENT,
  `name` varchar(100) NOT NULL,
  `country_of_origin` varchar(80) DEFAULT NULL,
  `website` varchar(200) DEFAULT NULL,
  PRIMARY KEY (`id`),
  UNIQUE KEY `name` (`name`)
) ENGINE=InnoDB AUTO_INCREMENT=751 DEFAULT CHARSET=utf8mb4 COLLATE=utf8mb4_general_ci;
/*!40101 SET character_set_client = @saved_cs_client */;

--
-- Dumping data for table `brands`
--

LOCK TABLES `brands` WRITE;
/*!40000 ALTER TABLE `brands` DISABLE KEYS */;
INSERT INTO `brands` VALUES (1,'StepRight','Philippines','https://www.brand1.com'),(2,'TrailBlaze','Taiwan','https://www.brand2.com'),(3,'SoleMate','Indonesia','https://www.brand3.com'),(4,'UrbanKix','Taiwan','https://www.brand4.com'),(5,'TerraWalk','China','https://www.brand5.com'),(6,'AeroStep','South Korea','https://www.brand6.com'),(7,'PacePro','Philippines','https://www.brand7.com'),(8,'SwiftGlide','South Korea','https://www.brand8.com'),(9,'DuraFoot','Vietnam','https://www.brand9.com'),(10,'NorthTrek','Indonesia','https://www.brand10.com'),(11,'EverStride','China','https://www.brand11.com'),(12,'PrimePace','Indonesia','https://www.brand12.com'),(13,'ZenStep','South Korea','https://www.brand13.com'),(14,'BoldKick','South Korea','https://www.brand14.com'),(15,'ApexSole','Taiwan','https://www.brand15.com'),(16,'BoldKick16','Philippines','https://www.brand16.com'),(17,'NorthTrek17','South Korea','https://www.brand17.com'),(18,'TerraWalk18','Philippines','https://www.brand18.com'),(19,'PrimePace19','Taiwan','https://www.brand19.com'),(20,'PacePro20','Philippines','https://www.brand20.com'),(21,'ZenStep21','Philippines','https://www.brand21.com'),(22,'ApexSole22','Vietnam','https://www.brand22.com'),(23,'AeroStep23','Indonesia','https://www.brand23.com'),(24,'PacePro24','Philippines','https://www.brand24.com'),(25,'BoldKick25','China','https://www.brand25.com'),(26,'PrimePace26','South Korea','https://www.brand26.com'),(27,'BoldKick27','Taiwan','https://www.brand27.com'),(28,'ApexSole28','Philippines','https://www.brand28.com'),(29,'EverStride29','South Korea','https://www.brand29.com'),(30,'PacePro30','Philippines','https://www.brand30.com'),(31,'TerraWalk31','Taiwan','https://www.brand31.com'),(32,'StepRight32','Vietnam','https://www.brand32.com'),(33,'DuraFoot33','Taiwan','https://www.brand33.com'),(34,'SoleMate34','Vietnam','https://www.brand34.com'),(35,'DuraFoot35','South Korea','https://www.brand35.com'),(36,'UrbanKix36','China','https://www.brand36.com'),(37,'StepRight37','South Korea','https://www.brand37.com'),(38,'PrimePace38','Indonesia','https://www.brand38.com'),(39,'SwiftGlide39','Taiwan','https://www.brand39.com'),(40,'NorthTrek40','Taiwan','https://www.brand40.com'),(41,'TrailBlaze41','China','https://www.brand41.com'),(42,'PacePro42','Vietnam','https://www.brand42.com'),(43,'ZenStep43','Indonesia','https://www.brand43.com'),(44,'SoleMate44','China','https://www.brand44.com'),(45,'AeroStep45','Philippines','https://www.brand45.com'),(46,'SwiftGlide46','Taiwan','https://www.brand46.com'),(47,'PrimePace47','Philippines','https://www.brand47.com'),(48,'DuraFoot48','Indonesia','https://www.brand48.com'),(49,'TerraWalk49','Philippines','https://www.brand49.com'),(50,'PacePro50','Taiwan','https://www.brand50.com'),(51,'PacePro51','South Korea','https://www.brand51.com'),(52,'SoleMate52','China','https://www.brand52.com'),(53,'SwiftGlide53','Taiwan','https://www.brand53.com'),(54,'UrbanKix54','Indonesia','https://www.brand54.com'),(55,'PacePro55','South Korea','https://www.brand55.com'),(56,'NorthTrek56','China','https://www.brand56.com'),(57,'DuraFoot57','Taiwan','https://www.brand57.com'),(58,'PrimePace58','Taiwan','https://www.brand58.com'),(59,'UrbanKix59','China','https://www.brand59.com'),(60,'TrailBlaze60','Vietnam','https://www.brand60.com'),(61,'ZenStep61','Indonesia','https://www.brand61.com'),(62,'AeroStep62','South Korea','https://www.brand62.com'),(63,'ApexSole63','Taiwan','https://www.brand63.com'),(64,'TrailBlaze64','Philippines','https://www.brand64.com'),(65,'EverStride65','Indonesia','https://www.brand65.com'),(66,'PacePro66','Vietnam','https://www.brand66.com'),(67,'AeroStep67','China','https://www.brand67.com'),(68,'AeroStep68','Vietnam','https://www.brand68.com'),(69,'NorthTrek69','South Korea','https://www.brand69.com'),(70,'StepRight70','Vietnam','https://www.brand70.com'),(71,'SoleMate71','Vietnam','https://www.brand71.com'),(72,'NorthTrek72','Indonesia','https://www.brand72.com'),(73,'NorthTrek73','China','https://www.brand73.com'),(74,'SwiftGlide74','Philippines','https://www.brand74.com'),(75,'ApexSole75','China','https://www.brand75.com'),(76,'UrbanKix76','South Korea','https://www.brand76.com'),(77,'AeroStep77','China','https://www.brand77.com'),(78,'ZenStep78','South Korea','https://www.brand78.com'),(79,'BoldKick79','Philippines','https://www.brand79.com'),(80,'TrailBlaze80','South Korea','https://www.brand80.com'),(81,'StepRight81','China','https://www.brand81.com'),(82,'NorthTrek82','China','https://www.brand82.com'),(83,'BoldKick83','Vietnam','https://www.brand83.com'),(84,'StepRight84','Vietnam','https://www.brand84.com'),(85,'PrimePace85','Philippines','https://www.brand85.com'),(86,'TerraWalk86','Indonesia','https://www.brand86.com'),(87,'SwiftGlide87','Philippines','https://www.brand87.com'),(88,'AeroStep88','China','https://www.brand88.com'),(89,'PrimePace89','Taiwan','https://www.brand89.com'),(90,'UrbanKix90','China','https://www.brand90.com'),(91,'DuraFoot91','Taiwan','https://www.brand91.com'),(92,'ZenStep92','Vietnam','https://www.brand92.com'),(93,'DuraFoot93','Indonesia','https://www.brand93.com'),(94,'NorthTrek94','South Korea','https://www.brand94.com'),(95,'SoleMate95','South Korea','https://www.brand95.com'),(96,'PrimePace96','South Korea','https://www.brand96.com'),(97,'StepRight97','Indonesia','https://www.brand97.com'),(98,'NorthTrek98','South Korea','https://www.brand98.com'),(99,'DuraFoot99','Philippines','https://www.brand99.com'),(100,'TerraWalk100','China','https://www.brand100.com'),(101,'StepRight101','Vietnam','https://www.brand101.com'),(102,'UrbanKix102','South Korea','https://www.brand102.com'),(103,'NorthTrek103','Vietnam','https://www.brand103.com'),(104,'StepRight104','Indonesia','https://www.brand104.com'),(105,'EverStride105','Philippines','https://www.brand105.com'),(106,'TrailBlaze106','Indonesia','https://www.brand106.com'),(107,'EverStride107','Vietnam','https://www.brand107.com'),(108,'EverStride108','South Korea','https://www.brand108.com'),(109,'AeroStep109','Philippines','https://www.brand109.com'),(110,'StepRight110','Vietnam','https://www.brand110.com'),(111,'BoldKick111','South Korea','https://www.brand111.com'),(112,'PacePro112','China','https://www.brand112.com'),(113,'PacePro113','Taiwan','https://www.brand113.com'),(114,'PrimePace114','Philippines','https://www.brand114.com'),(115,'ApexSole115','Vietnam','https://www.brand115.com'),(116,'SwiftGlide116','Taiwan','https://www.brand116.com'),(117,'DuraFoot117','Philippines','https://www.brand117.com'),(118,'SoleMate118','China','https://www.brand118.com'),(119,'DuraFoot119','Indonesia','https://www.brand119.com'),(120,'DuraFoot120','South Korea','https://www.brand120.com'),(121,'StepRight121','Philippines','https://www.brand121.com'),(122,'UrbanKix122','Taiwan','https://www.brand122.com'),(123,'TerraWalk123','Vietnam','https://www.brand123.com'),(124,'SwiftGlide124','Indonesia','https://www.brand124.com'),(125,'PrimePace125','China','https://www.brand125.com'),(126,'StepRight126','Vietnam','https://www.brand126.com'),(127,'EverStride127','Vietnam','https://www.brand127.com'),(128,'AeroStep128','South Korea','https://www.brand128.com'),(129,'TerraWalk129','China','https://www.brand129.com'),(130,'DuraFoot130','Vietnam','https://www.brand130.com'),(131,'ZenStep131','Philippines','https://www.brand131.com'),(132,'EverStride132','Vietnam','https://www.brand132.com'),(133,'ApexSole133','Indonesia','https://www.brand133.com'),(134,'ApexSole134','Philippines','https://www.brand134.com'),(135,'DuraFoot135','Vietnam','https://www.brand135.com'),(136,'UrbanKix136','China','https://www.brand136.com'),(137,'AeroStep137','Indonesia','https://www.brand137.com'),(138,'EverStride138','China','https://www.brand138.com'),(139,'TrailBlaze139','South Korea','https://www.brand139.com'),(140,'PacePro140','Taiwan','https://www.brand140.com'),(141,'EverStride141','Taiwan','https://www.brand141.com'),(142,'BoldKick142','South Korea','https://www.brand142.com'),(143,'EverStride143','China','https://www.brand143.com'),(144,'PacePro144','China','https://www.brand144.com'),(145,'NorthTrek145','China','https://www.brand145.com'),(146,'PacePro146','Vietnam','https://www.brand146.com'),(147,'ApexSole147','Taiwan','https://www.brand147.com'),(148,'AeroStep148','Indonesia','https://www.brand148.com'),(149,'DuraFoot149','China','https://www.brand149.com'),(150,'UrbanKix150','South Korea','https://www.brand150.com'),(151,'SoleMate151','Taiwan','https://www.brand151.com'),(152,'DuraFoot152','South Korea','https://www.brand152.com'),(153,'ZenStep153','China','https://www.brand153.com'),(154,'BoldKick154','China','https://www.brand154.com'),(155,'TerraWalk155','South Korea','https://www.brand155.com'),(156,'PrimePace156','Taiwan','https://www.brand156.com'),(157,'ApexSole157','China','https://www.brand157.com'),(158,'PacePro158','China','https://www.brand158.com'),(159,'EverStride159','Taiwan','https://www.brand159.com'),(160,'ApexSole160','China','https://www.brand160.com'),(161,'AeroStep161','Philippines','https://www.brand161.com'),(162,'DuraFoot162','Taiwan','https://www.brand162.com'),(163,'PrimePace163','Philippines','https://www.brand163.com'),(164,'SoleMate164','Vietnam','https://www.brand164.com'),(165,'BoldKick165','China','https://www.brand165.com'),(166,'PrimePace166','Philippines','https://www.brand166.com'),(167,'ZenStep167','Vietnam','https://www.brand167.com'),(168,'ApexSole168','Indonesia','https://www.brand168.com'),(169,'PacePro169','Vietnam','https://www.brand169.com'),(170,'SwiftGlide170','South Korea','https://www.brand170.com'),(171,'ApexSole171','South Korea','https://www.brand171.com'),(172,'ApexSole172','South Korea','https://www.brand172.com'),(173,'TerraWalk173','China','https://www.brand173.com'),(174,'ZenStep174','China','https://www.brand174.com'),(175,'TrailBlaze175','China','https://www.brand175.com'),(176,'SoleMate176','Philippines','https://www.brand176.com'),(177,'ZenStep177','Taiwan','https://www.brand177.com'),(178,'NorthTrek178','Vietnam','https://www.brand178.com'),(179,'NorthTrek179','Taiwan','https://www.brand179.com'),(180,'NorthTrek180','China','https://www.brand180.com'),(181,'NorthTrek181','China','https://www.brand181.com'),(182,'UrbanKix182','South Korea','https://www.brand182.com'),(183,'StepRight183','Vietnam','https://www.brand183.com'),(184,'TrailBlaze184','South Korea','https://www.brand184.com'),(185,'ZenStep185','Indonesia','https://www.brand185.com'),(186,'SoleMate186','Taiwan','https://www.brand186.com'),(187,'BoldKick187','Taiwan','https://www.brand187.com'),(188,'SwiftGlide188','South Korea','https://www.brand188.com'),(189,'EverStride189','Vietnam','https://www.brand189.com'),(190,'SoleMate190','Indonesia','https://www.brand190.com'),(191,'SwiftGlide191','Indonesia','https://www.brand191.com'),(192,'SoleMate192','China','https://www.brand192.com'),(193,'UrbanKix193','China','https://www.brand193.com'),(194,'StepRight194','Indonesia','https://www.brand194.com'),(195,'ZenStep195','Philippines','https://www.brand195.com'),(196,'ApexSole196','Vietnam','https://www.brand196.com'),(197,'PacePro197','China','https://www.brand197.com'),(198,'PrimePace198','South Korea','https://www.brand198.com'),(199,'UrbanKix199','China','https://www.brand199.com'),(200,'TrailBlaze200','China','https://www.brand200.com'),(201,'ApexSole201','Indonesia','https://www.brand201.com'),(202,'BoldKick202','Taiwan','https://www.brand202.com'),(203,'SwiftGlide203','South Korea','https://www.brand203.com'),(204,'AeroStep204','Indonesia','https://www.brand204.com'),(205,'ApexSole205','China','https://www.brand205.com'),(206,'PacePro206','Indonesia','https://www.brand206.com'),(207,'ZenStep207','Philippines','https://www.brand207.com'),(208,'NorthTrek208','South Korea','https://www.brand208.com'),(209,'BoldKick209','Indonesia','https://www.brand209.com'),(210,'PrimePace210','Vietnam','https://www.brand210.com'),(211,'PacePro211','Taiwan','https://www.brand211.com'),(212,'PrimePace212','Taiwan','https://www.brand212.com'),(213,'NorthTrek213','Taiwan','https://www.brand213.com'),(214,'DuraFoot214','South Korea','https://www.brand214.com'),(215,'ApexSole215','South Korea','https://www.brand215.com'),(216,'ZenStep216','Philippines','https://www.brand216.com'),(217,'DuraFoot217','Philippines','https://www.brand217.com'),(218,'SwiftGlide218','Indonesia','https://www.brand218.com'),(219,'BoldKick219','Philippines','https://www.brand219.com'),(220,'ApexSole220','China','https://www.brand220.com'),(221,'DuraFoot221','Taiwan','https://www.brand221.com'),(222,'PacePro222','South Korea','https://www.brand222.com'),(223,'StepRight223','Taiwan','https://www.brand223.com'),(224,'PacePro224','Taiwan','https://www.brand224.com'),(225,'ZenStep225','South Korea','https://www.brand225.com'),(226,'StepRight226','China','https://www.brand226.com'),(227,'TerraWalk227','Indonesia','https://www.brand227.com'),(228,'PacePro228','Vietnam','https://www.brand228.com'),(229,'ZenStep229','Vietnam','https://www.brand229.com'),(230,'SwiftGlide230','China','https://www.brand230.com'),(231,'PacePro231','Vietnam','https://www.brand231.com'),(232,'NorthTrek232','Philippines','https://www.brand232.com'),(233,'PrimePace233','Taiwan','https://www.brand233.com'),(234,'ApexSole234','China','https://www.brand234.com'),(235,'SwiftGlide235','South Korea','https://www.brand235.com'),(236,'SwiftGlide236','Philippines','https://www.brand236.com'),(237,'PrimePace237','Taiwan','https://www.brand237.com'),(238,'TrailBlaze238','China','https://www.brand238.com'),(239,'ZenStep239','Taiwan','https://www.brand239.com'),(240,'ApexSole240','South Korea','https://www.brand240.com'),(241,'DuraFoot241','China','https://www.brand241.com'),(242,'PacePro242','Indonesia','https://www.brand242.com'),(243,'AeroStep243','Indonesia','https://www.brand243.com'),(244,'StepRight244','China','https://www.brand244.com'),(245,'SwiftGlide245','Taiwan','https://www.brand245.com'),(246,'ApexSole246','South Korea','https://www.brand246.com'),(247,'ApexSole247','China','https://www.brand247.com'),(248,'ApexSole248','Indonesia','https://www.brand248.com'),(249,'TrailBlaze249','Vietnam','https://www.brand249.com'),(250,'AeroStep250','South Korea','https://www.brand250.com'),(251,'EverStride251','South Korea','https://www.brand251.com'),(252,'ZenStep252','China','https://www.brand252.com'),(253,'PrimePace253','South Korea','https://www.brand253.com'),(254,'TrailBlaze254','Philippines','https://www.brand254.com'),(255,'TrailBlaze255','South Korea','https://www.brand255.com'),(256,'SwiftGlide256','South Korea','https://www.brand256.com'),(257,'AeroStep257','Philippines','https://www.brand257.com'),(258,'DuraFoot258','South Korea','https://www.brand258.com'),(259,'PacePro259','South Korea','https://www.brand259.com'),(260,'ZenStep260','Taiwan','https://www.brand260.com'),(261,'NorthTrek261','China','https://www.brand261.com'),(262,'PacePro262','Taiwan','https://www.brand262.com'),(263,'PacePro263','Philippines','https://www.brand263.com'),(264,'ZenStep264','China','https://www.brand264.com'),(265,'ApexSole265','Vietnam','https://www.brand265.com'),(266,'NorthTrek266','South Korea','https://www.brand266.com'),(267,'BoldKick267','China','https://www.brand267.com'),(268,'SoleMate268','China','https://www.brand268.com'),(269,'SoleMate269','South Korea','https://www.brand269.com'),(270,'StepRight270','Indonesia','https://www.brand270.com'),(271,'TerraWalk271','Vietnam','https://www.brand271.com'),(272,'PrimePace272','Indonesia','https://www.brand272.com'),(273,'TerraWalk273','South Korea','https://www.brand273.com'),(274,'SoleMate274','Philippines','https://www.brand274.com'),(275,'ApexSole275','China','https://www.brand275.com'),(276,'UrbanKix276','Philippines','https://www.brand276.com'),(277,'NorthTrek277','Vietnam','https://www.brand277.com'),(278,'StepRight278','Indonesia','https://www.brand278.com'),(279,'SwiftGlide279','Indonesia','https://www.brand279.com'),(280,'DuraFoot280','Philippines','https://www.brand280.com'),(281,'NorthTrek281','Indonesia','https://www.brand281.com'),(282,'UrbanKix282','China','https://www.brand282.com'),(283,'NorthTrek283','South Korea','https://www.brand283.com'),(284,'SwiftGlide284','Indonesia','https://www.brand284.com'),(285,'PacePro285','Indonesia','https://www.brand285.com'),(286,'TrailBlaze286','Taiwan','https://www.brand286.com'),(287,'NorthTrek287','Philippines','https://www.brand287.com'),(288,'UrbanKix288','Taiwan','https://www.brand288.com'),(289,'TerraWalk289','Taiwan','https://www.brand289.com'),(290,'EverStride290','Taiwan','https://www.brand290.com'),(291,'BoldKick291','China','https://www.brand291.com'),(292,'StepRight292','China','https://www.brand292.com'),(293,'SoleMate293','Philippines','https://www.brand293.com'),(294,'EverStride294','Vietnam','https://www.brand294.com'),(295,'StepRight295','China','https://www.brand295.com'),(296,'BoldKick296','Philippines','https://www.brand296.com'),(297,'EverStride297','Taiwan','https://www.brand297.com'),(298,'BoldKick298','Taiwan','https://www.brand298.com'),(299,'TerraWalk299','Vietnam','https://www.brand299.com'),(300,'ApexSole300','Philippines','https://www.brand300.com'),(301,'StepRight301','Philippines','https://www.brand301.com'),(302,'PacePro302','China','https://www.brand302.com'),(303,'SoleMate303','South Korea','https://www.brand303.com'),(304,'TerraWalk304','Taiwan','https://www.brand304.com'),(305,'EverStride305','South Korea','https://www.brand305.com'),(306,'PrimePace306','Taiwan','https://www.brand306.com'),(307,'NorthTrek307','Taiwan','https://www.brand307.com'),(308,'SoleMate308','Indonesia','https://www.brand308.com'),(309,'PrimePace309','Taiwan','https://www.brand309.com'),(310,'AeroStep310','Philippines','https://www.brand310.com'),(311,'TrailBlaze311','Vietnam','https://www.brand311.com'),(312,'AeroStep312','Vietnam','https://www.brand312.com'),(313,'ApexSole313','Indonesia','https://www.brand313.com'),(314,'BoldKick314','Philippines','https://www.brand314.com'),(315,'ZenStep315','Indonesia','https://www.brand315.com'),(316,'BoldKick316','Taiwan','https://www.brand316.com'),(317,'TrailBlaze317','Vietnam','https://www.brand317.com'),(318,'SwiftGlide318','China','https://www.brand318.com'),(319,'TrailBlaze319','South Korea','https://www.brand319.com'),(320,'BoldKick320','Vietnam','https://www.brand320.com'),(321,'AeroStep321','Taiwan','https://www.brand321.com'),(322,'PacePro322','Taiwan','https://www.brand322.com'),(323,'UrbanKix323','South Korea','https://www.brand323.com'),(324,'UrbanKix324','Taiwan','https://www.brand324.com'),(325,'StepRight325','Philippines','https://www.brand325.com'),(326,'NorthTrek326','South Korea','https://www.brand326.com'),(327,'EverStride327','Taiwan','https://www.brand327.com'),(328,'TrailBlaze328','Indonesia','https://www.brand328.com'),(329,'PrimePace329','South Korea','https://www.brand329.com'),(330,'NorthTrek330','South Korea','https://www.brand330.com'),(331,'TerraWalk331','Indonesia','https://www.brand331.com'),(332,'NorthTrek332','Vietnam','https://www.brand332.com'),(333,'TerraWalk333','Taiwan','https://www.brand333.com'),(334,'NorthTrek334','Taiwan','https://www.brand334.com'),(335,'AeroStep335','China','https://www.brand335.com'),(336,'NorthTrek336','Taiwan','https://www.brand336.com'),(337,'SwiftGlide337','Taiwan','https://www.brand337.com'),(338,'PrimePace338','South Korea','https://www.brand338.com'),(339,'SwiftGlide339','Indonesia','https://www.brand339.com'),(340,'ZenStep340','China','https://www.brand340.com'),(341,'ApexSole341','Taiwan','https://www.brand341.com'),(342,'UrbanKix342','South Korea','https://www.brand342.com'),(343,'TerraWalk343','China','https://www.brand343.com'),(344,'StepRight344','Philippines','https://www.brand344.com'),(345,'StepRight345','Indonesia','https://www.brand345.com'),(346,'EverStride346','Philippines','https://www.brand346.com'),(347,'PrimePace347','China','https://www.brand347.com'),(348,'ZenStep348','Taiwan','https://www.brand348.com'),(349,'PacePro349','Indonesia','https://www.brand349.com'),(350,'StepRight350','Vietnam','https://www.brand350.com'),(351,'AeroStep351','Taiwan','https://www.brand351.com'),(352,'ZenStep352','South Korea','https://www.brand352.com'),(353,'UrbanKix353','Philippines','https://www.brand353.com'),(354,'EverStride354','China','https://www.brand354.com'),(355,'PrimePace355','Vietnam','https://www.brand355.com'),(356,'TerraWalk356','Philippines','https://www.brand356.com'),(357,'TerraWalk357','Vietnam','https://www.brand357.com'),(358,'DuraFoot358','Taiwan','https://www.brand358.com'),(359,'AeroStep359','Philippines','https://www.brand359.com'),(360,'TrailBlaze360','South Korea','https://www.brand360.com'),(361,'AeroStep361','Vietnam','https://www.brand361.com'),(362,'PacePro362','South Korea','https://www.brand362.com'),(363,'NorthTrek363','Taiwan','https://www.brand363.com'),(364,'StepRight364','China','https://www.brand364.com'),(365,'UrbanKix365','Vietnam','https://www.brand365.com'),(366,'BoldKick366','Vietnam','https://www.brand366.com'),(367,'ApexSole367','South Korea','https://www.brand367.com'),(368,'SwiftGlide368','Indonesia','https://www.brand368.com'),(369,'ZenStep369','Philippines','https://www.brand369.com'),(370,'EverStride370','China','https://www.brand370.com'),(371,'SwiftGlide371','China','https://www.brand371.com'),(372,'EverStride372','Indonesia','https://www.brand372.com'),(373,'ApexSole373','Taiwan','https://www.brand373.com'),(374,'ApexSole374','Vietnam','https://www.brand374.com'),(375,'SwiftGlide375','Indonesia','https://www.brand375.com'),(376,'ApexSole376','South Korea','https://www.brand376.com'),(377,'StepRight377','Taiwan','https://www.brand377.com'),(378,'TerraWalk378','Taiwan','https://www.brand378.com'),(379,'PrimePace379','South Korea','https://www.brand379.com'),(380,'AeroStep380','Taiwan','https://www.brand380.com'),(381,'DuraFoot381','Philippines','https://www.brand381.com'),(382,'UrbanKix382','Taiwan','https://www.brand382.com'),(383,'EverStride383','Vietnam','https://www.brand383.com'),(384,'ZenStep384','Vietnam','https://www.brand384.com'),(385,'TrailBlaze385','China','https://www.brand385.com'),(386,'TerraWalk386','Philippines','https://www.brand386.com'),(387,'AeroStep387','Indonesia','https://www.brand387.com'),(388,'EverStride388','Taiwan','https://www.brand388.com'),(389,'BoldKick389','China','https://www.brand389.com'),(390,'NorthTrek390','Taiwan','https://www.brand390.com'),(391,'PacePro391','China','https://www.brand391.com'),(392,'NorthTrek392','Philippines','https://www.brand392.com'),(393,'BoldKick393','Vietnam','https://www.brand393.com'),(394,'PrimePace394','Vietnam','https://www.brand394.com'),(395,'PrimePace395','Philippines','https://www.brand395.com'),(396,'TerraWalk396','Indonesia','https://www.brand396.com'),(397,'TrailBlaze397','Indonesia','https://www.brand397.com'),(398,'ApexSole398','China','https://www.brand398.com'),(399,'AeroStep399','Indonesia','https://www.brand399.com'),(400,'BoldKick400','Vietnam','https://www.brand400.com'),(401,'UrbanKix401','Taiwan','https://www.brand401.com'),(402,'TerraWalk402','China','https://www.brand402.com'),(403,'TrailBlaze403','Vietnam','https://www.brand403.com'),(404,'ZenStep404','Philippines','https://www.brand404.com'),(405,'ZenStep405','China','https://www.brand405.com'),(406,'ApexSole406','Philippines','https://www.brand406.com'),(407,'SwiftGlide407','Taiwan','https://www.brand407.com'),(408,'StepRight408','Indonesia','https://www.brand408.com'),(409,'ApexSole409','Taiwan','https://www.brand409.com'),(410,'SoleMate410','China','https://www.brand410.com'),(411,'AeroStep411','Indonesia','https://www.brand411.com'),(412,'PrimePace412','Taiwan','https://www.brand412.com'),(413,'TerraWalk413','Vietnam','https://www.brand413.com'),(414,'SoleMate414','Philippines','https://www.brand414.com'),(415,'BoldKick415','Taiwan','https://www.brand415.com'),(416,'EverStride416','China','https://www.brand416.com'),(417,'UrbanKix417','South Korea','https://www.brand417.com'),(418,'StepRight418','Indonesia','https://www.brand418.com'),(419,'PacePro419','South Korea','https://www.brand419.com'),(420,'BoldKick420','Taiwan','https://www.brand420.com'),(421,'TrailBlaze421','Philippines','https://www.brand421.com'),(422,'TerraWalk422','Philippines','https://www.brand422.com'),(423,'EverStride423','Taiwan','https://www.brand423.com'),(424,'BoldKick424','Philippines','https://www.brand424.com'),(425,'AeroStep425','Indonesia','https://www.brand425.com'),(426,'ApexSole426','Philippines','https://www.brand426.com'),(427,'TrailBlaze427','Taiwan','https://www.brand427.com'),(428,'ZenStep428','South Korea','https://www.brand428.com'),(429,'PrimePace429','Vietnam','https://www.brand429.com'),(430,'StepRight430','Taiwan','https://www.brand430.com'),(431,'ZenStep431','Vietnam','https://www.brand431.com'),(432,'EverStride432','China','https://www.brand432.com'),(433,'AeroStep433','China','https://www.brand433.com'),(434,'UrbanKix434','Vietnam','https://www.brand434.com'),(435,'TerraWalk435','Taiwan','https://www.brand435.com'),(436,'AeroStep436','Indonesia','https://www.brand436.com'),(437,'EverStride437','Philippines','https://www.brand437.com'),(438,'TerraWalk438','China','https://www.brand438.com'),(439,'SoleMate439','Vietnam','https://www.brand439.com'),(440,'TrailBlaze440','Philippines','https://www.brand440.com'),(441,'NorthTrek441','Taiwan','https://www.brand441.com'),(442,'DuraFoot442','Philippines','https://www.brand442.com'),(443,'UrbanKix443','Taiwan','https://www.brand443.com'),(444,'AeroStep444','Taiwan','https://www.brand444.com'),(445,'AeroStep445','Vietnam','https://www.brand445.com'),(446,'SoleMate446','South Korea','https://www.brand446.com'),(447,'ZenStep447','Vietnam','https://www.brand447.com'),(448,'NorthTrek448','China','https://www.brand448.com'),(449,'SoleMate449','Philippines','https://www.brand449.com'),(450,'TerraWalk450','Taiwan','https://www.brand450.com'),(451,'ApexSole451','Vietnam','https://www.brand451.com'),(452,'DuraFoot452','Indonesia','https://www.brand452.com'),(453,'StepRight453','China','https://www.brand453.com'),(454,'StepRight454','Indonesia','https://www.brand454.com'),(455,'ApexSole455','South Korea','https://www.brand455.com'),(456,'StepRight456','Philippines','https://www.brand456.com'),(457,'PacePro457','Philippines','https://www.brand457.com'),(458,'TrailBlaze458','Indonesia','https://www.brand458.com'),(459,'PacePro459','China','https://www.brand459.com'),(460,'PrimePace460','Taiwan','https://www.brand460.com'),(461,'ApexSole461','Taiwan','https://www.brand461.com'),(462,'EverStride462','South Korea','https://www.brand462.com'),(463,'PrimePace463','Indonesia','https://www.brand463.com'),(464,'NorthTrek464','Vietnam','https://www.brand464.com'),(465,'TerraWalk465','Vietnam','https://www.brand465.com'),(466,'BoldKick466','China','https://www.brand466.com'),(467,'PrimePace467','South Korea','https://www.brand467.com'),(468,'ZenStep468','Taiwan','https://www.brand468.com'),(469,'TrailBlaze469','Indonesia','https://www.brand469.com'),(470,'NorthTrek470','China','https://www.brand470.com'),(471,'TrailBlaze471','South Korea','https://www.brand471.com'),(472,'SwiftGlide472','Philippines','https://www.brand472.com'),(473,'SwiftGlide473','Vietnam','https://www.brand473.com'),(474,'EverStride474','South Korea','https://www.brand474.com'),(475,'PrimePace475','Indonesia','https://www.brand475.com'),(476,'SwiftGlide476','China','https://www.brand476.com'),(477,'UrbanKix477','China','https://www.brand477.com'),(478,'BoldKick478','Taiwan','https://www.brand478.com'),(479,'TerraWalk479','Vietnam','https://www.brand479.com'),(480,'PacePro480','China','https://www.brand480.com'),(481,'PrimePace481','South Korea','https://www.brand481.com'),(482,'AeroStep482','Vietnam','https://www.brand482.com'),(483,'SwiftGlide483','Indonesia','https://www.brand483.com'),(484,'StepRight484','Philippines','https://www.brand484.com'),(485,'SwiftGlide485','Philippines','https://www.brand485.com'),(486,'AeroStep486','Indonesia','https://www.brand486.com'),(487,'SwiftGlide487','China','https://www.brand487.com'),(488,'TerraWalk488','Vietnam','https://www.brand488.com'),(489,'NorthTrek489','Taiwan','https://www.brand489.com'),(490,'SoleMate490','Taiwan','https://www.brand490.com'),(491,'TrailBlaze491','Indonesia','https://www.brand491.com'),(492,'BoldKick492','South Korea','https://www.brand492.com'),(493,'ZenStep493','Philippines','https://www.brand493.com'),(494,'AeroStep494','Taiwan','https://www.brand494.com'),(495,'EverStride495','Philippines','https://www.brand495.com'),(496,'ZenStep496','Vietnam','https://www.brand496.com'),(497,'DuraFoot497','Indonesia','https://www.brand497.com'),(498,'PacePro498','Taiwan','https://www.brand498.com'),(499,'PacePro499','China','https://www.brand499.com'),(500,'NorthTrek500','China','https://www.brand500.com'),(501,'DuraFoot501','China','https://www.brand501.com'),(502,'SwiftGlide502','Indonesia','https://www.brand502.com'),(503,'TrailBlaze503','Vietnam','https://www.brand503.com'),(504,'UrbanKix504','South Korea','https://www.brand504.com'),(505,'NorthTrek505','Indonesia','https://www.brand505.com'),(506,'ZenStep506','Indonesia','https://www.brand506.com'),(507,'NorthTrek507','Vietnam','https://www.brand507.com'),(508,'DuraFoot508','South Korea','https://www.brand508.com'),(509,'UrbanKix509','China','https://www.brand509.com'),(510,'EverStride510','South Korea','https://www.brand510.com'),(511,'TrailBlaze511','South Korea','https://www.brand511.com'),(512,'ApexSole512','South Korea','https://www.brand512.com'),(513,'NorthTrek513','Indonesia','https://www.brand513.com'),(514,'TrailBlaze514','Taiwan','https://www.brand514.com'),(515,'NorthTrek515','Indonesia','https://www.brand515.com'),(516,'AeroStep516','Taiwan','https://www.brand516.com'),(517,'TrailBlaze517','Indonesia','https://www.brand517.com'),(518,'SoleMate518','Vietnam','https://www.brand518.com'),(519,'PacePro519','Philippines','https://www.brand519.com'),(520,'NorthTrek520','Philippines','https://www.brand520.com'),(521,'EverStride521','Taiwan','https://www.brand521.com'),(522,'ZenStep522','Indonesia','https://www.brand522.com'),(523,'AeroStep523','Indonesia','https://www.brand523.com'),(524,'EverStride524','South Korea','https://www.brand524.com'),(525,'StepRight525','Philippines','https://www.brand525.com'),(526,'UrbanKix526','China','https://www.brand526.com'),(527,'ApexSole527','Taiwan','https://www.brand527.com'),(528,'ApexSole528','South Korea','https://www.brand528.com'),(529,'ZenStep529','Philippines','https://www.brand529.com'),(530,'ZenStep530','China','https://www.brand530.com'),(531,'EverStride531','China','https://www.brand531.com'),(532,'SwiftGlide532','Taiwan','https://www.brand532.com'),(533,'TerraWalk533','Indonesia','https://www.brand533.com'),(534,'NorthTrek534','Taiwan','https://www.brand534.com'),(535,'SwiftGlide535','China','https://www.brand535.com'),(536,'UrbanKix536','South Korea','https://www.brand536.com'),(537,'ApexSole537','Vietnam','https://www.brand537.com'),(538,'TerraWalk538','Taiwan','https://www.brand538.com'),(539,'ZenStep539','South Korea','https://www.brand539.com'),(540,'TerraWalk540','Indonesia','https://www.brand540.com'),(541,'PrimePace541','Vietnam','https://www.brand541.com'),(542,'TrailBlaze542','Taiwan','https://www.brand542.com'),(543,'StepRight543','Taiwan','https://www.brand543.com'),(544,'DuraFoot544','Indonesia','https://www.brand544.com'),(545,'BoldKick545','China','https://www.brand545.com'),(546,'BoldKick546','Vietnam','https://www.brand546.com'),(547,'StepRight547','Vietnam','https://www.brand547.com'),(548,'ApexSole548','Taiwan','https://www.brand548.com'),(549,'StepRight549','Philippines','https://www.brand549.com'),(550,'PrimePace550','Taiwan','https://www.brand550.com'),(551,'BoldKick551','Vietnam','https://www.brand551.com'),(552,'TrailBlaze552','Vietnam','https://www.brand552.com'),(553,'BoldKick553','Philippines','https://www.brand553.com'),(554,'UrbanKix554','Indonesia','https://www.brand554.com'),(555,'PrimePace555','Taiwan','https://www.brand555.com'),(556,'PacePro556','South Korea','https://www.brand556.com'),(557,'AeroStep557','South Korea','https://www.brand557.com'),(558,'PacePro558','Indonesia','https://www.brand558.com'),(559,'PacePro559','Indonesia','https://www.brand559.com'),(560,'DuraFoot560','China','https://www.brand560.com'),(561,'EverStride561','China','https://www.brand561.com'),(562,'SwiftGlide562','China','https://www.brand562.com'),(563,'UrbanKix563','Taiwan','https://www.brand563.com'),(564,'PacePro564','Vietnam','https://www.brand564.com'),(565,'BoldKick565','Indonesia','https://www.brand565.com'),(566,'SoleMate566','Vietnam','https://www.brand566.com'),(567,'BoldKick567','South Korea','https://www.brand567.com'),(568,'SoleMate568','China','https://www.brand568.com'),(569,'StepRight569','Philippines','https://www.brand569.com'),(570,'EverStride570','Philippines','https://www.brand570.com'),(571,'SoleMate571','South Korea','https://www.brand571.com'),(572,'ApexSole572','Indonesia','https://www.brand572.com'),(573,'EverStride573','Indonesia','https://www.brand573.com'),(574,'SoleMate574','Philippines','https://www.brand574.com'),(575,'SoleMate575','South Korea','https://www.brand575.com'),(576,'ZenStep576','Indonesia','https://www.brand576.com'),(577,'BoldKick577','Indonesia','https://www.brand577.com'),(578,'ApexSole578','South Korea','https://www.brand578.com'),(579,'NorthTrek579','Indonesia','https://www.brand579.com'),(580,'NorthTrek580','China','https://www.brand580.com'),(581,'SwiftGlide581','Taiwan','https://www.brand581.com'),(582,'PacePro582','Taiwan','https://www.brand582.com'),(583,'BoldKick583','Indonesia','https://www.brand583.com'),(584,'PacePro584','Vietnam','https://www.brand584.com'),(585,'UrbanKix585','China','https://www.brand585.com'),(586,'PacePro586','Taiwan','https://www.brand586.com'),(587,'StepRight587','Taiwan','https://www.brand587.com'),(588,'SwiftGlide588','South Korea','https://www.brand588.com'),(589,'UrbanKix589','South Korea','https://www.brand589.com'),(590,'DuraFoot590','Vietnam','https://www.brand590.com'),(591,'PacePro591','Taiwan','https://www.brand591.com'),(592,'NorthTrek592','Vietnam','https://www.brand592.com'),(593,'StepRight593','Philippines','https://www.brand593.com'),(594,'NorthTrek594','Indonesia','https://www.brand594.com'),(595,'PrimePace595','Vietnam','https://www.brand595.com'),(596,'TrailBlaze596','Taiwan','https://www.brand596.com'),(597,'SwiftGlide597','South Korea','https://www.brand597.com'),(598,'TrailBlaze598','China','https://www.brand598.com'),(599,'PrimePace599','South Korea','https://www.brand599.com'),(600,'DuraFoot600','Vietnam','https://www.brand600.com'),(601,'SwiftGlide601','Taiwan','https://www.brand601.com'),(602,'TrailBlaze602','Taiwan','https://www.brand602.com'),(603,'ApexSole603','Taiwan','https://www.brand603.com'),(604,'TrailBlaze604','China','https://www.brand604.com'),(605,'SwiftGlide605','South Korea','https://www.brand605.com'),(606,'PrimePace606','South Korea','https://www.brand606.com'),(607,'EverStride607','Philippines','https://www.brand607.com'),(608,'EverStride608','South Korea','https://www.brand608.com'),(609,'DuraFoot609','Taiwan','https://www.brand609.com'),(610,'TerraWalk610','Taiwan','https://www.brand610.com'),(611,'StepRight611','Vietnam','https://www.brand611.com'),(612,'DuraFoot612','Philippines','https://www.brand612.com'),(613,'SwiftGlide613','Indonesia','https://www.brand613.com'),(614,'DuraFoot614','Indonesia','https://www.brand614.com'),(615,'NorthTrek615','South Korea','https://www.brand615.com'),(616,'AeroStep616','Indonesia','https://www.brand616.com'),(617,'AeroStep617','Vietnam','https://www.brand617.com'),(618,'TerraWalk618','China','https://www.brand618.com'),(619,'StepRight619','South Korea','https://www.brand619.com'),(620,'ApexSole620','Taiwan','https://www.brand620.com'),(621,'PrimePace621','Vietnam','https://www.brand621.com'),(622,'PrimePace622','Taiwan','https://www.brand622.com'),(623,'TerraWalk623','Philippines','https://www.brand623.com'),(624,'EverStride624','Indonesia','https://www.brand624.com'),(625,'NorthTrek625','China','https://www.brand625.com'),(626,'NorthTrek626','Philippines','https://www.brand626.com'),(627,'EverStride627','Vietnam','https://www.brand627.com'),(628,'ZenStep628','South Korea','https://www.brand628.com'),(629,'NorthTrek629','Philippines','https://www.brand629.com'),(630,'TerraWalk630','Indonesia','https://www.brand630.com'),(631,'TrailBlaze631','China','https://www.brand631.com'),(632,'DuraFoot632','Philippines','https://www.brand632.com'),(633,'BoldKick633','Vietnam','https://www.brand633.com'),(634,'TerraWalk634','China','https://www.brand634.com'),(635,'NorthTrek635','Vietnam','https://www.brand635.com'),(636,'TerraWalk636','Vietnam','https://www.brand636.com'),(637,'StepRight637','South Korea','https://www.brand637.com'),(638,'TrailBlaze638','Taiwan','https://www.brand638.com'),(639,'SoleMate639','Taiwan','https://www.brand639.com'),(640,'PrimePace640','China','https://www.brand640.com'),(641,'EverStride641','Indonesia','https://www.brand641.com'),(642,'AeroStep642','China','https://www.brand642.com'),(643,'TerraWalk643','South Korea','https://www.brand643.com'),(644,'UrbanKix644','Indonesia','https://www.brand644.com'),(645,'SoleMate645','Taiwan','https://www.brand645.com'),(646,'BoldKick646','Philippines','https://www.brand646.com'),(647,'AeroStep647','Philippines','https://www.brand647.com'),(648,'SoleMate648','Taiwan','https://www.brand648.com'),(649,'ApexSole649','China','https://www.brand649.com'),(650,'BoldKick650','Indonesia','https://www.brand650.com'),(651,'ZenStep651','Indonesia','https://www.brand651.com'),(652,'ZenStep652','Indonesia','https://www.brand652.com'),(653,'UrbanKix653','South Korea','https://www.brand653.com'),(654,'SwiftGlide654','South Korea','https://www.brand654.com'),(655,'EverStride655','China','https://www.brand655.com'),(656,'UrbanKix656','Taiwan','https://www.brand656.com'),(657,'PrimePace657','Vietnam','https://www.brand657.com'),(658,'StepRight658','South Korea','https://www.brand658.com'),(659,'TerraWalk659','Philippines','https://www.brand659.com'),(660,'StepRight660','China','https://www.brand660.com'),(661,'SwiftGlide661','Indonesia','https://www.brand661.com'),(662,'SwiftGlide662','Vietnam','https://www.brand662.com'),(663,'SwiftGlide663','South Korea','https://www.brand663.com'),(664,'ZenStep664','Taiwan','https://www.brand664.com'),(665,'UrbanKix665','Indonesia','https://www.brand665.com'),(666,'EverStride666','South Korea','https://www.brand666.com'),(667,'PacePro667','Indonesia','https://www.brand667.com'),(668,'TerraWalk668','China','https://www.brand668.com'),(669,'DuraFoot669','Indonesia','https://www.brand669.com'),(670,'StepRight670','Vietnam','https://www.brand670.com'),(671,'ApexSole671','Indonesia','https://www.brand671.com'),(672,'PacePro672','South Korea','https://www.brand672.com'),(673,'AeroStep673','Taiwan','https://www.brand673.com'),(674,'EverStride674','Philippines','https://www.brand674.com'),(675,'TrailBlaze675','Taiwan','https://www.brand675.com'),(676,'EverStride676','Vietnam','https://www.brand676.com'),(677,'BoldKick677','Indonesia','https://www.brand677.com'),(678,'NorthTrek678','South Korea','https://www.brand678.com'),(679,'BoldKick679','Vietnam','https://www.brand679.com'),(680,'AeroStep680','Vietnam','https://www.brand680.com'),(681,'TerraWalk681','Philippines','https://www.brand681.com'),(682,'TerraWalk682','South Korea','https://www.brand682.com'),(683,'NorthTrek683','Indonesia','https://www.brand683.com'),(684,'SwiftGlide684','South Korea','https://www.brand684.com'),(685,'PrimePace685','China','https://www.brand685.com'),(686,'PrimePace686','South Korea','https://www.brand686.com'),(687,'NorthTrek687','China','https://www.brand687.com'),(688,'DuraFoot688','Vietnam','https://www.brand688.com'),(689,'EverStride689','South Korea','https://www.brand689.com'),(690,'SoleMate690','Vietnam','https://www.brand690.com'),(691,'DuraFoot691','Philippines','https://www.brand691.com'),(692,'EverStride692','Philippines','https://www.brand692.com'),(693,'BoldKick693','Philippines','https://www.brand693.com'),(694,'StepRight694','Indonesia','https://www.brand694.com'),(695,'TrailBlaze695','Taiwan','https://www.brand695.com'),(696,'TrailBlaze696','South Korea','https://www.brand696.com'),(697,'SwiftGlide697','Vietnam','https://www.brand697.com'),(698,'UrbanKix698','South Korea','https://www.brand698.com'),(699,'TerraWalk699','Vietnam','https://www.brand699.com'),(700,'UrbanKix700','Philippines','https://www.brand700.com'),(701,'StepRight701','Taiwan','https://www.brand701.com'),(702,'TrailBlaze702','Philippines','https://www.brand702.com'),(703,'NorthTrek703','South Korea','https://www.brand703.com'),(704,'ApexSole704','China','https://www.brand704.com'),(705,'NorthTrek705','South Korea','https://www.brand705.com'),(706,'TrailBlaze706','South Korea','https://www.brand706.com'),(707,'TrailBlaze707','Philippines','https://www.brand707.com'),(708,'BoldKick708','Taiwan','https://www.brand708.com'),(709,'SoleMate709','Indonesia','https://www.brand709.com'),(710,'EverStride710','South Korea','https://www.brand710.com'),(711,'NorthTrek711','China','https://www.brand711.com'),(712,'ApexSole712','Philippines','https://www.brand712.com'),(713,'PrimePace713','China','https://www.brand713.com'),(714,'TerraWalk714','Vietnam','https://www.brand714.com'),(715,'SwiftGlide715','South Korea','https://www.brand715.com'),(716,'ApexSole716','Philippines','https://www.brand716.com'),(717,'EverStride717','Indonesia','https://www.brand717.com'),(718,'ApexSole718','Vietnam','https://www.brand718.com'),(719,'ZenStep719','Indonesia','https://www.brand719.com'),(720,'PrimePace720','South Korea','https://www.brand720.com'),(721,'ZenStep721','Vietnam','https://www.brand721.com'),(722,'TerraWalk722','China','https://www.brand722.com'),(723,'ZenStep723','Philippines','https://www.brand723.com'),(724,'TerraWalk724','Philippines','https://www.brand724.com'),(725,'PacePro725','Indonesia','https://www.brand725.com'),(726,'AeroStep726','Philippines','https://www.brand726.com'),(727,'TerraWalk727','Vietnam','https://www.brand727.com'),(728,'SoleMate728','Indonesia','https://www.brand728.com'),(729,'TrailBlaze729','Indonesia','https://www.brand729.com'),(730,'ApexSole730','China','https://www.brand730.com'),(731,'NorthTrek731','Indonesia','https://www.brand731.com'),(732,'SoleMate732','South Korea','https://www.brand732.com'),(733,'SwiftGlide733','Philippines','https://www.brand733.com'),(734,'SoleMate734','Taiwan','https://www.brand734.com'),(735,'ZenStep735','Indonesia','https://www.brand735.com'),(736,'UrbanKix736','Taiwan','https://www.brand736.com'),(737,'EverStride737','Philippines','https://www.brand737.com'),(738,'ApexSole738','Indonesia','https://www.brand738.com'),(739,'PrimePace739','Vietnam','https://www.brand739.com'),(740,'TrailBlaze740','Philippines','https://www.brand740.com'),(741,'TrailBlaze741','Philippines','https://www.brand741.com'),(742,'NorthTrek742','South Korea','https://www.brand742.com'),(743,'TerraWalk743','Indonesia','https://www.brand743.com'),(744,'StepRight744','Indonesia','https://www.brand744.com'),(745,'SoleMate745','South Korea','https://www.brand745.com'),(746,'EverStride746','Philippines','https://www.brand746.com'),(747,'ApexSole747','Philippines','https://www.brand747.com'),(748,'EverStride748','Indonesia','https://www.brand748.com'),(749,'TerraWalk749','China','https://www.brand749.com'),(750,'PrimePace750','Vietnam','https://www.brand750.com');
/*!40000 ALTER TABLE `brands` ENABLE KEYS */;
UNLOCK TABLES;

--
-- Table structure for table `categories`
--

DROP TABLE IF EXISTS `categories`;
/*!40101 SET @saved_cs_client     = @@character_set_client */;
/*!40101 SET character_set_client = utf8 */;
CREATE TABLE `categories` (
  `id` int(11) NOT NULL AUTO_INCREMENT,
  `parent_id` int(11) DEFAULT NULL,
  `name` varchar(100) NOT NULL,
  `slug` varchar(100) NOT NULL,
  PRIMARY KEY (`id`),
  UNIQUE KEY `slug` (`slug`),
  KEY `parent_id` (`parent_id`),
  CONSTRAINT `categories_ibfk_1` FOREIGN KEY (`parent_id`) REFERENCES `categories` (`id`) ON DELETE SET NULL
) ENGINE=InnoDB AUTO_INCREMENT=751 DEFAULT CHARSET=utf8mb4 COLLATE=utf8mb4_general_ci;
/*!40101 SET character_set_client = @saved_cs_client */;

--
-- Dumping data for table `categories`
--

LOCK TABLES `categories` WRITE;
/*!40000 ALTER TABLE `categories` DISABLE KEYS */;
INSERT INTO `categories` VALUES (1,NULL,'Men\'s Footwear','mens-footwear'),(2,NULL,'Women\'s Footwear','womens-footwear'),(3,NULL,'Kids\' Footwear','kids-footwear'),(4,NULL,'Sports & Athletic','sports-athletic'),(5,NULL,'Formal Wear','formal-wear'),(6,1,'Men\'s Sneakers','mens-sneakers'),(7,1,'Men\'s Sandals','mens-sandals'),(8,1,'Men\'s Boots','mens-boots'),(9,2,'Women\'s Heels','womens-heels'),(10,2,'Women\'s Flats','womens-flats'),(11,2,'Women\'s Sneakers','womens-sneakers'),(12,3,'Boys\' Shoes','boys-shoes'),(13,3,'Girls\' Shoes','girls-shoes'),(14,4,'Running Shoes','running-shoes'),(15,4,'Basketball Shoes','basketball-shoes'),(16,4,'Training Shoes','training-shoes'),(17,5,'Oxford Shoes','oxford-shoes'),(18,5,'Derby Shoes','derby-shoes'),(19,1,'Men\'s Loafers','mens-loafers'),(20,2,'Women\'s Boots','womens-boots'),(21,4,'Bold Runner 21','cat-21'),(22,5,'Trail Stepper 22','cat-22'),(23,4,'Sport Mover 23','cat-23'),(24,1,'Elite Glider 24','cat-24'),(25,1,'Sport Rover 25','cat-25'),(26,4,'Pro Cruiser 26','cat-26'),(27,5,'Core Racer 27','cat-27'),(28,3,'Urban Pacer 28','cat-28'),(29,4,'Classic Drifter 29','cat-29'),(30,1,'Lite Jumper 30','cat-30'),(31,3,'Pro Stepper 31','cat-31'),(32,3,'Urban Glider 32','cat-32'),(33,2,'Elite Runner 33','cat-33'),(34,4,'Urban Glider 34','cat-34'),(35,3,'Trail Mover 35','cat-35'),(36,1,'Urban Rover 36','cat-36'),(37,3,'Active Walker 37','cat-37'),(38,4,'Trail Glider 38','cat-38'),(39,2,'Classic Glider 39','cat-39'),(40,1,'Trail Cruiser 40','cat-40'),(41,2,'Active Mover 41','cat-41'),(42,1,'Swift Jumper 42','cat-42'),(43,3,'Active Jumper 43','cat-43'),(44,4,'Classic Runner 44','cat-44'),(45,3,'Classic Racer 45','cat-45'),(46,1,'Sport Walker 46','cat-46'),(47,2,'Swift Drifter 47','cat-47'),(48,5,'Active Drifter 48','cat-48'),(49,5,'Ultra Rover 49','cat-49'),(50,5,'Flex Walker 50','cat-50'),(51,1,'Trail Strider 51','cat-51'),(52,4,'Urban Runner 52','cat-52'),(53,4,'Core Cruiser 53','cat-53'),(54,1,'Flex Rover 54','cat-54'),(55,2,'Classic Strider 55','cat-55'),(56,1,'Core Pacer 56','cat-56'),(57,1,'Active Cruiser 57','cat-57'),(58,2,'Apex Cruiser 58','cat-58'),(59,1,'Apex Walker 59','cat-59'),(60,1,'Active Cruiser 60','cat-60'),(61,5,'Flex Walker 61','cat-61'),(62,2,'Sport Racer 62','cat-62'),(63,4,'Lite Walker 63','cat-63'),(64,5,'Elite Strider 64','cat-64'),(65,3,'Apex Glider 65','cat-65'),(66,1,'Bold Strider 66','cat-66'),(67,3,'Pro Walker 67','cat-67'),(68,3,'Ultra Mover 68','cat-68'),(69,2,'Trail Racer 69','cat-69'),(70,5,'Ultra Stepper 70','cat-70'),(71,2,'Core Cruiser 71','cat-71'),(72,1,'Ultra Walker 72','cat-72'),(73,5,'Sport Strider 73','cat-73'),(74,1,'Core Stepper 74','cat-74'),(75,1,'Classic Runner 75','cat-75'),(76,2,'Core Walker 76','cat-76'),(77,5,'Core Pacer 77','cat-77'),(78,4,'Trail Stepper 78','cat-78'),(79,2,'Flex Strider 79','cat-79'),(80,3,'Elite Stepper 80','cat-80'),(81,4,'Flex Strider 81','cat-81'),(82,5,'Trail Runner 82','cat-82'),(83,5,'Ultra Rover 83','cat-83'),(84,4,'Bold Walker 84','cat-84'),(85,3,'Lite Mover 85','cat-85'),(86,1,'Elite Glider 86','cat-86'),(87,2,'Pro Jumper 87','cat-87'),(88,1,'Bold Racer 88','cat-88'),(89,5,'Elite Glider 89','cat-89'),(90,4,'Swift Drifter 90','cat-90'),(91,2,'Air Runner 91','cat-91'),(92,2,'Pro Strider 92','cat-92'),(93,4,'Active Strider 93','cat-93'),(94,2,'Urban Runner 94','cat-94'),(95,1,'Urban Racer 95','cat-95'),(96,3,'Flex Mover 96','cat-96'),(97,3,'Lite Cruiser 97','cat-97'),(98,4,'Classic Walker 98','cat-98'),(99,1,'Core Jumper 99','cat-99'),(100,2,'Ultra Runner 100','cat-100'),(101,4,'Elite Walker 101','cat-101'),(102,1,'Core Glider 102','cat-102'),(103,4,'Bold Cruiser 103','cat-103'),(104,3,'Sport Glider 104','cat-104'),(105,3,'Flex Walker 105','cat-105'),(106,3,'Flex Walker 106','cat-106'),(107,2,'Trail Mover 107','cat-107'),(108,2,'Sport Glider 108','cat-108'),(109,1,'Active Cruiser 109','cat-109'),(110,4,'Classic Mover 110','cat-110'),(111,2,'Flex Cruiser 111','cat-111'),(112,4,'Ultra Mover 112','cat-112'),(113,3,'Ultra Stepper 113','cat-113'),(114,2,'Urban Racer 114','cat-114'),(115,3,'Flex Racer 115','cat-115'),(116,2,'Classic Rover 116','cat-116'),(117,5,'Classic Pacer 117','cat-117'),(118,2,'Pro Stepper 118','cat-118'),(119,4,'Sport Strider 119','cat-119'),(120,3,'Flex Pacer 120','cat-120'),(121,5,'Ultra Drifter 121','cat-121'),(122,5,'Core Strider 122','cat-122'),(123,5,'Elite Glider 123','cat-123'),(124,1,'Sport Jumper 124','cat-124'),(125,4,'Apex Glider 125','cat-125'),(126,5,'Active Stepper 126','cat-126'),(127,3,'Classic Rover 127','cat-127'),(128,4,'Trail Glider 128','cat-128'),(129,2,'Lite Mover 129','cat-129'),(130,5,'Flex Cruiser 130','cat-130'),(131,2,'Core Cruiser 131','cat-131'),(132,1,'Sport Runner 132','cat-132'),(133,1,'Active Rover 133','cat-133'),(134,5,'Classic Mover 134','cat-134'),(135,5,'Sport Stepper 135','cat-135'),(136,1,'Active Stepper 136','cat-136'),(137,2,'Pro Jumper 137','cat-137'),(138,1,'Trail Rover 138','cat-138'),(139,4,'Flex Strider 139','cat-139'),(140,3,'Air Glider 140','cat-140'),(141,1,'Classic Stepper 141','cat-141'),(142,3,'Ultra Rover 142','cat-142'),(143,4,'Apex Cruiser 143','cat-143'),(144,5,'Classic Stepper 144','cat-144'),(145,4,'Swift Strider 145','cat-145'),(146,4,'Ultra Racer 146','cat-146'),(147,4,'Trail Drifter 147','cat-147'),(148,1,'Apex Drifter 148','cat-148'),(149,1,'Sport Rover 149','cat-149'),(150,3,'Elite Runner 150','cat-150'),(151,3,'Sport Pacer 151','cat-151'),(152,5,'Elite Cruiser 152','cat-152'),(153,2,'Swift Drifter 153','cat-153'),(154,1,'Bold Racer 154','cat-154'),(155,1,'Elite Drifter 155','cat-155'),(156,3,'Core Runner 156','cat-156'),(157,1,'Sport Racer 157','cat-157'),(158,4,'Bold Runner 158','cat-158'),(159,3,'Lite Strider 159','cat-159'),(160,5,'Trail Walker 160','cat-160'),(161,5,'Trail Glider 161','cat-161'),(162,2,'Lite Glider 162','cat-162'),(163,5,'Pro Drifter 163','cat-163'),(164,4,'Trail Cruiser 164','cat-164'),(165,2,'Swift Rover 165','cat-165'),(166,2,'Lite Racer 166','cat-166'),(167,3,'Elite Drifter 167','cat-167'),(168,4,'Air Runner 168','cat-168'),(169,1,'Lite Racer 169','cat-169'),(170,4,'Active Jumper 170','cat-170'),(171,5,'Apex Walker 171','cat-171'),(172,4,'Trail Jumper 172','cat-172'),(173,5,'Core Pacer 173','cat-173'),(174,4,'Bold Racer 174','cat-174'),(175,1,'Flex Stepper 175','cat-175'),(176,1,'Pro Mover 176','cat-176'),(177,2,'Air Walker 177','cat-177'),(178,1,'Ultra Pacer 178','cat-178'),(179,1,'Trail Strider 179','cat-179'),(180,4,'Ultra Glider 180','cat-180'),(181,5,'Urban Runner 181','cat-181'),(182,3,'Sport Drifter 182','cat-182'),(183,5,'Core Strider 183','cat-183'),(184,4,'Lite Mover 184','cat-184'),(185,4,'Trail Drifter 185','cat-185'),(186,1,'Air Glider 186','cat-186'),(187,1,'Classic Glider 187','cat-187'),(188,5,'Urban Racer 188','cat-188'),(189,4,'Bold Racer 189','cat-189'),(190,3,'Active Cruiser 190','cat-190'),(191,5,'Apex Jumper 191','cat-191'),(192,4,'Active Pacer 192','cat-192'),(193,5,'Ultra Pacer 193','cat-193'),(194,2,'Swift Pacer 194','cat-194'),(195,2,'Active Racer 195','cat-195'),(196,3,'Swift Runner 196','cat-196'),(197,2,'Lite Pacer 197','cat-197'),(198,4,'Ultra Cruiser 198','cat-198'),(199,2,'Trail Jumper 199','cat-199'),(200,3,'Ultra Strider 200','cat-200'),(201,2,'Ultra Glider 201','cat-201'),(202,1,'Classic Racer 202','cat-202'),(203,5,'Ultra Stepper 203','cat-203'),(204,3,'Lite Strider 204','cat-204'),(205,2,'Elite Rover 205','cat-205'),(206,1,'Urban Racer 206','cat-206'),(207,3,'Ultra Racer 207','cat-207'),(208,4,'Elite Strider 208','cat-208'),(209,5,'Air Walker 209','cat-209'),(210,1,'Sport Stepper 210','cat-210'),(211,2,'Active Racer 211','cat-211'),(212,2,'Classic Rover 212','cat-212'),(213,5,'Elite Racer 213','cat-213'),(214,3,'Active Pacer 214','cat-214'),(215,5,'Urban Strider 215','cat-215'),(216,5,'Trail Stepper 216','cat-216'),(217,3,'Trail Walker 217','cat-217'),(218,4,'Core Runner 218','cat-218'),(219,2,'Urban Jumper 219','cat-219'),(220,1,'Air Runner 220','cat-220'),(221,4,'Bold Glider 221','cat-221'),(222,4,'Lite Walker 222','cat-222'),(223,3,'Classic Cruiser 223','cat-223'),(224,2,'Bold Jumper 224','cat-224'),(225,2,'Swift Pacer 225','cat-225'),(226,2,'Classic Walker 226','cat-226'),(227,5,'Apex Stepper 227','cat-227'),(228,1,'Elite Mover 228','cat-228'),(229,2,'Active Racer 229','cat-229'),(230,5,'Bold Jumper 230','cat-230'),(231,1,'Core Drifter 231','cat-231'),(232,3,'Sport Strider 232','cat-232'),(233,4,'Lite Mover 233','cat-233'),(234,3,'Classic Pacer 234','cat-234'),(235,3,'Lite Pacer 235','cat-235'),(236,4,'Apex Jumper 236','cat-236'),(237,1,'Flex Rover 237','cat-237'),(238,4,'Trail Mover 238','cat-238'),(239,4,'Air Strider 239','cat-239'),(240,4,'Trail Mover 240','cat-240'),(241,2,'Apex Cruiser 241','cat-241'),(242,5,'Pro Strider 242','cat-242'),(243,2,'Air Stepper 243','cat-243'),(244,5,'Lite Walker 244','cat-244'),(245,5,'Swift Mover 245','cat-245'),(246,1,'Classic Mover 246','cat-246'),(247,3,'Sport Strider 247','cat-247'),(248,5,'Active Rover 248','cat-248'),(249,5,'Swift Strider 249','cat-249'),(250,2,'Ultra Mover 250','cat-250'),(251,3,'Elite Stepper 251','cat-251'),(252,1,'Apex Pacer 252','cat-252'),(253,5,'Air Stepper 253','cat-253'),(254,5,'Trail Stepper 254','cat-254'),(255,2,'Classic Runner 255','cat-255'),(256,2,'Air Pacer 256','cat-256'),(257,4,'Pro Drifter 257','cat-257'),(258,3,'Sport Strider 258','cat-258'),(259,4,'Core Rover 259','cat-259'),(260,2,'Classic Walker 260','cat-260'),(261,3,'Active Walker 261','cat-261'),(262,5,'Trail Racer 262','cat-262'),(263,5,'Active Cruiser 263','cat-263'),(264,4,'Apex Pacer 264','cat-264'),(265,4,'Trail Walker 265','cat-265'),(266,3,'Elite Rover 266','cat-266'),(267,5,'Classic Pacer 267','cat-267'),(268,2,'Bold Runner 268','cat-268'),(269,2,'Lite Stepper 269','cat-269'),(270,2,'Lite Strider 270','cat-270'),(271,1,'Air Racer 271','cat-271'),(272,4,'Urban Racer 272','cat-272'),(273,1,'Air Pacer 273','cat-273'),(274,5,'Urban Walker 274','cat-274'),(275,5,'Flex Drifter 275','cat-275'),(276,2,'Swift Walker 276','cat-276'),(277,5,'Swift Strider 277','cat-277'),(278,5,'Lite Racer 278','cat-278'),(279,3,'Air Drifter 279','cat-279'),(280,3,'Pro Jumper 280','cat-280'),(281,5,'Lite Strider 281','cat-281'),(282,1,'Ultra Jumper 282','cat-282'),(283,3,'Lite Stepper 283','cat-283'),(284,4,'Lite Strider 284','cat-284'),(285,1,'Flex Strider 285','cat-285'),(286,5,'Flex Glider 286','cat-286'),(287,5,'Bold Rover 287','cat-287'),(288,5,'Apex Jumper 288','cat-288'),(289,5,'Trail Walker 289','cat-289'),(290,4,'Active Walker 290','cat-290'),(291,1,'Apex Strider 291','cat-291'),(292,1,'Active Racer 292','cat-292'),(293,3,'Trail Racer 293','cat-293'),(294,2,'Apex Stepper 294','cat-294'),(295,5,'Elite Racer 295','cat-295'),(296,2,'Trail Pacer 296','cat-296'),(297,1,'Trail Walker 297','cat-297'),(298,2,'Ultra Rover 298','cat-298'),(299,2,'Trail Glider 299','cat-299'),(300,3,'Ultra Glider 300','cat-300'),(301,2,'Pro Mover 301','cat-301'),(302,1,'Pro Runner 302','cat-302'),(303,4,'Swift Mover 303','cat-303'),(304,1,'Flex Walker 304','cat-304'),(305,1,'Swift Drifter 305','cat-305'),(306,5,'Bold Runner 306','cat-306'),(307,4,'Pro Pacer 307','cat-307'),(308,1,'Pro Pacer 308','cat-308'),(309,1,'Swift Walker 309','cat-309'),(310,1,'Core Cruiser 310','cat-310'),(311,2,'Bold Glider 311','cat-311'),(312,2,'Urban Racer 312','cat-312'),(313,1,'Pro Strider 313','cat-313'),(314,3,'Bold Racer 314','cat-314'),(315,3,'Ultra Jumper 315','cat-315'),(316,5,'Flex Jumper 316','cat-316'),(317,5,'Pro Walker 317','cat-317'),(318,5,'Swift Runner 318','cat-318'),(319,5,'Flex Rover 319','cat-319'),(320,2,'Air Strider 320','cat-320'),(321,5,'Classic Rover 321','cat-321'),(322,1,'Core Glider 322','cat-322'),(323,5,'Apex Rover 323','cat-323'),(324,4,'Lite Rover 324','cat-324'),(325,5,'Ultra Stepper 325','cat-325'),(326,1,'Ultra Racer 326','cat-326'),(327,4,'Sport Glider 327','cat-327'),(328,5,'Flex Mover 328','cat-328'),(329,1,'Swift Racer 329','cat-329'),(330,1,'Active Walker 330','cat-330'),(331,5,'Ultra Stepper 331','cat-331'),(332,3,'Trail Pacer 332','cat-332'),(333,5,'Trail Runner 333','cat-333'),(334,1,'Lite Stepper 334','cat-334'),(335,1,'Sport Pacer 335','cat-335'),(336,4,'Bold Rover 336','cat-336'),(337,3,'Urban Stepper 337','cat-337'),(338,2,'Elite Mover 338','cat-338'),(339,3,'Apex Mover 339','cat-339'),(340,2,'Apex Walker 340','cat-340'),(341,4,'Urban Racer 341','cat-341'),(342,2,'Classic Drifter 342','cat-342'),(343,4,'Urban Walker 343','cat-343'),(344,4,'Active Jumper 344','cat-344'),(345,1,'Pro Strider 345','cat-345'),(346,4,'Sport Rover 346','cat-346'),(347,5,'Pro Rover 347','cat-347'),(348,2,'Pro Racer 348','cat-348'),(349,2,'Lite Glider 349','cat-349'),(350,5,'Apex Mover 350','cat-350'),(351,1,'Flex Mover 351','cat-351'),(352,4,'Air Rover 352','cat-352'),(353,5,'Bold Pacer 353','cat-353'),(354,4,'Lite Stepper 354','cat-354'),(355,5,'Sport Stepper 355','cat-355'),(356,5,'Air Strider 356','cat-356'),(357,4,'Pro Walker 357','cat-357'),(358,3,'Active Stepper 358','cat-358'),(359,2,'Urban Strider 359','cat-359'),(360,1,'Pro Rover 360','cat-360'),(361,1,'Apex Walker 361','cat-361'),(362,4,'Urban Runner 362','cat-362'),(363,2,'Sport Cruiser 363','cat-363'),(364,3,'Ultra Pacer 364','cat-364'),(365,5,'Bold Walker 365','cat-365'),(366,1,'Urban Jumper 366','cat-366'),(367,4,'Swift Stepper 367','cat-367'),(368,2,'Air Drifter 368','cat-368'),(369,4,'Active Jumper 369','cat-369'),(370,3,'Elite Racer 370','cat-370'),(371,5,'Elite Runner 371','cat-371'),(372,1,'Sport Walker 372','cat-372'),(373,4,'Active Racer 373','cat-373'),(374,4,'Active Stepper 374','cat-374'),(375,1,'Classic Strider 375','cat-375'),(376,5,'Urban Pacer 376','cat-376'),(377,2,'Active Mover 377','cat-377'),(378,2,'Air Rover 378','cat-378'),(379,4,'Active Walker 379','cat-379'),(380,5,'Urban Stepper 380','cat-380'),(381,5,'Urban Jumper 381','cat-381'),(382,5,'Active Stepper 382','cat-382'),(383,5,'Apex Strider 383','cat-383'),(384,5,'Classic Mover 384','cat-384'),(385,3,'Active Cruiser 385','cat-385'),(386,4,'Bold Drifter 386','cat-386'),(387,3,'Swift Pacer 387','cat-387'),(388,3,'Classic Runner 388','cat-388'),(389,5,'Classic Strider 389','cat-389'),(390,3,'Lite Rover 390','cat-390'),(391,5,'Classic Drifter 391','cat-391'),(392,3,'Sport Walker 392','cat-392'),(393,4,'Lite Racer 393','cat-393'),(394,4,'Lite Runner 394','cat-394'),(395,2,'Flex Glider 395','cat-395'),(396,3,'Bold Walker 396','cat-396'),(397,1,'Apex Pacer 397','cat-397'),(398,1,'Lite Strider 398','cat-398'),(399,1,'Elite Racer 399','cat-399'),(400,1,'Active Drifter 400','cat-400'),(401,4,'Bold Jumper 401','cat-401'),(402,4,'Air Runner 402','cat-402'),(403,4,'Bold Runner 403','cat-403'),(404,3,'Sport Cruiser 404','cat-404'),(405,4,'Lite Cruiser 405','cat-405'),(406,1,'Swift Stepper 406','cat-406'),(407,1,'Trail Drifter 407','cat-407'),(408,2,'Lite Stepper 408','cat-408'),(409,5,'Swift Drifter 409','cat-409'),(410,3,'Ultra Cruiser 410','cat-410'),(411,3,'Lite Mover 411','cat-411'),(412,2,'Active Drifter 412','cat-412'),(413,1,'Apex Jumper 413','cat-413'),(414,2,'Air Pacer 414','cat-414'),(415,1,'Air Cruiser 415','cat-415'),(416,4,'Swift Glider 416','cat-416'),(417,5,'Trail Walker 417','cat-417'),(418,5,'Pro Cruiser 418','cat-418'),(419,3,'Air Walker 419','cat-419'),(420,5,'Swift Jumper 420','cat-420'),(421,4,'Sport Glider 421','cat-421'),(422,3,'Swift Walker 422','cat-422'),(423,3,'Elite Pacer 423','cat-423'),(424,4,'Urban Jumper 424','cat-424'),(425,3,'Flex Mover 425','cat-425'),(426,4,'Air Cruiser 426','cat-426'),(427,5,'Active Drifter 427','cat-427'),(428,5,'Ultra Runner 428','cat-428'),(429,5,'Apex Strider 429','cat-429'),(430,5,'Active Glider 430','cat-430'),(431,4,'Air Drifter 431','cat-431'),(432,5,'Swift Cruiser 432','cat-432'),(433,4,'Core Cruiser 433','cat-433'),(434,1,'Elite Glider 434','cat-434'),(435,3,'Active Strider 435','cat-435'),(436,2,'Ultra Rover 436','cat-436'),(437,3,'Apex Mover 437','cat-437'),(438,4,'Lite Walker 438','cat-438'),(439,2,'Apex Mover 439','cat-439'),(440,3,'Apex Pacer 440','cat-440'),(441,2,'Air Drifter 441','cat-441'),(442,5,'Flex Mover 442','cat-442'),(443,2,'Pro Strider 443','cat-443'),(444,2,'Classic Glider 444','cat-444'),(445,3,'Active Stepper 445','cat-445'),(446,5,'Sport Mover 446','cat-446'),(447,1,'Flex Strider 447','cat-447'),(448,3,'Ultra Runner 448','cat-448'),(449,3,'Swift Pacer 449','cat-449'),(450,5,'Ultra Drifter 450','cat-450'),(451,1,'Trail Stepper 451','cat-451'),(452,1,'Classic Walker 452','cat-452'),(453,3,'Bold Pacer 453','cat-453'),(454,1,'Core Mover 454','cat-454'),(455,3,'Urban Drifter 455','cat-455'),(456,1,'Sport Rover 456','cat-456'),(457,2,'Flex Walker 457','cat-457'),(458,5,'Trail Jumper 458','cat-458'),(459,1,'Elite Drifter 459','cat-459'),(460,5,'Swift Jumper 460','cat-460'),(461,3,'Active Walker 461','cat-461'),(462,2,'Bold Walker 462','cat-462'),(463,3,'Lite Cruiser 463','cat-463'),(464,4,'Swift Rover 464','cat-464'),(465,2,'Core Mover 465','cat-465'),(466,2,'Ultra Walker 466','cat-466'),(467,2,'Flex Pacer 467','cat-467'),(468,4,'Sport Pacer 468','cat-468'),(469,5,'Classic Stepper 469','cat-469'),(470,5,'Lite Rover 470','cat-470'),(471,1,'Lite Jumper 471','cat-471'),(472,4,'Active Drifter 472','cat-472'),(473,2,'Air Strider 473','cat-473'),(474,3,'Active Rover 474','cat-474'),(475,3,'Apex Pacer 475','cat-475'),(476,1,'Urban Cruiser 476','cat-476'),(477,1,'Apex Rover 477','cat-477'),(478,1,'Trail Drifter 478','cat-478'),(479,2,'Air Jumper 479','cat-479'),(480,4,'Air Drifter 480','cat-480'),(481,3,'Core Drifter 481','cat-481'),(482,1,'Elite Glider 482','cat-482'),(483,4,'Sport Runner 483','cat-483'),(484,4,'Core Pacer 484','cat-484'),(485,3,'Pro Glider 485','cat-485'),(486,3,'Flex Strider 486','cat-486'),(487,4,'Urban Racer 487','cat-487'),(488,4,'Swift Runner 488','cat-488'),(489,3,'Apex Walker 489','cat-489'),(490,4,'Active Rover 490','cat-490'),(491,4,'Core Racer 491','cat-491'),(492,4,'Core Walker 492','cat-492'),(493,2,'Trail Pacer 493','cat-493'),(494,5,'Pro Racer 494','cat-494'),(495,4,'Bold Rover 495','cat-495'),(496,5,'Trail Racer 496','cat-496'),(497,4,'Trail Runner 497','cat-497'),(498,1,'Urban Drifter 498','cat-498'),(499,2,'Urban Stepper 499','cat-499'),(500,2,'Classic Mover 500','cat-500'),(501,2,'Urban Pacer 501','cat-501'),(502,3,'Bold Walker 502','cat-502'),(503,1,'Ultra Glider 503','cat-503'),(504,5,'Trail Drifter 504','cat-504'),(505,2,'Apex Cruiser 505','cat-505'),(506,4,'Swift Racer 506','cat-506'),(507,4,'Active Rover 507','cat-507'),(508,2,'Air Strider 508','cat-508'),(509,5,'Apex Racer 509','cat-509'),(510,3,'Flex Walker 510','cat-510'),(511,4,'Lite Strider 511','cat-511'),(512,4,'Core Mover 512','cat-512'),(513,5,'Flex Runner 513','cat-513'),(514,1,'Core Jumper 514','cat-514'),(515,5,'Urban Glider 515','cat-515'),(516,1,'Active Glider 516','cat-516'),(517,3,'Trail Strider 517','cat-517'),(518,1,'Sport Cruiser 518','cat-518'),(519,4,'Bold Pacer 519','cat-519'),(520,2,'Pro Racer 520','cat-520'),(521,2,'Bold Walker 521','cat-521'),(522,1,'Trail Jumper 522','cat-522'),(523,4,'Swift Stepper 523','cat-523'),(524,4,'Pro Glider 524','cat-524'),(525,2,'Flex Pacer 525','cat-525'),(526,3,'Trail Stepper 526','cat-526'),(527,4,'Ultra Mover 527','cat-527'),(528,2,'Bold Glider 528','cat-528'),(529,3,'Trail Drifter 529','cat-529'),(530,2,'Sport Strider 530','cat-530'),(531,4,'Swift Strider 531','cat-531'),(532,1,'Air Pacer 532','cat-532'),(533,2,'Bold Stepper 533','cat-533'),(534,2,'Lite Cruiser 534','cat-534'),(535,4,'Pro Runner 535','cat-535'),(536,4,'Ultra Racer 536','cat-536'),(537,4,'Urban Glider 537','cat-537'),(538,4,'Trail Mover 538','cat-538'),(539,5,'Air Walker 539','cat-539'),(540,1,'Elite Runner 540','cat-540'),(541,1,'Lite Glider 541','cat-541'),(542,4,'Core Racer 542','cat-542'),(543,5,'Urban Cruiser 543','cat-543'),(544,1,'Classic Pacer 544','cat-544'),(545,5,'Bold Mover 545','cat-545'),(546,3,'Sport Drifter 546','cat-546'),(547,3,'Ultra Jumper 547','cat-547'),(548,1,'Bold Strider 548','cat-548'),(549,3,'Ultra Jumper 549','cat-549'),(550,4,'Core Racer 550','cat-550'),(551,4,'Ultra Walker 551','cat-551'),(552,3,'Trail Jumper 552','cat-552'),(553,4,'Ultra Pacer 553','cat-553'),(554,1,'Lite Runner 554','cat-554'),(555,2,'Active Pacer 555','cat-555'),(556,3,'Core Mover 556','cat-556'),(557,3,'Core Pacer 557','cat-557'),(558,5,'Apex Pacer 558','cat-558'),(559,5,'Lite Mover 559','cat-559'),(560,2,'Lite Rover 560','cat-560'),(561,4,'Swift Strider 561','cat-561'),(562,5,'Apex Drifter 562','cat-562'),(563,4,'Classic Glider 563','cat-563'),(564,2,'Classic Glider 564','cat-564'),(565,2,'Classic Stepper 565','cat-565'),(566,3,'Ultra Rover 566','cat-566'),(567,4,'Sport Walker 567','cat-567'),(568,4,'Classic Stepper 568','cat-568'),(569,3,'Trail Jumper 569','cat-569'),(570,4,'Active Stepper 570','cat-570'),(571,1,'Apex Rover 571','cat-571'),(572,2,'Pro Racer 572','cat-572'),(573,1,'Flex Pacer 573','cat-573'),(574,2,'Apex Strider 574','cat-574'),(575,5,'Apex Pacer 575','cat-575'),(576,5,'Core Drifter 576','cat-576'),(577,5,'Flex Cruiser 577','cat-577'),(578,1,'Elite Cruiser 578','cat-578'),(579,2,'Sport Walker 579','cat-579'),(580,2,'Swift Stepper 580','cat-580'),(581,1,'Core Racer 581','cat-581'),(582,1,'Air Drifter 582','cat-582'),(583,1,'Sport Racer 583','cat-583'),(584,5,'Core Walker 584','cat-584'),(585,3,'Ultra Runner 585','cat-585'),(586,1,'Active Rover 586','cat-586'),(587,4,'Active Drifter 587','cat-587'),(588,3,'Bold Drifter 588','cat-588'),(589,1,'Lite Runner 589','cat-589'),(590,5,'Active Racer 590','cat-590'),(591,5,'Ultra Glider 591','cat-591'),(592,1,'Swift Drifter 592','cat-592'),(593,3,'Lite Runner 593','cat-593'),(594,1,'Elite Cruiser 594','cat-594'),(595,4,'Pro Mover 595','cat-595'),(596,3,'Ultra Glider 596','cat-596'),(597,4,'Pro Runner 597','cat-597'),(598,2,'Ultra Mover 598','cat-598'),(599,4,'Air Drifter 599','cat-599'),(600,2,'Pro Pacer 600','cat-600'),(601,4,'Swift Mover 601','cat-601'),(602,3,'Core Drifter 602','cat-602'),(603,5,'Ultra Racer 603','cat-603'),(604,1,'Apex Racer 604','cat-604'),(605,5,'Flex Stepper 605','cat-605'),(606,4,'Core Mover 606','cat-606'),(607,4,'Air Cruiser 607','cat-607'),(608,5,'Sport Walker 608','cat-608'),(609,4,'Swift Racer 609','cat-609'),(610,5,'Ultra Mover 610','cat-610'),(611,4,'Pro Runner 611','cat-611'),(612,5,'Lite Stepper 612','cat-612'),(613,2,'Urban Drifter 613','cat-613'),(614,2,'Core Stepper 614','cat-614'),(615,5,'Urban Drifter 615','cat-615'),(616,5,'Pro Pacer 616','cat-616'),(617,4,'Sport Walker 617','cat-617'),(618,4,'Air Strider 618','cat-618'),(619,2,'Urban Pacer 619','cat-619'),(620,2,'Elite Mover 620','cat-620'),(621,3,'Bold Runner 621','cat-621'),(622,5,'Pro Runner 622','cat-622'),(623,5,'Pro Jumper 623','cat-623'),(624,4,'Sport Walker 624','cat-624'),(625,4,'Urban Rover 625','cat-625'),(626,5,'Apex Pacer 626','cat-626'),(627,3,'Air Cruiser 627','cat-627'),(628,1,'Swift Jumper 628','cat-628'),(629,1,'Pro Rover 629','cat-629'),(630,4,'Ultra Strider 630','cat-630'),(631,4,'Classic Walker 631','cat-631'),(632,4,'Core Rover 632','cat-632'),(633,3,'Lite Cruiser 633','cat-633'),(634,4,'Swift Drifter 634','cat-634'),(635,4,'Bold Pacer 635','cat-635'),(636,3,'Core Strider 636','cat-636'),(637,2,'Ultra Walker 637','cat-637'),(638,5,'Air Drifter 638','cat-638'),(639,1,'Sport Jumper 639','cat-639'),(640,1,'Classic Mover 640','cat-640'),(641,1,'Classic Strider 641','cat-641'),(642,4,'Active Rover 642','cat-642'),(643,4,'Apex Drifter 643','cat-643'),(644,5,'Trail Stepper 644','cat-644'),(645,3,'Bold Cruiser 645','cat-645'),(646,3,'Trail Drifter 646','cat-646'),(647,4,'Swift Pacer 647','cat-647'),(648,1,'Ultra Strider 648','cat-648'),(649,1,'Flex Walker 649','cat-649'),(650,1,'Trail Glider 650','cat-650'),(651,1,'Flex Stepper 651','cat-651'),(652,2,'Urban Glider 652','cat-652'),(653,4,'Apex Drifter 653','cat-653'),(654,5,'Flex Walker 654','cat-654'),(655,3,'Swift Stepper 655','cat-655'),(656,2,'Active Mover 656','cat-656'),(657,1,'Pro Strider 657','cat-657'),(658,2,'Trail Rover 658','cat-658'),(659,4,'Active Stepper 659','cat-659'),(660,1,'Apex Stepper 660','cat-660'),(661,5,'Flex Glider 661','cat-661'),(662,3,'Bold Mover 662','cat-662'),(663,1,'Lite Runner 663','cat-663'),(664,1,'Urban Rover 664','cat-664'),(665,4,'Sport Stepper 665','cat-665'),(666,5,'Bold Rover 666','cat-666'),(667,5,'Air Runner 667','cat-667'),(668,4,'Sport Stepper 668','cat-668'),(669,5,'Bold Rover 669','cat-669'),(670,5,'Core Drifter 670','cat-670'),(671,4,'Flex Rover 671','cat-671'),(672,1,'Elite Runner 672','cat-672'),(673,4,'Bold Racer 673','cat-673'),(674,5,'Pro Pacer 674','cat-674'),(675,4,'Core Stepper 675','cat-675'),(676,1,'Active Cruiser 676','cat-676'),(677,3,'Active Rover 677','cat-677'),(678,4,'Classic Strider 678','cat-678'),(679,3,'Trail Glider 679','cat-679'),(680,4,'Lite Stepper 680','cat-680'),(681,2,'Elite Glider 681','cat-681'),(682,5,'Core Drifter 682','cat-682'),(683,3,'Core Cruiser 683','cat-683'),(684,4,'Ultra Pacer 684','cat-684'),(685,4,'Sport Drifter 685','cat-685'),(686,3,'Swift Stepper 686','cat-686'),(687,2,'Bold Glider 687','cat-687'),(688,3,'Trail Rover 688','cat-688'),(689,1,'Urban Stepper 689','cat-689'),(690,2,'Ultra Glider 690','cat-690'),(691,2,'Bold Stepper 691','cat-691'),(692,1,'Swift Mover 692','cat-692'),(693,4,'Air Glider 693','cat-693'),(694,2,'Elite Runner 694','cat-694'),(695,1,'Lite Pacer 695','cat-695'),(696,3,'Urban Strider 696','cat-696'),(697,2,'Apex Jumper 697','cat-697'),(698,1,'Swift Walker 698','cat-698'),(699,3,'Sport Walker 699','cat-699'),(700,5,'Flex Walker 700','cat-700'),(701,5,'Flex Stepper 701','cat-701'),(702,3,'Lite Racer 702','cat-702'),(703,1,'Swift Jumper 703','cat-703'),(704,3,'Core Strider 704','cat-704'),(705,5,'Bold Drifter 705','cat-705'),(706,1,'Trail Runner 706','cat-706'),(707,4,'Swift Stepper 707','cat-707'),(708,1,'Pro Cruiser 708','cat-708'),(709,5,'Swift Walker 709','cat-709'),(710,5,'Classic Jumper 710','cat-710'),(711,1,'Ultra Drifter 711','cat-711'),(712,1,'Apex Glider 712','cat-712'),(713,3,'Ultra Rover 713','cat-713'),(714,3,'Trail Stepper 714','cat-714'),(715,5,'Active Rover 715','cat-715'),(716,1,'Ultra Drifter 716','cat-716'),(717,3,'Lite Strider 717','cat-717'),(718,1,'Apex Glider 718','cat-718'),(719,4,'Sport Runner 719','cat-719'),(720,2,'Apex Stepper 720','cat-720'),(721,3,'Air Jumper 721','cat-721'),(722,2,'Pro Pacer 722','cat-722'),(723,3,'Trail Mover 723','cat-723'),(724,3,'Urban Drifter 724','cat-724'),(725,2,'Ultra Jumper 725','cat-725'),(726,4,'Swift Glider 726','cat-726'),(727,2,'Swift Mover 727','cat-727'),(728,4,'Core Mover 728','cat-728'),(729,4,'Apex Jumper 729','cat-729'),(730,3,'Classic Stepper 730','cat-730'),(731,2,'Swift Runner 731','cat-731'),(732,5,'Pro Walker 732','cat-732'),(733,3,'Lite Mover 733','cat-733'),(734,2,'Sport Runner 734','cat-734'),(735,4,'Swift Runner 735','cat-735'),(736,2,'Core Cruiser 736','cat-736'),(737,1,'Urban Rover 737','cat-737'),(738,5,'Air Mover 738','cat-738'),(739,4,'Core Drifter 739','cat-739'),(740,5,'Apex Pacer 740','cat-740'),(741,3,'Core Racer 741','cat-741'),(742,1,'Apex Pacer 742','cat-742'),(743,5,'Bold Strider 743','cat-743'),(744,4,'Active Drifter 744','cat-744'),(745,2,'Core Jumper 745','cat-745'),(746,5,'Swift Cruiser 746','cat-746'),(747,4,'Trail Racer 747','cat-747'),(748,4,'Swift Glider 748','cat-748'),(749,3,'Pro Runner 749','cat-749'),(750,5,'Lite Mover 750','cat-750');
/*!40000 ALTER TABLE `categories` ENABLE KEYS */;
UNLOCK TABLES;

--
-- Table structure for table `customers`
--

DROP TABLE IF EXISTS `customers`;
/*!40101 SET @saved_cs_client     = @@character_set_client */;
/*!40101 SET character_set_client = utf8 */;
CREATE TABLE `customers` (
  `id` int(11) NOT NULL AUTO_INCREMENT,
  `first_name` varchar(80) NOT NULL,
  `last_name` varchar(80) NOT NULL,
  `email` varchar(150) NOT NULL,
  `phone` varchar(30) DEFAULT NULL,
  `created_at` timestamp NOT NULL DEFAULT current_timestamp(),
  PRIMARY KEY (`id`),
  UNIQUE KEY `email` (`email`)
) ENGINE=InnoDB AUTO_INCREMENT=751 DEFAULT CHARSET=utf8mb4 COLLATE=utf8mb4_general_ci;
/*!40101 SET character_set_client = @saved_cs_client */;

--
-- Dumping data for table `customers`
--

LOCK TABLES `customers` WRITE;
/*!40000 ALTER TABLE `customers` DISABLE KEYS */;
INSERT INTO `customers` VALUES (1,'Elena','Santos','customer1@email.com','09896233790','2026-05-08 07:57:17'),(2,'Teresita','Torres','customer2@email.com','09249827706','2025-12-24 23:18:30'),(3,'Rex','Cruz','customer3@email.com','09734036506','2025-01-30 23:18:30'),(4,'Jose','Santos','customer4@email.com','09200604502','2025-08-27 23:18:30'),(5,'Andres','Go','customer5@email.com','09746412689','2026-03-11 23:18:30'),(6,'Faith','Aquino','customer6@email.com','09868820204','2024-06-11 23:18:30'),(7,'Rex','Tan','customer7@email.com','09336696312','2025-01-03 23:18:30'),(8,'Maricel','Espiritu','customer8@email.com','09106977991','2025-10-26 23:18:30'),(9,'Gina','Lopez','customer9@email.com','09398362082','2025-10-30 23:18:30'),(10,'Carmen','Macaraeg','customer10@email.com','09461415646','2025-12-24 23:18:30'),(11,'Rosa','Gonzales','customer11@email.com','09203848421','2025-04-05 23:18:30'),(12,'Ernesto','Villanueva','customer12@email.com','09384027113','2026-02-22 23:18:30'),(13,'Rowena','Uy','customer13@email.com','09234031070','2025-03-16 23:18:30'),(14,'Rosa','Uy','customer14@email.com','09414797776','2024-07-03 23:18:30'),(15,'Filipina','Chan','customer15@email.com','09306468299','2026-01-26 23:18:30'),(16,'Jose','Soriano','customer16@email.com','09344703907','2025-06-15 23:18:30'),(17,'Rosa','Aguilar','customer17@email.com','09349957310','2025-12-25 23:18:30'),(18,'Rodel','Flores','customer18@email.com','09586845604','2024-06-26 23:18:30'),(19,'Filipina','Ramos','customer19@email.com','09497478786','2025-04-09 23:18:30'),(20,'Carmen','Soriano','customer20@email.com','09386665249','2024-05-08 23:18:30'),(21,'Pedro','Villanueva','customer21@email.com','09781802744','2025-10-14 23:18:30'),(22,'Rex','Navarro','customer22@email.com','09362863730','2025-10-22 23:18:30'),(23,'Rowena','Gonzales','customer23@email.com','09389854268','2024-06-21 23:18:30'),(24,'Faith','Torres','customer24@email.com','09835098955','2025-05-10 23:18:30'),(25,'Ana','Torres','customer25@email.com','09982403818','2026-03-06 23:18:30'),(26,'Jaime','Gonzales','customer26@email.com','09387484583','2026-01-30 23:18:30'),(27,'Carmen','Chan','customer27@email.com','09870854579','2025-05-20 23:18:30'),(28,'Carmen','Padilla','customer28@email.com','09636045484','2025-02-26 23:18:30'),(29,'Rowena','Dela Cruz','customer29@email.com','09384412919','2025-11-16 23:18:30'),(30,'Teresita','Navarro','customer30@email.com','09702764446','2024-10-03 23:18:30'),(31,'Fernando','Navarro','customer31@email.com','09727694430','2025-01-24 23:18:30'),(32,'Sheryl','Mendoza','customer32@email.com','09335493870','2025-11-17 23:18:30'),(33,'Jomar','Sy','customer33@email.com','09197613238','2026-02-18 23:18:30'),(34,'Elena','Dela Cruz','customer34@email.com','09773715057','2025-10-26 23:18:30'),(35,'Gina','Villanueva','customer35@email.com','09168212356','2025-03-09 23:18:30'),(36,'Rodel','Villanueva','customer36@email.com','09602564736','2024-10-13 23:18:30'),(37,'Fernando','Uy','customer37@email.com','09112327652','2024-05-11 23:18:30'),(38,'Elena','Soriano','customer38@email.com','09676567501','2025-07-08 23:18:30'),(39,'Corazon','Garcia','customer39@email.com','09415143362','2025-01-17 23:18:30'),(40,'Ramon','Lim','customer40@email.com','09103484630','2025-07-12 23:18:30'),(41,'Jomar','Macaraeg','customer41@email.com','09291825997','2024-11-04 23:18:30'),(42,'Miguel','Aguilar','customer42@email.com','09771410971','2025-06-06 23:18:30'),(43,'Jomar','Villanueva','customer43@email.com','09313579170','2025-11-02 23:18:30'),(44,'Filipina','Macaraeg','customer44@email.com','09273461957','2024-10-02 23:18:30'),(45,'Hazel','Santos','customer45@email.com','09743111853','2025-05-11 23:18:30'),(46,'Kristine','Santos','customer46@email.com','09220117054','2025-04-01 23:18:30'),(47,'Leonora','Torres','customer47@email.com','09162196678','2025-08-04 23:18:30'),(48,'Rosa','Cruz','customer48@email.com','09885879795','2024-11-26 23:18:30'),(49,'Pedro','Macaraeg','customer49@email.com','09671988889','2025-11-30 23:18:30'),(50,'Carlos','Soriano','customer50@email.com','09610330567','2024-09-22 23:18:30'),(51,'Ramon','Flores','customer51@email.com','09666585408','2024-07-25 23:18:30'),(52,'Gina','Aquino','customer52@email.com','09679064766','2025-09-14 23:18:30'),(53,'Leonora','Gonzales','customer53@email.com','09821218382','2024-06-11 23:18:30'),(54,'Filipina','Lim','customer54@email.com','09655742829','2024-12-31 23:18:30'),(55,'Elena','Torres','customer55@email.com','09341266931','2026-02-01 23:18:30'),(56,'Corazon','Santos','customer56@email.com','09731691672','2024-09-17 23:18:30'),(57,'Andres','Chan','customer57@email.com','09336456621','2026-03-31 23:18:30'),(58,'Pedro','Castillo','customer58@email.com','09777641645','2026-02-06 23:18:30'),(59,'Andres','Cruz','customer59@email.com','09133729406','2025-05-04 23:18:30'),(60,'Pedro','Go','customer60@email.com','09355555531','2025-06-26 23:18:30'),(61,'Kristine','Aquino','customer61@email.com','09678998028','2025-11-23 23:18:30'),(62,'Mark','Torres','customer62@email.com','09942478695','2024-12-09 23:18:30'),(63,'Arnel','Aquino','customer63@email.com','09201281557','2025-12-29 23:18:30'),(64,'Gina','Mendoza','customer64@email.com','09554814084','2025-02-11 23:18:30'),(65,'Rowena','Aguilar','customer65@email.com','09882839238','2026-02-11 23:18:30'),(66,'Miguel','Reyes','customer66@email.com','09532311310','2025-04-25 23:18:30'),(67,'Miguel','Torres','customer67@email.com','09305718272','2025-09-25 23:18:30'),(68,'Rex','Lim','customer68@email.com','09250519597','2025-01-30 23:18:30'),(69,'Gloria','Flores','customer69@email.com','09596743109','2025-07-26 23:18:30'),(70,'Pedro','Lim','customer70@email.com','09967607278','2024-09-21 23:18:30'),(71,'Miguel','Reyes','customer71@email.com','09800235246','2024-10-01 23:18:30'),(72,'Juan','Cruz','customer72@email.com','09909134796','2025-08-08 23:18:30'),(73,'Ramon','Tan','customer73@email.com','09621453189','2024-12-01 23:18:30'),(74,'Carmen','Aguilar','customer74@email.com','09530613729','2026-02-06 23:18:30'),(75,'Ramon','Gonzales','customer75@email.com','09102314313','2025-03-04 23:18:30'),(76,'Fernando','Espiritu','customer76@email.com','09943026227','2024-12-28 23:18:30'),(77,'Roberto','Tan','customer77@email.com','09847959430','2024-09-15 23:18:30'),(78,'Kristine','Dela Cruz','customer78@email.com','09303901283','2025-06-08 23:18:30'),(79,'Carmen','Reyes','customer79@email.com','09721890096','2024-09-29 23:18:30'),(80,'Ana','Navarro','customer80@email.com','09436730606','2026-02-08 23:18:30'),(81,'Ana','Chan','customer81@email.com','09611947770','2024-11-09 23:18:30'),(82,'Hazel','Ramos','customer82@email.com','09161073976','2024-11-03 23:18:30'),(83,'Rosa','Aguilar','customer83@email.com','09299528037','2026-01-27 23:18:30'),(84,'Pedro','Soriano','customer84@email.com','09352548261','2025-02-18 23:18:30'),(85,'Elena','Chan','customer85@email.com','09364371717','2024-08-23 23:18:30'),(86,'Jose','Villanueva','customer86@email.com','09188029013','2025-02-02 23:18:30'),(87,'Hazel','Lopez','customer87@email.com','09379995032','2025-09-10 23:18:30'),(88,'Jaime','Torres','customer88@email.com','09385201412','2025-02-26 23:18:30'),(89,'Carlos','Soriano','customer89@email.com','09793101194','2025-06-04 23:18:30'),(90,'Rowena','Lopez','customer90@email.com','09907308348','2026-01-23 23:18:30'),(91,'Juan','Lim','customer91@email.com','09766964667','2024-09-08 23:18:30'),(92,'Miguel','Cruz','customer92@email.com','09677280546','2025-09-01 23:18:30'),(93,'Jomar','Flores','customer93@email.com','09242224154','2025-04-15 23:18:30'),(94,'Pedro','Torres','customer94@email.com','09496776692','2025-06-20 23:18:30'),(95,'Ramon','Lim','customer95@email.com','09995226828','2024-09-28 23:18:30'),(96,'Leonora','Villanueva','customer96@email.com','09966616964','2024-06-07 23:18:30'),(97,'Hazel','Santos','customer97@email.com','09817112652','2024-09-17 23:18:30'),(98,'Leonora','Soriano','customer98@email.com','09211225158','2025-11-21 23:18:30'),(99,'Fernando','Garcia','customer99@email.com','09214929002','2024-09-18 23:18:30'),(100,'Luz','Flores','customer100@email.com','09402533494','2024-07-27 23:18:30'),(101,'Carmen','Castillo','customer101@email.com','09468164906','2025-09-11 23:18:30'),(102,'Fernando','Go','customer102@email.com','09624557080','2025-07-24 23:18:30'),(103,'Ana','Apelyido','customer103@email.com','09781057736','2025-01-29 23:18:30'),(104,'Maricel','Reyes','customer104@email.com','09103807155','2025-05-01 23:18:30'),(105,'Carlos','Padilla','customer105@email.com','09381272327','2025-10-24 23:18:30'),(106,'Danilo','Uy','customer106@email.com','09857704655','2025-01-25 23:18:30'),(107,'Faith','Santos','customer107@email.com','09220123666','2026-01-20 23:18:30'),(108,'Luz','Uy','customer108@email.com','09138684919','2025-03-25 23:18:30'),(109,'Faith','Dela Cruz','customer109@email.com','09561479973','2025-11-28 23:18:30'),(110,'Jose','Bautista','customer110@email.com','09491541578','2026-02-26 23:18:30'),(111,'Ernesto','Aquino','customer111@email.com','09832363533','2025-07-26 23:18:30'),(112,'Miguel','Mendoza','customer112@email.com','09937643439','2024-09-11 23:18:30'),(113,'Arnel','Villanueva','customer113@email.com','09904745462','2025-10-31 23:18:30'),(114,'Teresita','Aguilar','customer114@email.com','09274484941','2025-10-08 23:18:30'),(115,'Arnel','Santos','customer115@email.com','09292587044','2025-05-02 23:18:30'),(116,'Arnel','Espiritu','customer116@email.com','09819307302','2025-07-27 23:18:30'),(117,'Maricel','Ramos','customer117@email.com','09945436943','2025-12-18 23:18:30'),(118,'Rodel','Aguilar','customer118@email.com','09141580226','2024-12-12 23:18:30'),(119,'Andres','Aquino','customer119@email.com','09976803188','2024-12-22 23:18:30'),(120,'Ernesto','Bautista','customer120@email.com','09981044229','2025-08-17 23:18:30'),(121,'Andres','Santos','customer121@email.com','09808705238','2025-09-22 23:18:30'),(122,'Sheryl','Lopez','customer122@email.com','09399147754','2026-01-26 23:18:30'),(123,'Maricel','Mendoza','customer123@email.com','09788785773','2024-11-02 23:18:30'),(124,'Sheryl','Soriano','customer124@email.com','09675757257','2025-05-03 23:18:30'),(125,'Maria','Garcia','customer125@email.com','09380477683','2025-10-07 23:18:30'),(126,'Fernando','Reyes','customer126@email.com','09216396351','2024-08-05 23:18:30'),(127,'Gina','Mendoza','customer127@email.com','09882269302','2025-05-21 23:18:30'),(128,'Gina','Villanueva','customer128@email.com','09649136331','2025-12-10 23:18:30'),(129,'Rodel','Chan','customer129@email.com','09304095531','2025-07-21 23:18:30'),(130,'Jose','Castillo','customer130@email.com','09568213197','2026-04-06 23:18:30'),(131,'Hazel','Espiritu','customer131@email.com','09678158427','2024-05-21 23:18:30'),(132,'Eduardo','Mendoza','customer132@email.com','09563102056','2026-01-26 23:18:30'),(133,'Corazon','Villanueva','customer133@email.com','09437064353','2024-05-28 23:18:30'),(134,'Elena','Navarro','customer134@email.com','09422468580','2024-11-04 23:18:30'),(135,'Leonora','Soriano','customer135@email.com','09538508549','2025-05-08 23:18:30'),(136,'Sheryl','Castillo','customer136@email.com','09417457352','2024-09-17 23:18:30'),(137,'Carlos','Aquino','customer137@email.com','09551450815','2024-05-27 23:18:30'),(138,'Rodel','Soriano','customer138@email.com','09903303363','2025-10-11 23:18:30'),(139,'Leonora','Gonzales','customer139@email.com','09688343096','2026-04-07 23:18:30'),(140,'Leonora','Bautista','customer140@email.com','09325681936','2025-01-22 23:18:30'),(141,'Jaime','Lim','customer141@email.com','09574364121','2025-01-10 23:18:30'),(142,'Carmen','Go','customer142@email.com','09608079792','2025-10-16 23:18:30'),(143,'Rosa','Bautista','customer143@email.com','09653462378','2024-05-28 23:18:30'),(144,'Corazon','Cruz','customer144@email.com','09978775497','2025-08-10 23:18:30'),(145,'Leonora','Torres','customer145@email.com','09966040317','2025-09-16 23:18:30'),(146,'Luz','Santos','customer146@email.com','09149621604','2025-07-31 23:18:30'),(147,'Mark','Villanueva','customer147@email.com','09925159146','2026-01-23 23:18:30'),(148,'Rowena','Tan','customer148@email.com','09776205431','2024-08-26 23:18:30'),(149,'Eduardo','Castillo','customer149@email.com','09847704681','2025-03-10 23:18:30'),(150,'Kristine','Gonzales','customer150@email.com','09361976301','2025-11-07 23:18:30'),(151,'Juan','Macaraeg','customer151@email.com','09926830795','2025-12-19 23:18:30'),(152,'Gina','Torres','customer152@email.com','09288856883','2024-10-24 23:18:30'),(153,'Rowena','Reyes','customer153@email.com','09698509918','2025-07-26 23:18:30'),(154,'Elena','Lim','customer154@email.com','09243171768','2024-12-18 23:18:30'),(155,'Hazel','Uy','customer155@email.com','09739362057','2025-05-18 23:18:30'),(156,'Danilo','Villanueva','customer156@email.com','09975106572','2024-11-07 23:18:30'),(157,'Gina','Bernardo','customer157@email.com','09688273030','2025-01-06 23:18:30'),(158,'Ramon','Navarro','customer158@email.com','09609677794','2025-01-02 23:18:30'),(159,'Fernando','Macaraeg','customer159@email.com','09365471644','2024-06-24 23:18:30'),(160,'Maricel','Macaraeg','customer160@email.com','09935021998','2024-10-21 23:18:30'),(161,'Kristine','Padilla','customer161@email.com','09356888294','2025-06-30 23:18:30'),(162,'Danilo','Cruz','customer162@email.com','09866162966','2025-06-19 23:18:30'),(163,'Teresita','Flores','customer163@email.com','09460613550','2025-05-15 23:18:30'),(164,'Rex','Cruz','customer164@email.com','09248578017','2025-11-04 23:18:30'),(165,'Andres','Gonzales','customer165@email.com','09845122940','2025-11-02 23:18:30'),(166,'Carmen','Cruz','customer166@email.com','09545461013','2025-02-14 23:18:30'),(167,'Corazon','Uy','customer167@email.com','09600282414','2025-02-06 23:18:30'),(168,'Ana','Aquino','customer168@email.com','09994310083','2025-02-01 23:18:30'),(169,'Rodel','Macaraeg','customer169@email.com','09727150493','2026-03-18 23:18:30'),(170,'Rodel','Sy','customer170@email.com','09106330865','2025-04-12 23:18:30'),(171,'Leonora','Macaraeg','customer171@email.com','09518744974','2025-02-02 23:18:30'),(172,'Rex','Navarro','customer172@email.com','09888807316','2024-09-25 23:18:30'),(173,'Andres','Sy','customer173@email.com','09335602191','2025-07-02 23:18:30'),(174,'Gina','Sy','customer174@email.com','09131165166','2025-03-05 23:18:30'),(175,'Corazon','Soriano','customer175@email.com','09829223044','2025-02-17 23:18:30'),(176,'Ramon','Bernardo','customer176@email.com','09601856351','2025-11-28 23:18:30'),(177,'Rex','Santos','customer177@email.com','09523076025','2024-08-09 23:18:30'),(178,'Maria','Cruz','customer178@email.com','09790147183','2025-01-24 23:18:30'),(179,'Carlos','Aguilar','customer179@email.com','09595744935','2025-10-03 23:18:30'),(180,'Ana','Flores','customer180@email.com','09507059676','2025-05-07 23:18:30'),(181,'Carmen','Lim','customer181@email.com','09450948014','2025-04-27 23:18:30'),(182,'Rodel','Flores','customer182@email.com','09907464398','2025-01-31 23:18:30'),(183,'Fernando','Bernardo','customer183@email.com','09187946147','2024-12-12 23:18:30'),(184,'Maria','Navarro','customer184@email.com','09679196799','2026-02-13 23:18:30'),(185,'Ernesto','Torres','customer185@email.com','09798086909','2026-01-27 23:18:30'),(186,'Jose','Macaraeg','customer186@email.com','09133318206','2025-07-28 23:18:30'),(187,'Eduardo','Bernardo','customer187@email.com','09121882877','2024-07-10 23:18:30'),(188,'Luz','Torres','customer188@email.com','09235528741','2024-12-09 23:18:30'),(189,'Elena','Chan','customer189@email.com','09334037646','2024-12-17 23:18:30'),(190,'Fernando','Macaraeg','customer190@email.com','09496098177','2025-10-18 23:18:30'),(191,'Elena','Macaraeg','customer191@email.com','09979717936','2025-10-22 23:18:30'),(192,'Leonora','Garcia','customer192@email.com','09721358005','2026-03-12 23:18:30'),(193,'Leonora','Chan','customer193@email.com','09827296111','2025-03-19 23:18:30'),(194,'Sheryl','Castillo','customer194@email.com','09312954978','2026-01-20 23:18:30'),(195,'Teresita','Garcia','customer195@email.com','09848605284','2025-06-03 23:18:30'),(196,'Elena','Espiritu','customer196@email.com','09707665448','2026-02-24 23:18:30'),(197,'Ernesto','Uy','customer197@email.com','09559967386','2024-05-30 23:18:30'),(198,'Filipina','Cruz','customer198@email.com','09643271261','2024-06-13 23:18:30'),(199,'Corazon','Santos','customer199@email.com','09551034639','2024-11-22 23:18:30'),(200,'Miguel','Tan','customer200@email.com','09488896443','2024-06-26 23:18:30'),(201,'Rowena','Castillo','customer201@email.com','09264272995','2025-01-17 23:18:30'),(202,'Gloria','Navarro','customer202@email.com','09660221300','2024-06-10 23:18:30'),(203,'Maricel','Villanueva','customer203@email.com','09967797300','2024-10-03 23:18:30'),(204,'Mark','Lim','customer204@email.com','09567694547','2024-08-09 23:18:30'),(205,'Maricel','Lopez','customer205@email.com','09363598427','2026-01-09 23:18:30'),(206,'Maricel','Lim','customer206@email.com','09361846370','2024-12-18 23:18:30'),(207,'Rodel','Lopez','customer207@email.com','09130816384','2024-11-17 23:18:30'),(208,'Jaime','Ramos','customer208@email.com','09623502759','2025-09-02 23:18:30'),(209,'Ernesto','Espiritu','customer209@email.com','09377403790','2025-04-24 23:18:30'),(210,'Maricel','Villanueva','customer210@email.com','09852890318','2025-06-29 23:18:30'),(211,'Faith','Santos','customer211@email.com','09654724287','2025-09-24 23:18:30'),(212,'Rosa','Torres','customer212@email.com','09873174285','2025-02-15 23:18:30'),(213,'Kristine','Uy','customer213@email.com','09914073098','2025-08-04 23:18:30'),(214,'Mark','Padilla','customer214@email.com','09864334960','2024-11-21 23:18:30'),(215,'Danilo','Espiritu','customer215@email.com','09118514813','2026-01-02 23:18:30'),(216,'Roberto','Torres','customer216@email.com','09534222401','2025-08-01 23:18:30'),(217,'Leonora','Soriano','customer217@email.com','09724440558','2025-03-26 23:18:30'),(218,'Mark','Uy','customer218@email.com','09670073085','2025-04-20 23:18:30'),(219,'Gina','Navarro','customer219@email.com','09690975123','2025-05-04 23:18:30'),(220,'Ernesto','Castillo','customer220@email.com','09587205269','2025-07-04 23:18:30'),(221,'Leonora','Flores','customer221@email.com','09347538338','2025-12-05 23:18:30'),(222,'Eduardo','Lopez','customer222@email.com','09228370927','2024-10-06 23:18:30'),(223,'Gloria','Aquino','customer223@email.com','09332341238','2024-11-28 23:18:30'),(224,'Maricel','Navarro','customer224@email.com','09733064117','2024-10-17 23:18:30'),(225,'Roberto','Garcia','customer225@email.com','09994027897','2025-09-21 23:18:30'),(226,'Roberto','Torres','customer226@email.com','09487493096','2025-10-06 23:18:30'),(227,'Leonora','Santos','customer227@email.com','09860229059','2024-10-08 23:18:30'),(228,'Carlos','Flores','customer228@email.com','09148872110','2026-02-11 23:18:30'),(229,'Faith','Bautista','customer229@email.com','09848846217','2025-11-29 23:18:30'),(230,'Kristine','Garcia','customer230@email.com','09113169872','2024-08-28 23:18:30'),(231,'Roberto','Sy','customer231@email.com','09614015466','2025-01-11 23:18:30'),(232,'Corazon','Ramos','customer232@email.com','09155165334','2025-07-23 23:18:30'),(233,'Mark','Garcia','customer233@email.com','09982739959','2026-01-31 23:18:30'),(234,'Sheryl','Sy','customer234@email.com','09179545125','2024-08-25 23:18:30'),(235,'Ana','Dela Cruz','customer235@email.com','09260199682','2024-09-08 23:18:30'),(236,'Leonora','Cruz','customer236@email.com','09366493008','2025-12-07 23:18:30'),(237,'Faith','Macaraeg','customer237@email.com','09546863451','2024-07-26 23:18:30'),(238,'Andres','Macaraeg','customer238@email.com','09661107986','2025-03-14 23:18:30'),(239,'Danilo','Lim','customer239@email.com','09419280490','2024-08-13 23:18:30'),(240,'Gina','Bautista','customer240@email.com','09710561240','2024-07-11 23:18:30'),(241,'Ana','Villanueva','customer241@email.com','09894664845','2025-12-27 23:18:30'),(242,'Carmen','Padilla','customer242@email.com','09326586581','2025-07-11 23:18:30'),(243,'Rosa','Ramos','customer243@email.com','09357553274','2025-10-12 23:18:30'),(244,'Faith','Cruz','customer244@email.com','09268075622','2026-04-05 23:18:30'),(245,'Arnel','Lim','customer245@email.com','09840206617','2024-08-07 23:18:30'),(246,'Mark','Bautista','customer246@email.com','09135046782','2025-08-13 23:18:30'),(247,'Roberto','Castillo','customer247@email.com','09403566540','2024-12-29 23:18:30'),(248,'Pedro','Soriano','customer248@email.com','09350636897','2025-07-11 23:18:30'),(249,'Eduardo','Tan','customer249@email.com','09223240112','2024-09-27 23:18:30'),(250,'Andres','Padilla','customer250@email.com','09259976144','2025-07-09 23:18:30'),(251,'Luz','Cruz','customer251@email.com','09164035859','2025-10-20 23:18:30'),(252,'Leonora','Villanueva','customer252@email.com','09904187231','2024-09-02 23:18:30'),(253,'Roberto','Lim','customer253@email.com','09233523720','2024-12-14 23:18:30'),(254,'Leonora','Castillo','customer254@email.com','09532190231','2025-07-03 23:18:30'),(255,'Jomar','Uy','customer255@email.com','09630208579','2025-01-14 23:18:30'),(256,'Rosa','Villanueva','customer256@email.com','09142800191','2025-01-20 23:18:30'),(257,'Jaime','Villanueva','customer257@email.com','09368830491','2026-03-12 23:18:30'),(258,'Rosa','Torres','customer258@email.com','09824022357','2024-08-26 23:18:30'),(259,'Maria','Macaraeg','customer259@email.com','09821856853','2025-07-06 23:18:30'),(260,'Jose','Macaraeg','customer260@email.com','09912037475','2025-10-10 23:18:30'),(261,'Mark','Go','customer261@email.com','09799552991','2025-01-10 23:18:30'),(262,'Maricel','Ramos','customer262@email.com','09728492896','2025-01-16 23:18:30'),(263,'Kristine','Cruz','customer263@email.com','09604669821','2025-04-16 23:18:30'),(264,'Arnel','Lopez','customer264@email.com','09444733679','2024-05-21 23:18:30'),(265,'Miguel','Aguilar','customer265@email.com','09272684373','2025-05-05 23:18:30'),(266,'Arnel','Castillo','customer266@email.com','09632005813','2025-06-16 23:18:30'),(267,'Sheryl','Bernardo','customer267@email.com','09916580415','2024-09-21 23:18:30'),(268,'Jose','Lim','customer268@email.com','09194553481','2025-05-20 23:18:30'),(269,'Fernando','Lopez','customer269@email.com','09224469868','2025-02-18 23:18:30'),(270,'Jomar','Bernardo','customer270@email.com','09101235946','2024-06-03 23:18:30'),(271,'Rex','Lim','customer271@email.com','09543721204','2026-02-11 23:18:30'),(272,'Eduardo','Go','customer272@email.com','09488457631','2024-07-09 23:18:30'),(273,'Kristine','Padilla','customer273@email.com','09574637858','2026-02-14 23:18:30'),(274,'Carmen','Flores','customer274@email.com','09689720101','2025-11-24 23:18:30'),(275,'Roberto','Lim','customer275@email.com','09849740261','2024-11-27 23:18:30'),(276,'Elena','Santos','customer276@email.com','09776481264','2024-07-23 23:18:30'),(277,'Teresita','Castillo','customer277@email.com','09270057261','2025-05-24 23:18:30'),(278,'Faith','Santos','customer278@email.com','09692975437','2025-02-14 23:18:30'),(279,'Rosa','Torres','customer279@email.com','09221827951','2024-12-21 23:18:30'),(280,'Elena','Padilla','customer280@email.com','09993506934','2025-11-01 23:18:30'),(281,'Kristine','Castillo','customer281@email.com','09413383963','2024-11-02 23:18:30'),(282,'Maricel','Tan','customer282@email.com','09996278008','2024-11-29 23:18:30'),(283,'Mark','Torres','customer283@email.com','09590470737','2024-09-20 23:18:30'),(284,'Luz','Gonzales','customer284@email.com','09304666325','2024-08-02 23:18:30'),(285,'Jomar','Navarro','customer285@email.com','09246574716','2026-01-26 23:18:30'),(286,'Maricel','Macaraeg','customer286@email.com','09948262678','2025-02-07 23:18:30'),(287,'Corazon','Espiritu','customer287@email.com','09645179180','2025-07-08 23:18:30'),(288,'Juan','Bautista','customer288@email.com','09879591310','2025-06-06 23:18:30'),(289,'Kristine','Aguilar','customer289@email.com','09259553112','2025-01-05 23:18:30'),(290,'Rex','Sy','customer290@email.com','09470574014','2025-05-02 23:18:30'),(291,'Faith','Macaraeg','customer291@email.com','09683503591','2025-03-17 23:18:30'),(292,'Rowena','Lopez','customer292@email.com','09302563940','2025-08-06 23:18:30'),(293,'Rodel','Torres','customer293@email.com','09932734539','2025-02-11 23:18:30'),(294,'Jose','Lopez','customer294@email.com','09899621068','2024-12-09 23:18:30'),(295,'Rodel','Gonzales','customer295@email.com','09812630453','2024-06-09 23:18:30'),(296,'Luz','Sy','customer296@email.com','09139749508','2025-11-29 23:18:30'),(297,'Jomar','Chan','customer297@email.com','09456476596','2025-12-26 23:18:30'),(298,'Danilo','Garcia','customer298@email.com','09664735673','2024-12-26 23:18:30'),(299,'Juan','Navarro','customer299@email.com','09254785699','2025-02-12 23:18:30'),(300,'Luz','Cruz','customer300@email.com','09604111692','2025-07-10 23:18:30'),(301,'Corazon','Villanueva','customer301@email.com','09843785903','2025-02-24 23:18:30'),(302,'Rosa','Aguilar','customer302@email.com','09452794611','2024-05-17 23:18:30'),(303,'Rex','Gonzales','customer303@email.com','09440012324','2024-07-05 23:18:30'),(304,'Kristine','Aguilar','customer304@email.com','09680911523','2026-03-02 23:18:30'),(305,'Pedro','Torres','customer305@email.com','09777703980','2024-05-07 23:18:30'),(306,'Roberto','Torres','customer306@email.com','09901834280','2026-01-05 23:18:30'),(307,'Gina','Garcia','customer307@email.com','09916440738','2024-06-28 23:18:30'),(308,'Miguel','Lim','customer308@email.com','09278632824','2025-06-05 23:18:30'),(309,'Maria','Reyes','customer309@email.com','09448294647','2026-02-09 23:18:30'),(310,'Roberto','Mendoza','customer310@email.com','09502482554','2025-01-21 23:18:30'),(311,'Luz','Torres','customer311@email.com','09670335494','2025-02-10 23:18:30'),(312,'Gloria','Ramos','customer312@email.com','09287979290','2026-01-17 23:18:30'),(313,'Rodel','Villanueva','customer313@email.com','09833510170','2025-08-04 23:18:30'),(314,'Kristine','Chan','customer314@email.com','09253671484','2025-08-13 23:18:30'),(315,'Rowena','Padilla','customer315@email.com','09372706093','2024-12-23 23:18:30'),(316,'Fernando','Soriano','customer316@email.com','09110090412','2024-12-17 23:18:30'),(317,'Roberto','Soriano','customer317@email.com','09686905284','2025-10-28 23:18:30'),(318,'Pedro','Lim','customer318@email.com','09471048258','2024-08-14 23:18:30'),(319,'Leonora','Padilla','customer319@email.com','09555598254','2025-07-25 23:18:30'),(320,'Rowena','Aguilar','customer320@email.com','09424400672','2025-09-16 23:18:30'),(321,'Rodel','Aguilar','customer321@email.com','09618840705','2025-12-19 23:18:30'),(322,'Teresita','Gonzales','customer322@email.com','09714097318','2025-04-05 23:18:30'),(323,'Roberto','Castillo','customer323@email.com','09417001612','2026-03-16 23:18:30'),(324,'Sheryl','Flores','customer324@email.com','09108695125','2024-09-05 23:18:30'),(325,'Ana','Villanueva','customer325@email.com','09900122509','2024-11-15 23:18:30'),(326,'Roberto','Macaraeg','customer326@email.com','09957769526','2025-08-15 23:18:30'),(327,'Ernesto','Torres','customer327@email.com','09783563240','2025-09-25 23:18:30'),(328,'Fernando','Soriano','customer328@email.com','09911294971','2024-06-01 23:18:30'),(329,'Carlos','Padilla','customer329@email.com','09204328975','2024-07-04 23:18:30'),(330,'Jose','Bautista','customer330@email.com','09946764061','2025-01-11 23:18:30'),(331,'Jose','Chan','customer331@email.com','09491766764','2025-11-24 23:18:30'),(332,'Rosa','Bautista','customer332@email.com','09450811990','2025-02-06 23:18:30'),(333,'Gloria','Aquino','customer333@email.com','09241905500','2024-10-02 23:18:30'),(334,'Filipina','Go','customer334@email.com','09638798023','2025-07-02 23:18:30'),(335,'Ramon','Flores','customer335@email.com','09985503942','2024-11-30 23:18:30'),(336,'Roberto','Navarro','customer336@email.com','09463692735','2025-12-11 23:18:30'),(337,'Rowena','Cruz','customer337@email.com','09251136695','2025-08-19 23:18:30'),(338,'Sheryl','Aguilar','customer338@email.com','09963919401','2024-09-14 23:18:30'),(339,'Filipina','Cruz','customer339@email.com','09948988297','2025-02-27 23:18:30'),(340,'Juan','Flores','customer340@email.com','09676140134','2025-12-02 23:18:30'),(341,'Rowena','Mendoza','customer341@email.com','09822443971','2024-05-19 23:18:30'),(342,'Fernando','Chan','customer342@email.com','09509123009','2024-06-23 23:18:30'),(343,'Filipina','Garcia','customer343@email.com','09824600232','2025-08-11 23:18:30'),(344,'Mark','Santos','customer344@email.com','09765233376','2024-09-10 23:18:30'),(345,'Jaime','Villanueva','customer345@email.com','09337691219','2024-06-13 23:18:30'),(346,'Pedro','Padilla','customer346@email.com','09984607950','2024-12-18 23:18:30'),(347,'Leonora','Padilla','customer347@email.com','09538404342','2025-12-09 23:18:30'),(348,'Carlos','Reyes','customer348@email.com','09139956218','2025-05-31 23:18:30'),(349,'Kristine','Garcia','customer349@email.com','09204359116','2025-08-10 23:18:30'),(350,'Rex','Dela Cruz','customer350@email.com','09517305280','2024-12-29 23:18:30'),(351,'Filipina','Soriano','customer351@email.com','09897940629','2024-10-01 23:18:30'),(352,'Arnel','Chan','customer352@email.com','09897005281','2025-10-31 23:18:30'),(353,'Arnel','Padilla','customer353@email.com','09206323670','2024-11-22 23:18:30'),(354,'Arnel','Flores','customer354@email.com','09135128844','2025-03-24 23:18:30'),(355,'Carmen','Lim','customer355@email.com','09577488537','2025-08-09 23:18:30'),(356,'Filipina','Garcia','customer356@email.com','09836243579','2025-03-27 23:18:30'),(357,'Rex','Padilla','customer357@email.com','09485123110','2026-02-04 23:18:30'),(358,'Sheryl','Flores','customer358@email.com','09303805386','2025-12-03 23:18:30'),(359,'Rowena','Cruz','customer359@email.com','09811642514','2025-09-02 23:18:30'),(360,'Maria','Reyes','customer360@email.com','09944814262','2025-05-01 23:18:30'),(361,'Teresita','Dela Cruz','customer361@email.com','09945011302','2024-09-06 23:18:30'),(362,'Carmen','Cruz','customer362@email.com','09991010113','2024-09-17 23:18:30'),(363,'Carmen','Chan','customer363@email.com','09331875999','2025-08-12 23:18:30'),(364,'Corazon','Macaraeg','customer364@email.com','09258435089','2024-08-05 23:18:30'),(365,'Juan','Flores','customer365@email.com','09255357534','2025-11-25 23:18:30'),(366,'Rex','Flores','customer366@email.com','09957397689','2025-10-11 23:18:30'),(367,'Elena','Soriano','customer367@email.com','09127681228','2025-11-24 23:18:30'),(368,'Juan','Mendoza','customer368@email.com','09948239575','2025-08-07 23:18:30'),(369,'Jaime','Santos','customer369@email.com','09287095435','2025-07-10 23:18:30'),(370,'Ana','Dela Cruz','customer370@email.com','09896413702','2025-01-31 23:18:30'),(371,'Hazel','Garcia','customer371@email.com','09900651998','2026-02-01 23:18:30'),(372,'Mark','Lim','customer372@email.com','09935389432','2025-04-02 23:18:30'),(373,'Jomar','Chan','customer373@email.com','09217095851','2024-12-31 23:18:30'),(374,'Jomar','Torres','customer374@email.com','09760465943','2026-02-22 23:18:30'),(375,'Hazel','Bautista','customer375@email.com','09591819409','2024-06-18 23:18:30'),(376,'Maria','Reyes','customer376@email.com','09614302907','2025-02-20 23:18:30'),(377,'Gina','Soriano','customer377@email.com','09215923129','2024-11-21 23:18:30'),(378,'Danilo','Cruz','customer378@email.com','09186748119','2025-05-13 23:18:30'),(379,'Luz','Cruz','customer379@email.com','09235497187','2025-06-30 23:18:30'),(380,'Faith','Castillo','customer380@email.com','09449165212','2025-03-13 23:18:30'),(381,'Hazel','Bautista','customer381@email.com','09587173220','2024-11-06 23:18:30'),(382,'Gina','Garcia','customer382@email.com','09951580447','2025-12-11 23:18:30'),(383,'Faith','Navarro','customer383@email.com','09330879256','2025-01-22 23:18:30'),(384,'Danilo','Torres','customer384@email.com','09544328940','2025-04-25 23:18:30'),(385,'Rowena','Gonzales','customer385@email.com','09546665485','2025-12-31 23:18:30'),(386,'Jaime','Tan','customer386@email.com','09435569630','2024-05-26 23:18:30'),(387,'Fernando','Mendoza','customer387@email.com','09263894795','2024-12-08 23:18:30'),(388,'Pedro','Cruz','customer388@email.com','09993108266','2026-01-10 23:18:30'),(389,'Rosa','Tan','customer389@email.com','09203685265','2025-03-22 23:18:30'),(390,'Carlos','Uy','customer390@email.com','09164404084','2024-08-15 23:18:30'),(391,'Faith','Uy','customer391@email.com','09453954673','2024-05-21 23:18:30'),(392,'Elena','Tan','customer392@email.com','09479673044','2024-05-26 23:18:30'),(393,'Gina','Aguilar','customer393@email.com','09874233009','2026-02-14 23:18:30'),(394,'Roberto','Villanueva','customer394@email.com','09435489452','2025-04-12 23:18:30'),(395,'Miguel','Chan','customer395@email.com','09644830077','2025-09-02 23:18:30'),(396,'Luz','Soriano','customer396@email.com','09617746926','2025-08-21 23:18:30'),(397,'Miguel','Mendoza','customer397@email.com','09697285504','2025-03-27 23:18:30'),(398,'Elena','Macaraeg','customer398@email.com','09399110343','2024-08-28 23:18:30'),(399,'Andres','Espiritu','customer399@email.com','09560755939','2024-09-10 23:18:30'),(400,'Faith','Santos','customer400@email.com','09753903309','2024-06-03 23:18:30'),(401,'Maricel','Santos','customer401@email.com','09293720285','2025-07-02 23:18:30'),(402,'Leonora','Lopez','customer402@email.com','09476908532','2026-04-01 23:18:30'),(403,'Gloria','Aguilar','customer403@email.com','09253815116','2024-09-05 23:18:30'),(404,'Sheryl','Cruz','customer404@email.com','09252336745','2024-06-28 23:18:30'),(405,'Maria','Cruz','customer405@email.com','09901131404','2024-10-11 23:18:30'),(406,'Carmen','Gonzales','customer406@email.com','09550791704','2024-12-29 23:18:30'),(407,'Corazon','Ramos','customer407@email.com','09497341481','2025-05-23 23:18:30'),(408,'Jaime','Macaraeg','customer408@email.com','09709448939','2024-08-05 23:18:30'),(409,'Rosa','Reyes','customer409@email.com','09267052653','2025-10-28 23:18:30'),(410,'Ana','Soriano','customer410@email.com','09187597497','2025-07-03 23:18:30'),(411,'Danilo','Soriano','customer411@email.com','09555282394','2024-11-26 23:18:30'),(412,'Danilo','Tan','customer412@email.com','09393310667','2025-08-30 23:18:30'),(413,'Jomar','Garcia','customer413@email.com','09470626529','2025-01-22 23:18:30'),(414,'Elena','Bautista','customer414@email.com','09828230915','2024-05-13 23:18:30'),(415,'Kristine','Go','customer415@email.com','09816328133','2025-05-27 23:18:30'),(416,'Jose','Torres','customer416@email.com','09524410834','2024-08-02 23:18:30'),(417,'Ana','Santos','customer417@email.com','09319497661','2025-06-03 23:18:30'),(418,'Carmen','Macaraeg','customer418@email.com','09247354744','2025-07-20 23:18:30'),(419,'Roberto','Lopez','customer419@email.com','09228832213','2026-03-31 23:18:30'),(420,'Kristine','Navarro','customer420@email.com','09562412302','2025-10-10 23:18:30'),(421,'Carlos','Gonzales','customer421@email.com','09671855941','2025-08-15 23:18:30'),(422,'Jomar','Uy','customer422@email.com','09994807263','2024-05-23 23:18:30'),(423,'Ernesto','Cruz','customer423@email.com','09526351920','2026-02-23 23:18:30'),(424,'Gina','Santos','customer424@email.com','09593657365','2026-01-18 23:18:30'),(425,'Jaime','Chan','customer425@email.com','09560940492','2024-08-28 23:18:30'),(426,'Sheryl','Castillo','customer426@email.com','09787346882','2025-02-04 23:18:30'),(427,'Roberto','Garcia','customer427@email.com','09534900128','2026-03-17 23:18:30'),(428,'Jaime','Ramos','customer428@email.com','09960413104','2024-07-14 23:18:30'),(429,'Rowena','Bernardo','customer429@email.com','09840463141','2025-04-02 23:18:30'),(430,'Rosa','Tan','customer430@email.com','09213669678','2025-08-01 23:18:30'),(431,'Gina','Chan','customer431@email.com','09529979713','2024-10-18 23:18:30'),(432,'Rosa','Gonzales','customer432@email.com','09433154770','2025-04-25 23:18:30'),(433,'Andres','Lopez','customer433@email.com','09936571442','2025-10-17 23:18:30'),(434,'Pedro','Go','customer434@email.com','09779919809','2025-12-12 23:18:30'),(435,'Hazel','Go','customer435@email.com','09308202515','2025-04-15 23:18:30'),(436,'Ernesto','Navarro','customer436@email.com','09979339361','2024-06-16 23:18:30'),(437,'Luz','Torres','customer437@email.com','09210385522','2025-11-09 23:18:30'),(438,'Fernando','Aquino','customer438@email.com','09286293158','2024-07-30 23:18:30'),(439,'Luz','Macaraeg','customer439@email.com','09915133660','2024-06-05 23:18:30'),(440,'Pedro','Ramos','customer440@email.com','09929839316','2024-07-03 23:18:30'),(441,'Kristine','Lim','customer441@email.com','09910080036','2024-09-07 23:18:30'),(442,'Danilo','Soriano','customer442@email.com','09706118438','2024-06-18 23:18:30'),(443,'Jaime','Aguilar','customer443@email.com','09773469560','2025-05-19 23:18:30'),(444,'Luz','Lim','customer444@email.com','09173321814','2024-12-13 23:18:30'),(445,'Danilo','Padilla','customer445@email.com','09425150964','2025-06-30 23:18:30'),(446,'Ana','Mendoza','customer446@email.com','09644748834','2026-01-22 23:18:30'),(447,'Leonora','Lim','customer447@email.com','09585238820','2026-02-28 23:18:30'),(448,'Ana','Mendoza','customer448@email.com','09993027458','2025-06-18 23:18:30'),(449,'Pedro','Padilla','customer449@email.com','09196955134','2024-07-17 23:18:30'),(450,'Jomar','Gonzales','customer450@email.com','09596832859','2024-08-21 23:18:30'),(451,'Faith','Espiritu','customer451@email.com','09893410426','2026-02-24 23:18:30'),(452,'Danilo','Espiritu','customer452@email.com','09713811693','2024-06-09 23:18:30'),(453,'Eduardo','Lopez','customer453@email.com','09749620068','2024-12-06 23:18:30'),(454,'Jomar','Dela Cruz','customer454@email.com','09166436383','2025-01-01 23:18:30'),(455,'Miguel','Espiritu','customer455@email.com','09999126903','2025-04-21 23:18:30'),(456,'Rosa','Go','customer456@email.com','09793773681','2025-10-13 23:18:30'),(457,'Jose','Torres','customer457@email.com','09859803019','2025-01-14 23:18:30'),(458,'Danilo','Go','customer458@email.com','09661296425','2024-07-22 23:18:30'),(459,'Ramon','Mendoza','customer459@email.com','09500346767','2025-06-22 23:18:30'),(460,'Rodel','Tan','customer460@email.com','09931575232','2025-04-26 23:18:30'),(461,'Ana','Espiritu','customer461@email.com','09777409303','2024-06-14 23:18:30'),(462,'Corazon','Cruz','customer462@email.com','09454002758','2026-01-01 23:18:30'),(463,'Faith','Soriano','customer463@email.com','09515070154','2025-06-21 23:18:30'),(464,'Fernando','Navarro','customer464@email.com','09804980312','2024-07-29 23:18:30'),(465,'Luz','Lopez','customer465@email.com','09187512088','2024-08-19 23:18:30'),(466,'Luz','Mendoza','customer466@email.com','09433108786','2024-06-05 23:18:30'),(467,'Sheryl','Dela Cruz','customer467@email.com','09738920648','2026-01-11 23:18:30'),(468,'Leonora','Uy','customer468@email.com','09504456327','2024-06-18 23:18:30'),(469,'Corazon','Bernardo','customer469@email.com','09237217505','2024-05-21 23:18:30'),(470,'Hazel','Cruz','customer470@email.com','09793663866','2024-05-21 23:18:30'),(471,'Gina','Go','customer471@email.com','09488509962','2026-03-20 23:18:30'),(472,'Filipina','Bautista','customer472@email.com','09293555835','2025-08-31 23:18:30'),(473,'Corazon','Macaraeg','customer473@email.com','09622129427','2025-09-23 23:18:30'),(474,'Andres','Dela Cruz','customer474@email.com','09266371119','2026-01-18 23:18:30'),(475,'Roberto','Aguilar','customer475@email.com','09946237594','2025-12-25 23:18:30'),(476,'Jomar','Macaraeg','customer476@email.com','09679574436','2024-10-15 23:18:30'),(477,'Jose','Soriano','customer477@email.com','09461597989','2024-07-14 23:18:30'),(478,'Carlos','Villanueva','customer478@email.com','09504499880','2025-11-01 23:18:30'),(479,'Ramon','Ramos','customer479@email.com','09992649957','2024-07-07 23:18:30'),(480,'Ramon','Navarro','customer480@email.com','09569948247','2026-02-22 23:18:30'),(481,'Arnel','Mendoza','customer481@email.com','09826239153','2025-08-07 23:18:30'),(482,'Danilo','Villanueva','customer482@email.com','09405939035','2025-01-03 23:18:30'),(483,'Andres','Uy','customer483@email.com','09356805216','2025-05-26 23:18:30'),(484,'Mark','Bernardo','customer484@email.com','09308323285','2025-03-27 23:18:30'),(485,'Danilo','Lim','customer485@email.com','09926178355','2025-06-23 23:18:30'),(486,'Rodel','Go','customer486@email.com','09666355637','2025-02-03 23:18:30'),(487,'Ramon','Bernardo','customer487@email.com','09314423806','2024-07-27 23:18:30'),(488,'Carlos','Aguilar','customer488@email.com','09368438908','2026-02-13 23:18:30'),(489,'Mark','Aguilar','customer489@email.com','09498585961','2024-09-17 23:18:30'),(490,'Miguel','Castillo','customer490@email.com','09653953485','2025-12-01 23:18:30'),(491,'Roberto','Cruz','customer491@email.com','09919390458','2025-10-25 23:18:30'),(492,'Maricel','Lim','customer492@email.com','09651208305','2025-11-08 23:18:30'),(493,'Gina','Cruz','customer493@email.com','09338411494','2025-01-01 23:18:30'),(494,'Ernesto','Santos','customer494@email.com','09545492166','2026-02-12 23:18:30'),(495,'Sheryl','Go','customer495@email.com','09501538092','2025-08-09 23:18:30'),(496,'Rodel','Cruz','customer496@email.com','09502559419','2025-08-21 23:18:30'),(497,'Maria','Lopez','customer497@email.com','09206389694','2024-06-11 23:18:30'),(498,'Corazon','Espiritu','customer498@email.com','09256819248','2025-11-18 23:18:30'),(499,'Jose','Bautista','customer499@email.com','09990949719','2024-12-10 23:18:30'),(500,'Carlos','Macaraeg','customer500@email.com','09857563699','2024-12-13 23:18:30'),(501,'Danilo','Villanueva','danilo.villanueva@gmail.com','09105638424','2026-01-16 23:18:30'),(502,'Maria','Flores','customer502@email.com','09331557515','2025-11-05 23:18:30'),(503,'Faith','Navarro','customer503@email.com','09753780028','2024-10-14 23:18:30'),(504,'Gina','Garcia','customer504@email.com','09933409017','2025-06-16 23:18:30'),(505,'Teresita','Bautista','customer505@email.com','09230833665','2026-02-18 23:18:30'),(506,'Teresita','Tan','customer506@email.com','09786069196','2024-07-09 23:18:30'),(507,'Rowena','Cruz','customer507@email.com','09219032752','2024-11-12 23:18:30'),(508,'Rex','Santos','customer508@email.com','09778556450','2024-10-27 23:18:30'),(509,'Teresita','Castillo','customer509@email.com','09254164462','2025-06-13 23:18:30'),(510,'Gina','Santos','customer510@email.com','09760146764','2025-04-11 23:18:30'),(511,'Teresita','Chan','customer511@email.com','09547286055','2025-09-28 23:18:30'),(512,'Rosa','Go','customer512@email.com','09487195336','2026-01-28 23:18:30'),(513,'Hazel','Uy','customer513@email.com','09644738967','2024-11-04 23:18:30'),(514,'Faith','Santos','customer514@email.com','09519246503','2024-12-12 23:18:30'),(515,'Jose','Padilla','customer515@email.com','09515410649','2025-03-21 23:18:30'),(516,'Fernando','Navarro','customer516@email.com','09117439966','2025-04-07 23:18:30'),(517,'Pedro','Mendoza','customer517@email.com','09358906986','2024-06-04 23:18:30'),(518,'Miguel','Macaraeg','customer518@email.com','09724813934','2025-05-02 23:18:30'),(519,'Carlos','Reyes','customer519@email.com','09478278218','2024-09-25 23:18:30'),(520,'Corazon','Bernardo','customer520@email.com','09790196540','2025-10-10 23:18:30'),(521,'Rowena','Castillo','customer521@email.com','09613818935','2024-06-30 23:18:30'),(522,'Gloria','Espiritu','customer522@email.com','09244796859','2026-02-02 23:18:30'),(523,'Rowena','Reyes','customer523@email.com','09415081566','2025-09-13 23:18:30'),(524,'Jose','Espiritu','customer524@email.com','09314179101','2026-02-24 23:18:30'),(525,'Jaime','Bautista','customer525@email.com','09653388913','2025-02-24 23:18:30'),(526,'Rex','Sy','customer526@email.com','09371993587','2026-03-01 23:18:30'),(527,'Eduardo','Bautista','customer527@email.com','09483298103','2026-02-18 23:18:30'),(528,'Corazon','Flores','customer528@email.com','09233654018','2025-03-27 23:18:30'),(529,'Gina','Gonzales','customer529@email.com','09898120571','2025-01-12 23:18:30'),(530,'Rodel','Lopez','customer530@email.com','09300593456','2024-11-15 23:18:30'),(531,'Kristine','Mendoza','customer531@email.com','09956084565','2024-10-23 23:18:30'),(532,'Maricel','Espiritu','customer532@email.com','09188703430','2025-01-28 23:18:30'),(533,'Rosa','Tan','customer533@email.com','09746879296','2025-10-05 23:18:30'),(534,'Rex','Bautista','customer534@email.com','09444898148','2025-12-23 23:18:30'),(535,'Rosa','Lopez','customer535@email.com','09809656613','2025-06-09 23:18:30'),(536,'Leonora','Lim','customer536@email.com','09747060047','2025-01-26 23:18:30'),(537,'Ramon','Castillo','customer537@email.com','09576642996','2025-04-13 23:18:30'),(538,'Danilo','Reyes','customer538@email.com','09880411013','2025-04-11 23:18:30'),(539,'Gina','Flores','customer539@email.com','09786624943','2026-02-08 23:18:30'),(540,'Pedro','Soriano','customer540@email.com','09784523874','2025-02-16 23:18:30'),(541,'Filipina','Go','customer541@email.com','09960170255','2024-05-12 23:18:30'),(542,'Ramon','Santos','customer542@email.com','09253308283','2024-07-24 23:18:30'),(543,'Danilo','Reyes','customer543@email.com','09235538456','2026-01-29 23:18:30'),(544,'Teresita','Macaraeg','customer544@email.com','09792738367','2025-03-28 23:18:30'),(545,'Filipina','Gonzales','customer545@email.com','09709074302','2026-03-05 23:18:30'),(546,'Luz','Soriano','customer546@email.com','09583100677','2025-03-24 23:18:30'),(547,'Filipina','Lim','customer547@email.com','09919355714','2026-01-19 23:18:30'),(548,'Carlos','Go','customer548@email.com','09494009507','2025-02-24 23:18:30'),(549,'Jaime','Padilla','customer549@email.com','09399240862','2025-07-26 23:18:30'),(550,'Elena','Santos','customer550@email.com','09889924866','2025-09-29 23:18:30'),(551,'Kristine','Go','customer551@email.com','09515524530','2024-09-09 23:18:30'),(552,'Elena','Flores','customer552@email.com','09932111777','2025-07-15 23:18:30'),(553,'Danilo','Aquino','customer553@email.com','09756998124','2025-06-19 23:18:30'),(554,'Kristine','Aquino','customer554@email.com','09231680929','2025-11-20 23:18:30'),(555,'Pedro','Lim','customer555@email.com','09285388355','2025-01-07 23:18:30'),(556,'Rosa','Espiritu','customer556@email.com','09832215964','2025-05-15 23:18:30'),(557,'Ernesto','Castillo','customer557@email.com','09169727803','2024-09-21 23:18:30'),(558,'Rex','Bautista','customer558@email.com','09422076028','2025-10-28 23:18:30'),(559,'Gloria','Espiritu','customer559@email.com','09488149273','2024-11-03 23:18:30'),(560,'Andres','Garcia','customer560@email.com','09315801027','2025-11-16 23:18:30'),(561,'Teresita','Espiritu','customer561@email.com','09630452018','2026-03-12 23:18:30'),(562,'Filipina','Uy','customer562@email.com','09714478186','2025-03-26 23:18:30'),(563,'Rowena','Espiritu','customer563@email.com','09692326390','2025-11-26 23:18:30'),(564,'Rosa','Cruz','customer564@email.com','09432098383','2025-02-24 23:18:30'),(565,'Mark','Go','customer565@email.com','09541087900','2025-02-12 23:18:30'),(566,'Pedro','Dela Cruz','customer566@email.com','09440405868','2024-06-19 23:18:30'),(567,'Pedro','Lim','customer567@email.com','09600184588','2024-05-11 23:18:30'),(568,'Hazel','Mendoza','customer568@email.com','09237798236','2024-09-20 23:18:30'),(569,'Gloria','Macaraeg','customer569@email.com','09238548086','2025-01-19 23:18:30'),(570,'Jomar','Aguilar','customer570@email.com','09159499094','2025-12-01 23:18:30'),(571,'Hazel','Dela Cruz','customer571@email.com','09426551245','2025-10-21 23:18:30'),(572,'Ramon','Lopez','customer572@email.com','09861639583','2025-08-20 23:18:30'),(573,'Ernesto','Go','customer573@email.com','09404994549','2026-01-17 23:18:30'),(574,'Fernando','Aquino','customer574@email.com','09781887358','2024-09-20 23:18:30'),(575,'Maricel','Dela Cruz','customer575@email.com','09771112648','2025-06-01 23:18:30'),(576,'Rex','Cruz','customer576@email.com','09639633807','2024-06-20 23:18:30'),(577,'Ramon','Chan','customer577@email.com','09723464439','2025-11-01 23:18:30'),(578,'Ramon','Soriano','customer578@email.com','09770529419','2024-07-27 23:18:30'),(579,'Corazon','Bernardo','customer579@email.com','09705180256','2026-02-24 23:18:30'),(580,'Maria','Cruz','customer580@email.com','09148814238','2024-06-20 23:18:30'),(581,'Fernando','Padilla','customer581@email.com','09326353775','2024-08-30 23:18:30'),(582,'Arnel','Villanueva','customer582@email.com','09786111573','2026-03-07 23:18:30'),(583,'Kristine','Padilla','customer583@email.com','09685809361','2025-06-15 23:18:30'),(584,'Leonora','Sy','customer584@email.com','09362935648','2025-02-16 23:18:30'),(585,'Leonora','Lim','customer585@email.com','09178354184','2026-02-05 23:18:30'),(586,'Ramon','Lim','customer586@email.com','09546270451','2024-11-28 23:18:30'),(587,'Rowena','Aquino','customer587@email.com','09465278987','2024-07-25 23:18:30'),(588,'Luz','Lopez','customer588@email.com','09871336275','2025-05-16 23:18:30'),(589,'Ernesto','Gonzales','customer589@email.com','09240409084','2025-03-24 23:18:30'),(590,'Jomar','Uy','customer590@email.com','09214014134','2025-05-16 23:18:30'),(591,'Teresita','Lim','customer591@email.com','09231556899','2025-07-08 23:18:30'),(592,'Danilo','Torres','customer592@email.com','09251266214','2025-12-29 23:18:30'),(593,'Ana','Bautista','customer593@email.com','09512477736','2024-07-16 23:18:30'),(594,'Arnel','Torres','customer594@email.com','09271476207','2025-05-07 23:18:30'),(595,'Jaime','Aquino','customer595@email.com','09919395339','2025-10-26 23:18:30'),(596,'Kristine','Go','customer596@email.com','09601238919','2024-11-13 23:18:30'),(597,'Leonora','Sy','customer597@email.com','09124885365','2026-01-05 23:18:30'),(598,'Sheryl','Go','customer598@email.com','09590947659','2025-08-04 23:18:30'),(599,'Carmen','Chan','customer599@email.com','09478918222','2026-02-17 23:18:30'),(600,'Ana','Bautista','customer600@email.com','09631388604','2024-08-04 23:18:30'),(601,'Mark','Bautista','customer601@email.com','09676267306','2026-03-30 23:18:30'),(602,'Miguel','Tan','customer602@email.com','09243811545','2025-07-11 23:18:30'),(603,'Filipina','Macaraeg','customer603@email.com','09532990767','2025-03-29 23:18:30'),(604,'Jose','Gonzales','customer604@email.com','09154930149','2024-09-01 23:18:30'),(605,'Faith','Aquino','customer605@email.com','09489256938','2024-09-18 23:18:30'),(606,'Roberto','Cruz','customer606@email.com','09514838889','2024-11-07 23:18:30'),(607,'Danilo','Macaraeg','customer607@email.com','09690404558','2025-06-25 23:18:30'),(608,'Elena','Dela Cruz','customer608@email.com','09203810954','2025-02-28 23:18:30'),(609,'Filipina','Espiritu','customer609@email.com','09464090064','2024-09-13 23:18:30'),(610,'Filipina','Macaraeg','customer610@email.com','09254905897','2025-09-16 23:18:30'),(611,'Jomar','Gonzales','customer611@email.com','09636954564','2026-02-25 23:18:30'),(612,'Jose','Reyes','customer612@email.com','09247141682','2025-05-01 23:18:30'),(613,'Mark','Go','customer613@email.com','09590687732','2025-11-06 23:18:30'),(614,'Jomar','Dela Cruz','customer614@email.com','09452150647','2024-07-19 23:18:30'),(615,'Jaime','Ramos','customer615@email.com','09521931770','2024-07-15 23:18:30'),(616,'Leonora','Chan','customer616@email.com','09461178244','2024-11-04 23:18:30'),(617,'Jomar','Uy','customer617@email.com','09625968839','2024-09-08 23:18:30'),(618,'Leonora','Sy','customer618@email.com','09975903641','2026-03-21 23:18:30'),(619,'Filipina','Lopez','customer619@email.com','09823494111','2025-12-16 23:18:30'),(620,'Arnel','Chan','customer620@email.com','09430366556','2024-07-02 23:18:30'),(621,'Maria','Villanueva','customer621@email.com','09609587361','2025-07-10 23:18:30'),(622,'Andres','Navarro','customer622@email.com','09155142186','2024-08-18 23:18:30'),(623,'Mark','Ramos','customer623@email.com','09662890182','2024-07-02 23:18:30'),(624,'Rodel','Dela Cruz','customer624@email.com','09982252092','2024-05-10 23:18:30'),(625,'Teresita','Reyes','customer625@email.com','09714792641','2025-12-16 23:18:30'),(626,'Eduardo','Santos','customer626@email.com','09573561557','2025-05-21 23:18:30'),(627,'Arnel','Dela Cruz','customer627@email.com','09543412542','2025-09-11 23:18:30'),(628,'Arnel','Go','customer628@email.com','09932120169','2024-07-20 23:18:30'),(629,'Mark','Aguilar','customer629@email.com','09890099255','2026-02-03 23:18:30'),(630,'Carlos','Go','customer630@email.com','09322631460','2024-09-10 23:18:30'),(631,'Jaime','Soriano','customer631@email.com','09613646933','2024-10-16 23:18:30'),(632,'Rodel','Lopez','customer632@email.com','09285953213','2024-12-23 23:18:30'),(633,'Rex','Lopez','customer633@email.com','09686556403','2025-04-10 23:18:30'),(634,'Fernando','Villanueva','customer634@email.com','09619884429','2025-09-23 23:18:30'),(635,'Teresita','Flores','customer635@email.com','09699240979','2025-06-06 23:18:30'),(636,'Andres','Bautista','customer636@email.com','09928042067','2025-06-16 23:18:30'),(637,'Carmen','Castillo','customer637@email.com','09856975382','2024-11-23 23:18:30'),(638,'Jaime','Sy','customer638@email.com','09474524558','2024-09-11 23:18:30'),(639,'Maricel','Bautista','customer639@email.com','09230861323','2024-08-28 23:18:30'),(640,'Rex','Gonzales','customer640@email.com','09523625992','2025-04-19 23:18:30'),(641,'Luz','Bautista','customer641@email.com','09145168545','2025-06-17 23:18:30'),(642,'Rosa','Mendoza','customer642@email.com','09574997731','2024-06-05 23:18:30'),(643,'Fernando','Navarro','customer643@email.com','09614407444','2025-08-31 23:18:30'),(644,'Eduardo','Bernardo','customer644@email.com','09678293640','2025-07-04 23:18:30'),(645,'Faith','Castillo','customer645@email.com','09391651334','2025-11-18 23:18:30'),(646,'Miguel','Villanueva','customer646@email.com','09895525625','2024-08-15 23:18:30'),(647,'Teresita','Torres','customer647@email.com','09154508960','2024-05-22 23:18:30'),(648,'Hazel','Torres','customer648@email.com','09784987769','2025-08-12 23:18:30'),(649,'Ana','Garcia','customer649@email.com','09543778963','2025-05-04 23:18:30'),(650,'Mark','Garcia','customer650@email.com','09831424323','2025-11-18 23:18:30'),(651,'Juan','Uy','customer651@email.com','09269587940','2025-02-15 23:18:30'),(652,'Mark','Sy','customer652@email.com','09798510601','2025-09-15 23:18:30'),(653,'Roberto','Lopez','customer653@email.com','09406462391','2024-06-15 23:18:30'),(654,'Ana','Macaraeg','customer654@email.com','09196057712','2024-06-09 23:18:30'),(655,'Andres','Uy','customer655@email.com','09893158610','2026-02-28 23:18:30'),(656,'Gloria','Tan','customer656@email.com','09999371401','2025-10-09 23:18:30'),(657,'Jose','Bernardo','customer657@email.com','09526269674','2024-11-16 23:18:30'),(658,'Gloria','Navarro','customer658@email.com','09410812797','2026-02-28 23:18:30'),(659,'Juan','Bautista','customer659@email.com','09709844411','2024-07-29 23:18:30'),(660,'Miguel','Lopez','customer660@email.com','09405545745','2024-12-28 23:18:30'),(661,'Rex','Go','customer661@email.com','09630334421','2025-11-21 23:18:30'),(662,'Jomar','Lim','customer662@email.com','09392956587','2025-09-22 23:18:30'),(663,'Elena','Lopez','customer663@email.com','09274476883','2024-12-24 23:18:30'),(664,'Fernando','Castillo','customer664@email.com','09299929730','2026-03-24 23:18:30'),(665,'Corazon','Espiritu','customer665@email.com','09416779880','2024-09-03 23:18:30'),(666,'Eduardo','Ramos','customer666@email.com','09756007396','2024-06-22 23:18:30'),(667,'Sheryl','Bernardo','customer667@email.com','09559242868','2024-10-27 23:18:30'),(668,'Jaime','Cruz','customer668@email.com','09530391423','2024-05-22 23:18:30'),(669,'Miguel','Ramos','customer669@email.com','09250980852','2024-12-05 23:18:30'),(670,'Jaime','Torres','customer670@email.com','09107333788','2025-07-14 23:18:30'),(671,'Rodel','Torres','customer671@email.com','09579678614','2025-07-08 23:18:30'),(672,'Corazon','Bautista','customer672@email.com','09725412469','2024-08-29 23:18:30'),(673,'Juan','Flores','customer673@email.com','09801887172','2025-04-04 23:18:30'),(674,'Teresita','Reyes','customer674@email.com','09817029885','2025-12-07 23:18:30'),(675,'Rowena','Bautista','customer675@email.com','09271494637','2025-02-16 23:18:30'),(676,'Jomar','Castillo','customer676@email.com','09926610534','2025-05-24 23:18:30'),(677,'Elena','Padilla','customer677@email.com','09416794215','2025-03-27 23:18:30'),(678,'Andres','Torres','customer678@email.com','09243418388','2024-12-04 23:18:30'),(679,'Luz','Lim','customer679@email.com','09902874167','2024-07-26 23:18:30'),(680,'Filipina','Tan','customer680@email.com','09853703117','2024-09-22 23:18:30'),(681,'Mark','Macaraeg','customer681@email.com','09677155220','2024-05-27 23:18:30'),(682,'Carmen','Macaraeg','customer682@email.com','09365713980','2024-05-11 23:18:30'),(683,'Rosa','Go','customer683@email.com','09579691987','2024-10-14 23:18:30'),(684,'Filipina','Cruz','customer684@email.com','09705771555','2025-12-14 23:18:30'),(685,'Ana','Bernardo','customer685@email.com','09688033900','2024-11-06 23:18:30'),(686,'Eduardo','Chan','customer686@email.com','09676234459','2025-11-05 23:18:30'),(687,'Ramon','Lopez','customer687@email.com','09658712474','2025-01-10 23:18:30'),(688,'Elena','Soriano','customer688@email.com','09320548167','2024-08-18 23:18:30'),(689,'Kristine','Cruz','customer689@email.com','09648011361','2025-01-06 23:18:30'),(690,'Ana','Lim','customer690@email.com','09241674152','2024-10-29 23:18:30'),(691,'Arnel','Lim','customer691@email.com','09705495031','2026-02-07 23:18:30'),(692,'Faith','Lim','customer692@email.com','09822378827','2025-05-27 23:18:30'),(693,'Maria','Gonzales','customer693@email.com','09373221357','2026-04-04 23:18:30'),(694,'Carmen','Chan','customer694@email.com','09178414859','2026-02-20 23:18:30'),(695,'Gina','Mendoza','customer695@email.com','09852032540','2026-02-01 23:18:30'),(696,'Rex','Reyes','customer696@email.com','09174108740','2024-12-10 23:18:30'),(697,'Jose','Bautista','customer697@email.com','09539017530','2025-10-05 23:18:30'),(698,'Carlos','Macaraeg','customer698@email.com','09788832222','2024-06-15 23:18:30'),(699,'Arnel','Mendoza','customer699@email.com','09510684364','2025-01-03 23:18:30'),(700,'Rodel','Gonzales','customer700@email.com','09186167773','2024-05-08 23:18:30'),(701,'Rex','Dela Cruz','customer701@email.com','09801726890','2025-04-16 23:18:30'),(702,'Elena','Ramos','customer702@email.com','09676876906','2025-03-01 23:18:30'),(703,'Hazel','Dela Cruz','customer703@email.com','09881531720','2025-08-22 23:18:30'),(704,'Juan','Macaraeg','customer704@email.com','09124411864','2025-06-06 23:18:30'),(705,'Rowena','Soriano','customer705@email.com','09872121274','2024-09-27 23:18:30'),(706,'Gina','Uy','customer706@email.com','09507245006','2025-08-15 23:18:30'),(707,'Teresita','Lim','customer707@email.com','09471686188','2025-10-31 23:18:30'),(708,'Maricel','Aquino','customer708@email.com','09878488534','2025-12-13 23:18:30'),(709,'Jose','Espiritu','customer709@email.com','09808881871','2025-02-02 23:18:30'),(710,'Maria','Torres','customer710@email.com','09321278458','2026-01-29 23:18:30'),(711,'Miguel','Villanueva','customer711@email.com','09136052248','2025-01-05 23:18:30'),(712,'Ana','Torres','customer712@email.com','09895149930','2026-02-21 23:18:30'),(713,'Sheryl','Lim','customer713@email.com','09351619881','2024-10-02 23:18:30'),(714,'Carmen','Macaraeg','customer714@email.com','09933291969','2026-02-09 23:18:30'),(715,'Carlos','Go','customer715@email.com','09410594268','2025-08-11 23:18:30'),(716,'Jaime','Chan','customer716@email.com','09742009209','2024-05-19 23:18:30'),(717,'Jaime','Torres','customer717@email.com','09424017094','2025-11-12 23:18:30'),(718,'Hazel','Torres','customer718@email.com','09544056890','2025-06-04 23:18:30'),(719,'Maricel','Reyes','customer719@email.com','09697771523','2024-08-10 23:18:30'),(720,'Gloria','Padilla','customer720@email.com','09828802398','2025-01-25 23:18:30'),(721,'Faith','Sy','customer721@email.com','09150341410','2025-04-20 23:18:30'),(722,'Rodel','Espiritu','customer722@email.com','09663137920','2025-05-16 23:18:30'),(723,'Arnel','Tan','customer723@email.com','09260221190','2025-06-04 23:18:30'),(724,'Rodel','Ramos','customer724@email.com','09910048118','2024-10-04 23:18:30'),(725,'Mark','Torres','customer725@email.com','09341961866','2025-06-04 23:18:30'),(726,'Luz','Espiritu','customer726@email.com','09597169479','2026-02-07 23:18:30'),(727,'Faith','Tan','customer727@email.com','09547221915','2024-09-14 23:18:30'),(728,'Hazel','Dela Cruz','customer728@email.com','09517061783','2025-08-02 23:18:30'),(729,'Fernando','Aquino','customer729@email.com','09454617185','2024-06-14 23:18:30'),(730,'Rosa','Lim','customer730@email.com','09498441427','2026-01-03 23:18:30'),(731,'Rex','Navarro','customer731@email.com','09990568217','2025-09-24 23:18:30'),(732,'Ana','Flores','customer732@email.com','09504981031','2024-05-18 23:18:30'),(733,'Jose','Aguilar','customer733@email.com','09178151583','2025-09-27 23:18:30'),(734,'Faith','Aquino','customer734@email.com','09614745610','2025-09-06 23:18:30'),(735,'Corazon','Bautista','customer735@email.com','09116464447','2025-09-03 23:18:30'),(736,'Eduardo','Navarro','customer736@email.com','09225967304','2024-12-03 23:18:30'),(737,'Teresita','Castillo','customer737@email.com','09748971205','2025-09-10 23:18:30'),(738,'Sheryl','Torres','customer738@email.com','09692790631','2025-05-13 23:18:30'),(739,'Roberto','Gonzales','customer739@email.com','09600632621','2024-10-08 23:18:30'),(740,'Ernesto','Bautista','customer740@email.com','09380849661','2025-04-04 23:18:30'),(741,'Jomar','Sy','customer741@email.com','09600368062','2025-12-28 23:18:30'),(742,'Mark','Macaraeg','customer742@email.com','09443847870','2025-09-11 23:18:30'),(743,'Filipina','Lopez','customer743@email.com','09544454140','2026-02-20 23:18:30'),(744,'Andres','Navarro','customer744@email.com','09256683320','2026-03-22 23:18:30'),(745,'Fernando','Uy','customer745@email.com','09727099478','2024-08-22 23:18:30'),(746,'Arnel','Bautista','customer746@email.com','09263650505','2025-09-19 23:18:30'),(747,'Corazon','Torres','customer747@email.com','09507849850','2024-09-01 23:18:30'),(748,'Teresita','Sy','customer748@email.com','09691247918','2024-06-06 23:18:30'),(749,'Corazon','Flores','customer749@email.com','09919652226','2024-11-23 23:18:30'),(750,'Kristine','Lim','customer750@email.com','09280639501','2025-04-12 23:18:30');
/*!40000 ALTER TABLE `customers` ENABLE KEYS */;
UNLOCK TABLES;

--
-- Table structure for table `customers_archive`
--

DROP TABLE IF EXISTS `customers_archive`;
/*!40101 SET @saved_cs_client     = @@character_set_client */;
/*!40101 SET character_set_client = utf8 */;
CREATE TABLE `customers_archive` (
  `archive_id` int(11) NOT NULL AUTO_INCREMENT,
  `original_id` int(11) NOT NULL,
  `first_name` varchar(80) DEFAULT NULL,
  `last_name` varchar(80) DEFAULT NULL,
  `email` varchar(150) DEFAULT NULL,
  `phone` varchar(30) DEFAULT NULL,
  `created_at` timestamp NOT NULL DEFAULT current_timestamp() ON UPDATE current_timestamp(),
  `archived_at` timestamp NOT NULL DEFAULT current_timestamp(),
  `archived_by` varchar(100) DEFAULT 'system',
  `restore_status` enum('archived','restored') DEFAULT 'archived',
  PRIMARY KEY (`archive_id`)
) ENGINE=InnoDB AUTO_INCREMENT=6 DEFAULT CHARSET=utf8mb4 COLLATE=utf8mb4_general_ci;
/*!40101 SET character_set_client = @saved_cs_client */;

--
-- Dumping data for table `customers_archive`
--

LOCK TABLES `customers_archive` WRITE;
/*!40000 ALTER TABLE `customers_archive` DISABLE KEYS */;
INSERT INTO `customers_archive` VALUES (2,501,'Danilo','Villanueva','danilo.villanueva@gmail.com','09105638424','2026-05-08 07:44:55','2026-05-08 07:39:41','admin','restored'),(4,1,'Elena','Santos','customer1@email.com','09896233790','2026-05-08 07:57:35','2026-05-08 07:55:02','admin','restored'),(5,1,'Elena','Santos','customer1@email.com','09896233790','2026-05-08 07:58:51','2026-05-08 07:58:15','admin','restored');
/*!40000 ALTER TABLE `customers_archive` ENABLE KEYS */;
UNLOCK TABLES;

--
-- Table structure for table `inventory`
--

DROP TABLE IF EXISTS `inventory`;
/*!40101 SET @saved_cs_client     = @@character_set_client */;
/*!40101 SET character_set_client = utf8 */;
CREATE TABLE `inventory` (
  `id` int(11) NOT NULL AUTO_INCREMENT,
  `variant_id` int(11) NOT NULL,
  `quantity` int(11) NOT NULL DEFAULT 0,
  `reorder_level` int(11) NOT NULL DEFAULT 5,
  `updated_at` timestamp NOT NULL DEFAULT current_timestamp() ON UPDATE current_timestamp(),
  PRIMARY KEY (`id`),
  UNIQUE KEY `variant_id` (`variant_id`),
  CONSTRAINT `inventory_ibfk_1` FOREIGN KEY (`variant_id`) REFERENCES `product_variants` (`id`) ON DELETE CASCADE
) ENGINE=InnoDB AUTO_INCREMENT=751 DEFAULT CHARSET=utf8mb4 COLLATE=utf8mb4_general_ci;
/*!40101 SET character_set_client = @saved_cs_client */;

--
-- Dumping data for table `inventory`
--

LOCK TABLES `inventory` WRITE;
/*!40000 ALTER TABLE `inventory` DISABLE KEYS */;
INSERT INTO `inventory` VALUES (1,1,378,10,'2026-03-25 23:18:30'),(2,2,363,13,'2026-04-06 23:18:30'),(3,3,59,13,'2026-03-22 23:18:30'),(4,4,428,14,'2026-04-02 23:18:30'),(5,5,479,15,'2026-04-04 23:18:30'),(6,6,336,15,'2026-04-23 23:18:30'),(7,7,295,14,'2026-03-21 23:18:30'),(8,8,208,6,'2026-04-23 23:18:30'),(9,9,327,17,'2026-04-28 23:18:30'),(10,10,427,9,'2026-03-23 23:18:30'),(11,11,0,19,'2026-03-17 23:18:30'),(12,12,55,18,'2026-04-28 23:18:30'),(13,13,468,5,'2026-03-24 23:18:30'),(14,14,486,12,'2026-04-22 23:18:30'),(15,15,386,15,'2026-04-18 23:18:30'),(16,16,422,9,'2026-04-03 23:18:30'),(17,17,326,6,'2026-03-08 23:18:30'),(18,18,417,9,'2026-05-06 23:18:30'),(19,19,8,3,'2026-04-19 23:18:30'),(20,20,61,9,'2026-04-26 23:18:30'),(21,21,423,5,'2026-05-03 23:18:30'),(22,22,129,17,'2026-03-08 23:18:30'),(23,23,60,16,'2026-03-08 23:18:30'),(24,24,183,15,'2026-05-07 23:18:30'),(25,25,357,12,'2026-04-16 23:18:30'),(26,26,198,14,'2026-04-24 23:18:30'),(27,27,155,16,'2026-03-29 23:18:30'),(28,28,301,18,'2026-03-28 23:18:30'),(29,29,314,4,'2026-03-25 23:18:30'),(30,30,251,4,'2026-04-06 23:18:30'),(31,31,163,14,'2026-05-06 23:18:30'),(32,32,130,18,'2026-03-13 23:18:30'),(33,33,408,15,'2026-03-20 23:18:30'),(34,34,275,6,'2026-04-10 23:18:30'),(35,35,352,14,'2026-03-08 23:18:30'),(36,36,497,18,'2026-05-06 23:18:30'),(37,37,194,4,'2026-04-06 23:18:30'),(38,38,388,5,'2026-04-07 23:18:30'),(39,39,129,20,'2026-05-02 23:18:30'),(40,40,42,10,'2026-03-22 23:18:30'),(41,41,425,6,'2026-04-08 23:18:30'),(42,42,194,13,'2026-04-22 23:18:30'),(43,43,309,18,'2026-05-05 23:18:30'),(44,44,165,12,'2026-04-02 23:18:30'),(45,45,397,17,'2026-04-24 23:18:30'),(46,46,314,16,'2026-05-01 23:18:30'),(47,47,5,7,'2026-03-31 23:18:30'),(48,48,441,3,'2026-03-09 23:18:30'),(49,49,259,17,'2026-05-03 23:18:30'),(50,50,257,8,'2026-04-08 23:18:30'),(51,51,140,15,'2026-03-17 23:18:30'),(52,52,473,20,'2026-03-27 23:18:30'),(53,53,370,4,'2026-04-21 23:18:30'),(54,54,299,6,'2026-03-24 23:18:30'),(55,55,264,18,'2026-04-26 23:18:30'),(56,56,461,17,'2026-04-19 23:18:30'),(57,57,437,8,'2026-05-05 23:18:30'),(58,58,148,13,'2026-04-10 23:18:30'),(59,59,56,7,'2026-03-15 23:18:30'),(60,60,39,9,'2026-04-07 23:18:30'),(61,61,248,10,'2026-05-07 23:18:30'),(62,62,198,8,'2026-03-19 23:18:30'),(63,63,192,4,'2026-04-18 23:18:30'),(64,64,93,10,'2026-04-16 23:18:30'),(65,65,443,18,'2026-04-23 23:18:30'),(66,66,365,17,'2026-03-17 23:18:30'),(67,67,358,6,'2026-05-01 23:18:30'),(68,68,84,7,'2026-04-29 23:18:30'),(69,69,379,3,'2026-04-09 23:18:30'),(70,70,254,14,'2026-03-18 23:18:30'),(71,71,357,16,'2026-05-06 23:18:30'),(72,72,362,19,'2026-03-11 23:18:30'),(73,73,355,14,'2026-03-28 23:18:30'),(74,74,278,6,'2026-04-11 23:18:30'),(75,75,242,4,'2026-04-20 23:18:30'),(76,76,223,20,'2026-03-24 23:18:30'),(77,77,216,5,'2026-05-03 23:18:30'),(78,78,44,11,'2026-03-12 23:18:30'),(79,79,485,14,'2026-04-07 23:18:30'),(80,80,205,19,'2026-03-10 23:18:30'),(81,81,124,7,'2026-04-30 23:18:30'),(82,82,12,8,'2026-05-02 23:18:30'),(83,83,292,8,'2026-03-26 23:18:30'),(84,84,100,17,'2026-03-26 23:18:30'),(85,85,279,14,'2026-04-02 23:18:30'),(86,86,134,18,'2026-05-03 23:18:30'),(87,87,497,8,'2026-03-31 23:18:30'),(88,88,211,6,'2026-04-02 23:18:30'),(89,89,20,10,'2026-04-25 23:18:30'),(90,90,75,12,'2026-04-29 23:18:30'),(91,91,382,15,'2026-05-07 23:18:30'),(92,92,190,4,'2026-04-05 23:18:30'),(93,93,403,3,'2026-04-30 23:18:30'),(94,94,268,11,'2026-03-31 23:18:30'),(95,95,271,3,'2026-04-18 23:18:30'),(96,96,450,7,'2026-04-17 23:18:30'),(97,97,471,10,'2026-03-13 23:18:30'),(98,98,245,9,'2026-04-25 23:18:30'),(99,99,339,18,'2026-04-07 23:18:30'),(100,100,245,9,'2026-05-01 23:18:30'),(101,101,88,15,'2026-04-02 23:18:30'),(102,102,324,20,'2026-03-14 23:18:30'),(103,103,411,5,'2026-04-28 23:18:30'),(104,104,341,7,'2026-03-14 23:18:30'),(105,105,261,7,'2026-03-13 23:18:30'),(106,106,389,5,'2026-04-07 23:18:30'),(107,107,262,5,'2026-04-01 23:18:30'),(108,108,84,10,'2026-03-28 23:18:30'),(109,109,385,16,'2026-03-15 23:18:30'),(110,110,320,14,'2026-03-08 23:18:30'),(111,111,115,11,'2026-04-11 23:18:30'),(112,112,30,16,'2026-05-05 23:18:30'),(113,113,445,13,'2026-03-19 23:18:30'),(114,114,202,3,'2026-04-25 23:18:30'),(115,115,343,14,'2026-04-12 23:18:30'),(116,116,230,10,'2026-03-21 23:18:30'),(117,117,464,7,'2026-04-07 23:18:30'),(118,118,314,19,'2026-03-12 23:18:30'),(119,119,208,8,'2026-04-22 23:18:30'),(120,120,306,19,'2026-04-19 23:18:30'),(121,121,254,5,'2026-04-10 23:18:30'),(122,122,307,3,'2026-04-11 23:18:30'),(123,123,33,20,'2026-05-02 23:18:30'),(124,124,360,7,'2026-03-19 23:18:30'),(125,125,328,4,'2026-04-14 23:18:30'),(126,126,142,15,'2026-04-20 23:18:30'),(127,127,237,13,'2026-04-18 23:18:30'),(128,128,428,20,'2026-03-30 23:18:30'),(129,129,167,12,'2026-03-14 23:18:30'),(130,130,485,18,'2026-04-05 23:18:30'),(131,131,249,15,'2026-03-20 23:18:30'),(132,132,446,20,'2026-03-09 23:18:30'),(133,133,349,7,'2026-04-07 23:18:30'),(134,134,172,5,'2026-03-24 23:18:30'),(135,135,250,13,'2026-04-03 23:18:30'),(136,136,264,5,'2026-04-21 23:18:30'),(137,137,322,11,'2026-03-09 23:18:30'),(138,138,138,12,'2026-03-30 23:18:30'),(139,139,262,10,'2026-04-17 23:18:30'),(140,140,474,13,'2026-03-10 23:18:30'),(141,141,122,9,'2026-04-15 23:18:30'),(142,142,497,12,'2026-04-25 23:18:30'),(143,143,422,13,'2026-04-04 23:18:30'),(144,144,346,16,'2026-04-20 23:18:30'),(145,145,135,16,'2026-03-26 23:18:30'),(146,146,337,9,'2026-03-19 23:18:30'),(147,147,313,7,'2026-03-17 23:18:30'),(148,148,394,12,'2026-04-25 23:18:30'),(149,149,351,14,'2026-03-23 23:18:30'),(150,150,277,20,'2026-04-17 23:18:30'),(151,151,104,17,'2026-03-31 23:18:30'),(152,152,266,8,'2026-04-30 23:18:30'),(153,153,370,12,'2026-03-28 23:18:30'),(154,154,126,9,'2026-03-30 23:18:30'),(155,155,404,13,'2026-04-26 23:18:30'),(156,156,454,18,'2026-04-14 23:18:30'),(157,157,125,15,'2026-04-07 23:18:30'),(158,158,367,11,'2026-03-09 23:18:30'),(159,159,290,17,'2026-04-03 23:18:30'),(160,160,174,7,'2026-04-21 23:18:30'),(161,161,310,5,'2026-04-21 23:18:30'),(162,162,63,15,'2026-03-16 23:18:30'),(163,163,281,15,'2026-05-07 23:18:30'),(164,164,34,9,'2026-03-17 23:18:30'),(165,165,478,11,'2026-03-09 23:18:30'),(166,166,253,17,'2026-03-09 23:18:30'),(167,167,281,11,'2026-04-05 23:18:30'),(168,168,290,16,'2026-04-25 23:18:30'),(169,169,136,4,'2026-04-10 23:18:30'),(170,170,321,18,'2026-03-30 23:18:30'),(171,171,55,18,'2026-04-10 23:18:30'),(172,172,198,13,'2026-04-30 23:18:30'),(173,173,71,8,'2026-04-30 23:18:30'),(174,174,185,4,'2026-05-05 23:18:30'),(175,175,433,5,'2026-04-20 23:18:30'),(176,176,55,20,'2026-04-03 23:18:30'),(177,177,137,7,'2026-03-18 23:18:30'),(178,178,49,16,'2026-04-24 23:18:30'),(179,179,20,4,'2026-05-07 23:18:30'),(180,180,57,13,'2026-03-29 23:18:30'),(181,181,368,11,'2026-04-19 23:18:30'),(182,182,220,10,'2026-04-23 23:18:30'),(183,183,112,11,'2026-03-09 23:18:30'),(184,184,282,14,'2026-03-15 23:18:30'),(185,185,121,7,'2026-05-06 23:18:30'),(186,186,283,13,'2026-03-20 23:18:30'),(187,187,112,8,'2026-03-17 23:18:30'),(188,188,494,15,'2026-04-24 23:18:30'),(189,189,277,3,'2026-04-27 23:18:30'),(190,190,46,11,'2026-03-17 23:18:30'),(191,191,248,6,'2026-05-01 23:18:30'),(192,192,126,16,'2026-04-23 23:18:30'),(193,193,123,17,'2026-03-29 23:18:30'),(194,194,84,8,'2026-03-10 23:18:30'),(195,195,112,11,'2026-05-01 23:18:30'),(196,196,1,10,'2026-03-26 23:18:30'),(197,197,157,16,'2026-03-31 23:18:30'),(198,198,440,15,'2026-04-09 23:18:30'),(199,199,109,10,'2026-05-01 23:18:30'),(200,200,433,5,'2026-04-11 23:18:30'),(201,201,364,17,'2026-04-09 23:18:30'),(202,202,76,15,'2026-03-14 23:18:30'),(203,203,314,15,'2026-05-06 23:18:30'),(204,204,277,11,'2026-04-24 23:18:30'),(205,205,451,18,'2026-04-10 23:18:30'),(206,206,404,19,'2026-04-16 23:18:30'),(207,207,164,3,'2026-04-06 23:18:30'),(208,208,259,15,'2026-03-15 23:18:30'),(209,209,226,9,'2026-04-14 23:18:30'),(210,210,73,5,'2026-03-30 23:18:30'),(211,211,428,15,'2026-04-27 23:18:30'),(212,212,403,15,'2026-04-24 23:18:30'),(213,213,111,13,'2026-04-15 23:18:30'),(214,214,207,11,'2026-04-22 23:18:30'),(215,215,366,12,'2026-03-11 23:18:30'),(216,216,118,15,'2026-03-30 23:18:30'),(217,217,449,18,'2026-05-06 23:18:30'),(218,218,351,10,'2026-03-27 23:18:30'),(219,219,357,5,'2026-04-09 23:18:30'),(220,220,365,3,'2026-04-13 23:18:30'),(221,221,292,14,'2026-04-14 23:18:30'),(222,222,195,3,'2026-04-06 23:18:30'),(223,223,223,17,'2026-03-10 23:18:30'),(224,224,217,5,'2026-04-10 23:18:30'),(225,225,130,14,'2026-04-23 23:18:30'),(226,226,137,14,'2026-03-10 23:18:30'),(227,227,133,18,'2026-04-27 23:18:30'),(228,228,86,10,'2026-03-14 23:18:30'),(229,229,299,19,'2026-03-30 23:18:30'),(230,230,271,9,'2026-03-14 23:18:30'),(231,231,18,15,'2026-04-14 23:18:30'),(232,232,24,10,'2026-05-02 23:18:30'),(233,233,362,8,'2026-05-02 23:18:30'),(234,234,315,20,'2026-05-04 23:18:30'),(235,235,128,5,'2026-04-04 23:18:30'),(236,236,477,11,'2026-04-09 23:18:30'),(237,237,76,12,'2026-04-28 23:18:30'),(238,238,439,16,'2026-04-20 23:18:30'),(239,239,445,8,'2026-04-23 23:18:30'),(240,240,209,12,'2026-04-27 23:18:30'),(241,241,266,5,'2026-04-23 23:18:30'),(242,242,446,5,'2026-03-29 23:18:30'),(243,243,26,8,'2026-04-19 23:18:30'),(244,244,280,18,'2026-03-08 23:18:30'),(245,245,216,8,'2026-04-22 23:18:30'),(246,246,8,9,'2026-03-30 23:18:30'),(247,247,364,5,'2026-05-03 23:18:30'),(248,248,395,6,'2026-04-20 23:18:30'),(249,249,418,8,'2026-04-03 23:18:30'),(250,250,63,17,'2026-04-02 23:18:30'),(251,251,389,14,'2026-03-22 23:18:30'),(252,252,91,7,'2026-04-03 23:18:30'),(253,253,477,8,'2026-04-22 23:18:30'),(254,254,402,3,'2026-04-17 23:18:30'),(255,255,437,8,'2026-03-19 23:18:30'),(256,256,139,19,'2026-03-16 23:18:30'),(257,257,10,19,'2026-04-05 23:18:30'),(258,258,458,4,'2026-04-12 23:18:30'),(259,259,69,8,'2026-05-04 23:18:30'),(260,260,240,7,'2026-03-14 23:18:30'),(261,261,67,10,'2026-03-13 23:18:30'),(262,262,311,14,'2026-04-01 23:18:30'),(263,263,400,11,'2026-04-08 23:18:30'),(264,264,125,17,'2026-04-26 23:18:30'),(265,265,363,6,'2026-03-23 23:18:30'),(266,266,127,8,'2026-03-28 23:18:30'),(267,267,310,4,'2026-05-03 23:18:30'),(268,268,193,7,'2026-05-07 23:18:30'),(269,269,147,17,'2026-04-04 23:18:30'),(270,270,409,18,'2026-03-25 23:18:30'),(271,271,386,15,'2026-04-02 23:18:30'),(272,272,277,15,'2026-03-12 23:18:30'),(273,273,268,17,'2026-03-27 23:18:30'),(274,274,482,19,'2026-04-15 23:18:30'),(275,275,402,15,'2026-03-20 23:18:30'),(276,276,128,19,'2026-03-09 23:18:30'),(277,277,208,8,'2026-04-05 23:18:30'),(278,278,439,18,'2026-04-29 23:18:30'),(279,279,412,4,'2026-04-24 23:18:30'),(280,280,37,14,'2026-03-15 23:18:30'),(281,281,152,6,'2026-03-30 23:18:30'),(282,282,462,16,'2026-04-13 23:18:30'),(283,283,192,12,'2026-04-14 23:18:30'),(284,284,12,13,'2026-04-06 23:18:30'),(285,285,101,3,'2026-04-24 23:18:30'),(286,286,222,7,'2026-04-09 23:18:30'),(287,287,442,7,'2026-03-27 23:18:30'),(288,288,406,12,'2026-04-12 23:18:30'),(289,289,125,7,'2026-05-06 23:18:30'),(290,290,461,10,'2026-03-11 23:18:30'),(291,291,224,11,'2026-04-06 23:18:30'),(292,292,204,17,'2026-03-23 23:18:30'),(293,293,238,14,'2026-03-12 23:18:30'),(294,294,104,17,'2026-04-29 23:18:30'),(295,295,212,4,'2026-04-22 23:18:30'),(296,296,485,7,'2026-03-11 23:18:30'),(297,297,327,6,'2026-04-19 23:18:30'),(298,298,191,4,'2026-04-15 23:18:30'),(299,299,238,15,'2026-03-12 23:18:30'),(300,300,334,16,'2026-05-03 23:18:30'),(301,301,306,12,'2026-04-15 23:18:30'),(302,302,420,19,'2026-04-02 23:18:30'),(303,303,244,4,'2026-03-09 23:18:30'),(304,304,444,18,'2026-05-03 23:18:30'),(305,305,180,13,'2026-04-25 23:18:30'),(306,306,158,19,'2026-04-27 23:18:30'),(307,307,5,6,'2026-04-28 23:18:30'),(308,308,381,20,'2026-04-20 23:18:30'),(309,309,30,3,'2026-04-05 23:18:30'),(310,310,111,19,'2026-04-14 23:18:30'),(311,311,12,17,'2026-04-12 23:18:30'),(312,312,171,17,'2026-04-15 23:18:30'),(313,313,318,13,'2026-04-19 23:18:30'),(314,314,188,4,'2026-03-17 23:18:30'),(315,315,264,6,'2026-03-12 23:18:30'),(316,316,224,18,'2026-04-10 23:18:30'),(317,317,390,19,'2026-05-05 23:18:30'),(318,318,341,20,'2026-03-22 23:18:30'),(319,319,383,19,'2026-05-03 23:18:30'),(320,320,495,7,'2026-03-09 23:18:30'),(321,321,422,15,'2026-04-16 23:18:30'),(322,322,338,17,'2026-03-22 23:18:30'),(323,323,369,11,'2026-04-28 23:18:30'),(324,324,72,9,'2026-05-02 23:18:30'),(325,325,315,15,'2026-04-20 23:18:30'),(326,326,201,10,'2026-05-05 23:18:30'),(327,327,22,12,'2026-05-07 23:18:30'),(328,328,488,7,'2026-04-25 23:18:30'),(329,329,214,9,'2026-04-11 23:18:30'),(330,330,409,7,'2026-04-10 23:18:30'),(331,331,280,11,'2026-03-10 23:18:30'),(332,332,107,3,'2026-05-03 23:18:30'),(333,333,83,4,'2026-04-21 23:18:30'),(334,334,372,18,'2026-03-18 23:18:30'),(335,335,33,10,'2026-04-08 23:18:30'),(336,336,468,8,'2026-03-09 23:18:30'),(337,337,344,18,'2026-04-30 23:18:30'),(338,338,40,17,'2026-03-17 23:18:30'),(339,339,460,13,'2026-03-29 23:18:30'),(340,340,372,14,'2026-03-14 23:18:30'),(341,341,240,11,'2026-04-01 23:18:30'),(342,342,285,20,'2026-03-12 23:18:30'),(343,343,461,13,'2026-03-28 23:18:30'),(344,344,340,13,'2026-04-04 23:18:30'),(345,345,79,19,'2026-03-25 23:18:30'),(346,346,142,10,'2026-04-23 23:18:30'),(347,347,417,3,'2026-04-10 23:18:30'),(348,348,247,11,'2026-04-16 23:18:30'),(349,349,481,19,'2026-04-18 23:18:30'),(350,350,255,15,'2026-05-04 23:18:30'),(351,351,487,12,'2026-03-17 23:18:30'),(352,352,441,11,'2026-05-01 23:18:30'),(353,353,421,7,'2026-04-02 23:18:30'),(354,354,114,10,'2026-03-12 23:18:30'),(355,355,489,10,'2026-04-08 23:18:30'),(356,356,463,7,'2026-03-09 23:18:30'),(357,357,50,20,'2026-04-05 23:18:30'),(358,358,185,16,'2026-03-21 23:18:30'),(359,359,204,16,'2026-04-01 23:18:30'),(360,360,169,12,'2026-05-02 23:18:30'),(361,361,124,8,'2026-03-29 23:18:30'),(362,362,246,5,'2026-03-19 23:18:30'),(363,363,160,4,'2026-04-10 23:18:30'),(364,364,207,16,'2026-04-28 23:18:30'),(365,365,212,18,'2026-05-06 23:18:30'),(366,366,170,14,'2026-04-30 23:18:30'),(367,367,157,10,'2026-04-06 23:18:30'),(368,368,450,18,'2026-03-09 23:18:30'),(369,369,490,15,'2026-03-31 23:18:30'),(370,370,109,15,'2026-04-10 23:18:30'),(371,371,434,10,'2026-04-19 23:18:30'),(372,372,124,8,'2026-04-16 23:18:30'),(373,373,81,13,'2026-03-31 23:18:30'),(374,374,192,5,'2026-05-01 23:18:30'),(375,375,42,5,'2026-03-18 23:18:30'),(376,376,377,3,'2026-04-28 23:18:30'),(377,377,276,16,'2026-04-06 23:18:30'),(378,378,459,5,'2026-03-09 23:18:30'),(379,379,496,7,'2026-05-04 23:18:30'),(380,380,1,18,'2026-04-26 23:18:30'),(381,381,16,7,'2026-04-19 23:18:30'),(382,382,431,14,'2026-03-25 23:18:30'),(383,383,351,14,'2026-03-26 23:18:30'),(384,384,292,5,'2026-05-05 23:18:30'),(385,385,84,12,'2026-04-16 23:18:30'),(386,386,51,4,'2026-03-31 23:18:30'),(387,387,42,4,'2026-03-29 23:18:30'),(388,388,0,9,'2026-03-18 23:18:30'),(389,389,87,15,'2026-03-16 23:18:30'),(390,390,251,6,'2026-04-20 23:18:30'),(391,391,303,12,'2026-03-29 23:18:30'),(392,392,428,19,'2026-05-03 23:18:30'),(393,393,425,12,'2026-04-29 23:18:30'),(394,394,33,17,'2026-03-30 23:18:30'),(395,395,436,11,'2026-04-27 23:18:30'),(396,396,329,19,'2026-05-01 23:18:30'),(397,397,254,10,'2026-03-24 23:18:30'),(398,398,145,4,'2026-04-12 23:18:30'),(399,399,436,13,'2026-03-26 23:18:30'),(400,400,83,18,'2026-03-17 23:18:30'),(401,401,231,14,'2026-03-08 23:18:30'),(402,402,260,12,'2026-04-19 23:18:30'),(403,403,334,15,'2026-04-11 23:18:30'),(404,404,413,10,'2026-03-18 23:18:30'),(405,405,433,12,'2026-03-26 23:18:30'),(406,406,167,9,'2026-04-22 23:18:30'),(407,407,236,7,'2026-03-23 23:18:30'),(408,408,79,4,'2026-05-02 23:18:30'),(409,409,30,6,'2026-04-28 23:18:30'),(410,410,55,17,'2026-04-29 23:18:30'),(411,411,76,5,'2026-04-19 23:18:30'),(412,412,394,13,'2026-03-24 23:18:30'),(413,413,163,10,'2026-03-23 23:18:30'),(414,414,246,16,'2026-04-11 23:18:30'),(415,415,62,20,'2026-03-22 23:18:30'),(416,416,300,12,'2026-03-09 23:18:30'),(417,417,363,9,'2026-03-11 23:18:30'),(418,418,242,4,'2026-04-14 23:18:30'),(419,419,80,15,'2026-04-25 23:18:30'),(420,420,176,5,'2026-05-04 23:18:30'),(421,421,16,11,'2026-04-13 23:18:30'),(422,422,95,18,'2026-04-08 23:18:30'),(423,423,337,15,'2026-03-18 23:18:30'),(424,424,363,13,'2026-04-09 23:18:30'),(425,425,68,13,'2026-03-21 23:18:30'),(426,426,494,16,'2026-03-26 23:18:30'),(427,427,161,8,'2026-05-07 23:18:30'),(428,428,445,8,'2026-04-21 23:18:30'),(429,429,212,5,'2026-04-06 23:18:30'),(430,430,448,13,'2026-04-28 23:18:30'),(431,431,21,7,'2026-04-22 23:18:30'),(432,432,262,18,'2026-04-20 23:18:30'),(433,433,464,9,'2026-03-22 23:18:30'),(434,434,92,16,'2026-05-05 23:18:30'),(435,435,394,3,'2026-03-28 23:18:30'),(436,436,184,13,'2026-03-17 23:18:30'),(437,437,314,14,'2026-04-16 23:18:30'),(438,438,1,6,'2026-04-07 23:18:30'),(439,439,395,19,'2026-04-25 23:18:30'),(440,440,108,7,'2026-04-16 23:18:30'),(441,441,348,19,'2026-04-20 23:18:30'),(442,442,271,15,'2026-03-12 23:18:30'),(443,443,270,9,'2026-04-10 23:18:30'),(444,444,394,4,'2026-04-08 23:18:30'),(445,445,493,20,'2026-04-19 23:18:30'),(446,446,275,17,'2026-05-05 23:18:30'),(447,447,145,13,'2026-05-06 23:18:30'),(448,448,208,5,'2026-04-07 23:18:30'),(449,449,424,16,'2026-03-09 23:18:30'),(450,450,237,10,'2026-03-09 23:18:30'),(451,451,161,10,'2026-04-09 23:18:30'),(452,452,135,12,'2026-03-11 23:18:30'),(453,453,333,4,'2026-03-16 23:18:30'),(454,454,117,11,'2026-04-12 23:18:30'),(455,455,135,3,'2026-04-04 23:18:30'),(456,456,117,4,'2026-04-23 23:18:30'),(457,457,487,17,'2026-04-22 23:18:30'),(458,458,203,3,'2026-04-10 23:18:30'),(459,459,24,5,'2026-03-17 23:18:30'),(460,460,411,11,'2026-04-03 23:18:30'),(461,461,416,20,'2026-03-08 23:18:30'),(462,462,213,3,'2026-04-05 23:18:30'),(463,463,444,12,'2026-03-19 23:18:30'),(464,464,307,4,'2026-04-06 23:18:30'),(465,465,297,9,'2026-04-03 23:18:30'),(466,466,338,20,'2026-04-19 23:18:30'),(467,467,399,6,'2026-03-14 23:18:30'),(468,468,120,15,'2026-04-02 23:18:30'),(469,469,371,13,'2026-04-26 23:18:30'),(470,470,279,9,'2026-05-07 23:18:30'),(471,471,350,16,'2026-05-02 23:18:30'),(472,472,168,10,'2026-03-08 23:18:30'),(473,473,245,3,'2026-05-01 23:18:30'),(474,474,66,11,'2026-04-27 23:18:30'),(475,475,336,12,'2026-03-26 23:18:30'),(476,476,131,16,'2026-04-27 23:18:30'),(477,477,463,16,'2026-04-24 23:18:30'),(478,478,373,8,'2026-04-14 23:18:30'),(479,479,49,12,'2026-04-18 23:18:30'),(480,480,277,20,'2026-03-28 23:18:30'),(481,481,35,5,'2026-04-28 23:18:30'),(482,482,447,6,'2026-03-14 23:18:30'),(483,483,479,3,'2026-04-22 23:18:30'),(484,484,33,11,'2026-04-26 23:18:30'),(485,485,58,17,'2026-04-16 23:18:30'),(486,486,62,19,'2026-03-19 23:18:30'),(487,487,427,20,'2026-04-08 23:18:30'),(488,488,261,6,'2026-04-07 23:18:30'),(489,489,342,11,'2026-03-18 23:18:30'),(490,490,42,14,'2026-03-18 23:18:30'),(491,491,47,14,'2026-04-26 23:18:30'),(492,492,198,9,'2026-04-03 23:18:30'),(493,493,483,11,'2026-03-22 23:18:30'),(494,494,9,5,'2026-05-03 23:18:30'),(495,495,83,7,'2026-04-16 23:18:30'),(496,496,82,19,'2026-03-16 23:18:30'),(497,497,353,20,'2026-04-25 23:18:30'),(498,498,245,14,'2026-05-06 23:18:30'),(499,499,174,15,'2026-03-18 23:18:30'),(500,500,387,16,'2026-05-01 23:18:30'),(501,501,413,19,'2026-03-19 23:18:30'),(502,502,415,15,'2026-04-24 23:18:30'),(503,503,85,9,'2026-03-29 23:18:30'),(504,504,326,18,'2026-03-19 23:18:30'),(505,505,300,5,'2026-03-21 23:18:30'),(506,506,116,18,'2026-04-02 23:18:30'),(507,507,394,17,'2026-04-13 23:18:30'),(508,508,164,14,'2026-04-25 23:18:30'),(509,509,460,4,'2026-05-05 23:18:30'),(510,510,231,9,'2026-05-07 23:18:30'),(511,511,292,14,'2026-05-06 23:18:30'),(512,512,340,14,'2026-03-27 23:18:30'),(513,513,173,16,'2026-03-21 23:18:30'),(514,514,428,3,'2026-04-17 23:18:30'),(515,515,441,17,'2026-05-02 23:18:30'),(516,516,68,6,'2026-03-30 23:18:30'),(517,517,266,20,'2026-03-19 23:18:30'),(518,518,59,7,'2026-04-07 23:18:30'),(519,519,253,20,'2026-04-02 23:18:30'),(520,520,371,13,'2026-04-30 23:18:30'),(521,521,319,4,'2026-03-18 23:18:30'),(522,522,427,13,'2026-04-22 23:18:30'),(523,523,159,20,'2026-03-16 23:18:30'),(524,524,217,12,'2026-05-05 23:18:30'),(525,525,439,6,'2026-05-04 23:18:30'),(526,526,480,12,'2026-03-26 23:18:30'),(527,527,493,7,'2026-03-24 23:18:30'),(528,528,132,15,'2026-04-28 23:18:30'),(529,529,143,13,'2026-03-14 23:18:30'),(530,530,210,5,'2026-04-04 23:18:30'),(531,531,186,5,'2026-04-06 23:18:30'),(532,532,157,12,'2026-04-11 23:18:30'),(533,533,11,3,'2026-04-19 23:18:30'),(534,534,167,8,'2026-03-23 23:18:30'),(535,535,47,7,'2026-03-09 23:18:30'),(536,536,268,6,'2026-04-14 23:18:30'),(537,537,58,6,'2026-04-21 23:18:30'),(538,538,393,13,'2026-04-17 23:18:30'),(539,539,454,6,'2026-04-26 23:18:30'),(540,540,295,9,'2026-03-31 23:18:30'),(541,541,409,5,'2026-04-23 23:18:30'),(542,542,25,11,'2026-04-18 23:18:30'),(543,543,430,20,'2026-03-20 23:18:30'),(544,544,277,5,'2026-03-17 23:18:30'),(545,545,364,20,'2026-03-09 23:18:30'),(546,546,295,20,'2026-04-18 23:18:30'),(547,547,464,20,'2026-03-26 23:18:30'),(548,548,152,6,'2026-03-11 23:18:30'),(549,549,206,4,'2026-04-18 23:18:30'),(550,550,470,16,'2026-05-02 23:18:30'),(551,551,336,13,'2026-04-20 23:18:30'),(552,552,379,4,'2026-04-29 23:18:30'),(553,553,35,6,'2026-03-08 23:18:30'),(554,554,483,3,'2026-05-01 23:18:30'),(555,555,456,18,'2026-05-05 23:18:30'),(556,556,240,14,'2026-04-12 23:18:30'),(557,557,277,6,'2026-04-21 23:18:30'),(558,558,81,20,'2026-03-11 23:18:30'),(559,559,406,10,'2026-05-02 23:18:30'),(560,560,171,8,'2026-04-26 23:18:30'),(561,561,332,6,'2026-03-28 23:18:30'),(562,562,415,3,'2026-04-07 23:18:30'),(563,563,111,7,'2026-04-27 23:18:30'),(564,564,377,19,'2026-04-22 23:18:30'),(565,565,208,3,'2026-03-25 23:18:30'),(566,566,267,11,'2026-04-01 23:18:30'),(567,567,406,9,'2026-04-06 23:18:30'),(568,568,280,10,'2026-05-04 23:18:30'),(569,569,220,9,'2026-03-29 23:18:30'),(570,570,341,15,'2026-04-25 23:18:30'),(571,571,422,19,'2026-04-19 23:18:30'),(572,572,176,7,'2026-04-12 23:18:30'),(573,573,498,16,'2026-03-10 23:18:30'),(574,574,296,12,'2026-04-20 23:18:30'),(575,575,127,6,'2026-03-23 23:18:30'),(576,576,215,11,'2026-03-27 23:18:30'),(577,577,309,18,'2026-05-07 23:18:30'),(578,578,500,6,'2026-04-12 23:18:30'),(579,579,302,9,'2026-03-21 23:18:30'),(580,580,129,7,'2026-04-01 23:18:30'),(581,581,94,6,'2026-03-26 23:18:30'),(582,582,127,7,'2026-03-23 23:18:30'),(583,583,20,10,'2026-04-22 23:18:30'),(584,584,381,4,'2026-03-22 23:18:30'),(585,585,36,15,'2026-04-29 23:18:30'),(586,586,494,9,'2026-04-20 23:18:30'),(587,587,491,6,'2026-04-01 23:18:30'),(588,588,1,9,'2026-03-23 23:18:30'),(589,589,56,3,'2026-04-11 23:18:30'),(590,590,54,13,'2026-04-24 23:18:30'),(591,591,228,7,'2026-04-28 23:18:30'),(592,592,370,6,'2026-03-13 23:18:30'),(593,593,188,13,'2026-04-11 23:18:30'),(594,594,193,19,'2026-03-25 23:18:30'),(595,595,140,17,'2026-03-26 23:18:30'),(596,596,103,7,'2026-04-24 23:18:30'),(597,597,199,14,'2026-04-25 23:18:30'),(598,598,445,10,'2026-04-06 23:18:30'),(599,599,250,11,'2026-04-10 23:18:30'),(600,600,25,11,'2026-05-07 23:18:30'),(601,601,221,17,'2026-04-27 23:18:30'),(602,602,31,4,'2026-03-21 23:18:30'),(603,603,234,19,'2026-04-19 23:18:30'),(604,604,104,16,'2026-04-30 23:18:30'),(605,605,451,12,'2026-04-28 23:18:30'),(606,606,145,11,'2026-04-26 23:18:30'),(607,607,218,3,'2026-04-07 23:18:30'),(608,608,402,19,'2026-05-03 23:18:30'),(609,609,300,17,'2026-04-15 23:18:30'),(610,610,155,10,'2026-04-09 23:18:30'),(611,611,102,11,'2026-03-15 23:18:30'),(612,612,244,15,'2026-04-20 23:18:30'),(613,613,82,18,'2026-04-23 23:18:30'),(614,614,224,7,'2026-05-06 23:18:30'),(615,615,399,10,'2026-03-27 23:18:30'),(616,616,248,15,'2026-04-23 23:18:30'),(617,617,485,20,'2026-04-05 23:18:30'),(618,618,328,7,'2026-04-30 23:18:30'),(619,619,137,14,'2026-04-04 23:18:30'),(620,620,130,6,'2026-04-20 23:18:30'),(621,621,441,19,'2026-03-17 23:18:30'),(622,622,158,15,'2026-05-06 23:18:30'),(623,623,32,6,'2026-04-22 23:18:30'),(624,624,460,12,'2026-04-21 23:18:30'),(625,625,414,10,'2026-03-20 23:18:30'),(626,626,490,20,'2026-03-14 23:18:30'),(627,627,314,19,'2026-03-10 23:18:30'),(628,628,93,18,'2026-04-04 23:18:30'),(629,629,1,7,'2026-05-06 23:18:30'),(630,630,167,20,'2026-04-11 23:18:30'),(631,631,290,13,'2026-05-07 23:18:30'),(632,632,246,9,'2026-04-26 23:18:30'),(633,633,55,12,'2026-03-22 23:18:30'),(634,634,391,16,'2026-04-21 23:18:30'),(635,635,356,11,'2026-03-31 23:18:30'),(636,636,102,15,'2026-03-26 23:18:30'),(637,637,431,14,'2026-05-01 23:18:30'),(638,638,194,18,'2026-03-29 23:18:30'),(639,639,100,10,'2026-04-17 23:18:30'),(640,640,23,13,'2026-04-15 23:18:30'),(641,641,241,10,'2026-04-03 23:18:30'),(642,642,170,18,'2026-04-23 23:18:30'),(643,643,220,20,'2026-05-06 23:18:30'),(644,644,353,5,'2026-05-01 23:18:30'),(645,645,289,7,'2026-04-23 23:18:30'),(646,646,210,4,'2026-04-24 23:18:30'),(647,647,239,16,'2026-04-03 23:18:30'),(648,648,378,5,'2026-05-01 23:18:30'),(649,649,348,20,'2026-04-09 23:18:30'),(650,650,367,7,'2026-04-23 23:18:30'),(651,651,377,9,'2026-04-24 23:18:30'),(652,652,189,6,'2026-05-05 23:18:30'),(653,653,131,3,'2026-03-10 23:18:30'),(654,654,300,16,'2026-04-30 23:18:30'),(655,655,143,17,'2026-03-11 23:18:30'),(656,656,107,5,'2026-04-16 23:18:30'),(657,657,472,10,'2026-03-29 23:18:30'),(658,658,60,5,'2026-03-17 23:18:30'),(659,659,128,20,'2026-03-21 23:18:30'),(660,660,322,10,'2026-05-05 23:18:30'),(661,661,243,11,'2026-04-03 23:18:30'),(662,662,85,3,'2026-03-09 23:18:30'),(663,663,431,18,'2026-03-16 23:18:30'),(664,664,110,16,'2026-03-12 23:18:30'),(665,665,169,6,'2026-05-02 23:18:30'),(666,666,257,10,'2026-03-09 23:18:30'),(667,667,294,11,'2026-05-07 23:18:30'),(668,668,218,14,'2026-03-09 23:18:30'),(669,669,182,17,'2026-04-02 23:18:30'),(670,670,356,8,'2026-05-06 23:18:30'),(671,671,378,6,'2026-03-28 23:18:30'),(672,672,292,3,'2026-03-26 23:18:30'),(673,673,140,9,'2026-04-26 23:18:30'),(674,674,421,8,'2026-04-23 23:18:30'),(675,675,377,4,'2026-03-22 23:18:30'),(676,676,91,9,'2026-03-16 23:18:30'),(677,677,107,9,'2026-04-29 23:18:30'),(678,678,151,17,'2026-05-04 23:18:30'),(679,679,338,17,'2026-04-23 23:18:30'),(680,680,316,7,'2026-05-05 23:18:30'),(681,681,60,9,'2026-04-14 23:18:30'),(682,682,321,12,'2026-03-15 23:18:30'),(683,683,351,16,'2026-04-28 23:18:30'),(684,684,352,5,'2026-03-15 23:18:30'),(685,685,461,8,'2026-04-07 23:18:30'),(686,686,193,3,'2026-04-27 23:18:30'),(687,687,191,4,'2026-04-03 23:18:30'),(688,688,89,16,'2026-05-01 23:18:30'),(689,689,43,8,'2026-04-24 23:18:30'),(690,690,37,7,'2026-04-11 23:18:30'),(691,691,55,16,'2026-04-23 23:18:30'),(692,692,358,8,'2026-04-20 23:18:30'),(693,693,365,19,'2026-03-23 23:18:30'),(694,694,284,19,'2026-03-08 23:18:30'),(695,695,461,13,'2026-03-12 23:18:30'),(696,696,231,8,'2026-03-15 23:18:30'),(697,697,304,20,'2026-03-26 23:18:30'),(698,698,290,9,'2026-04-09 23:18:30'),(699,699,217,8,'2026-03-29 23:18:30'),(700,700,428,17,'2026-04-20 23:18:30'),(701,701,161,11,'2026-03-30 23:18:30'),(702,702,109,3,'2026-04-25 23:18:30'),(703,703,207,12,'2026-04-13 23:18:30'),(704,704,395,20,'2026-04-08 23:18:30'),(705,705,474,5,'2026-03-13 23:18:30'),(706,706,297,6,'2026-03-18 23:18:30'),(707,707,355,7,'2026-03-11 23:18:30'),(708,708,27,10,'2026-03-21 23:18:30'),(709,709,358,20,'2026-03-08 23:18:30'),(710,710,438,6,'2026-04-02 23:18:30'),(711,711,245,15,'2026-03-10 23:18:30'),(712,712,332,7,'2026-05-04 23:18:30'),(713,713,265,8,'2026-04-03 23:18:30'),(714,714,448,10,'2026-03-17 23:18:30'),(715,715,64,10,'2026-03-10 23:18:30'),(716,716,25,19,'2026-03-14 23:18:30'),(717,717,310,20,'2026-03-12 23:18:30'),(718,718,37,10,'2026-04-03 23:18:30'),(719,719,282,5,'2026-04-16 23:18:30'),(720,720,268,20,'2026-05-02 23:18:30'),(721,721,132,11,'2026-04-16 23:18:30'),(722,722,281,7,'2026-03-16 23:18:30'),(723,723,91,4,'2026-04-10 23:18:30'),(724,724,251,9,'2026-04-29 23:18:30'),(725,725,411,10,'2026-03-24 23:18:30'),(726,726,325,5,'2026-04-04 23:18:30'),(727,727,75,17,'2026-05-03 23:18:30'),(728,728,216,20,'2026-05-02 23:18:30'),(729,729,377,13,'2026-04-08 23:18:30'),(730,730,84,11,'2026-03-14 23:18:30'),(731,731,172,3,'2026-05-05 23:18:30'),(732,732,391,3,'2026-03-19 23:18:30'),(733,733,13,3,'2026-03-13 23:18:30'),(734,734,414,3,'2026-05-02 23:18:30'),(735,735,165,8,'2026-03-20 23:18:30'),(736,736,380,5,'2026-05-02 23:18:30'),(737,737,352,9,'2026-04-07 23:18:30'),(738,738,487,6,'2026-04-09 23:18:30'),(739,739,401,20,'2026-03-27 23:18:30'),(740,740,190,4,'2026-03-18 23:18:30'),(741,741,322,3,'2026-03-22 23:18:30'),(742,742,76,14,'2026-04-17 23:18:30'),(743,743,194,6,'2026-03-18 23:18:30'),(744,744,468,19,'2026-03-27 23:18:30'),(745,745,148,12,'2026-04-21 23:18:30'),(746,746,81,5,'2026-04-03 23:18:30'),(747,747,416,7,'2026-03-30 23:18:30'),(748,748,342,20,'2026-04-07 23:18:30'),(749,749,147,18,'2026-04-04 23:18:30'),(750,750,466,5,'2026-04-28 23:18:30');
/*!40000 ALTER TABLE `inventory` ENABLE KEYS */;
UNLOCK TABLES;

--
-- Table structure for table `locations`
--

DROP TABLE IF EXISTS `locations`;
/*!40101 SET @saved_cs_client     = @@character_set_client */;
/*!40101 SET character_set_client = utf8 */;
CREATE TABLE `locations` (
  `id` int(11) NOT NULL AUTO_INCREMENT,
  `city` varchar(100) NOT NULL,
  `province` varchar(100) DEFAULT NULL,
  `postal_code` varchar(20) NOT NULL,
  `country` varchar(60) NOT NULL DEFAULT 'Philippines',
  PRIMARY KEY (`id`),
  UNIQUE KEY `postal_code` (`postal_code`)
) ENGINE=InnoDB AUTO_INCREMENT=751 DEFAULT CHARSET=utf8mb4 COLLATE=utf8mb4_general_ci;
/*!40101 SET character_set_client = @saved_cs_client */;

--
-- Dumping data for table `locations`
--

LOCK TABLES `locations` WRITE;
/*!40000 ALTER TABLE `locations` DISABLE KEYS */;
INSERT INTO `locations` VALUES (1,'Cagayan de Oro ','Misamis Oriental','9000','Philippines'),(2,'Davao City ','Davao del Sur','8000','Philippines'),(3,'Cebu City ','Cebu','6000','Philippines'),(4,'Manila ','Metro Manila','1000','Philippines'),(5,'Quezon City ','Metro Manila','1100','Philippines'),(6,'Zamboanga City ','Zamboanga del Sur','7000','Philippines'),(7,'Bacolod ','Negros Occidental','6100','Philippines'),(8,'Iloilo City ','Iloilo','5000','Philippines'),(9,'General Santos ','South Cotabato','9500','Philippines'),(10,'Butuan ','Agusan del Norte','8600','Philippines'),(11,'Tacloban ','Leyte','6500','Philippines'),(12,'Baguio ','Benguet','2600','Philippines'),(13,'Antipolo ','Rizal','1870','Philippines'),(14,'Pasig ','Metro Manila','1600','Philippines'),(15,'Taguig ','Metro Manila','1630','Philippines'),(16,'Makati ','Metro Manila','1200','Philippines'),(17,'Mandaluyong ','Metro Manila','1550','Philippines'),(18,'Lipa ','Batangas','4217','Philippines'),(19,'Lucena ','Quezon','4301','Philippines'),(20,'Iligan City 1','Lanao del Norte','9201','Philippines'),(21,'Cagayan de Oro 1','Misamis Oriental','9001','Philippines'),(22,'Davao City 1','Davao del Sur','8001','Philippines'),(23,'Cebu City 1','Cebu','6001','Philippines'),(24,'Manila 1','Metro Manila','1001','Philippines'),(25,'Quezon City 1','Metro Manila','1101','Philippines'),(26,'Zamboanga City 1','Zamboanga del Sur','7001','Philippines'),(27,'Bacolod 1','Negros Occidental','6101','Philippines'),(28,'Iloilo City 1','Iloilo','5001','Philippines'),(29,'General Santos 1','South Cotabato','9501','Philippines'),(30,'Butuan 1','Agusan del Norte','8601','Philippines'),(31,'Tacloban 1','Leyte','6501','Philippines'),(32,'Baguio 1','Benguet','2601','Philippines'),(33,'Antipolo 1','Rizal','1871','Philippines'),(34,'Pasig 1','Metro Manila','1601','Philippines'),(35,'Taguig 1','Metro Manila','1631','Philippines'),(36,'Makati 1','Metro Manila','1201','Philippines'),(37,'Mandaluyong 1','Metro Manila','1551','Philippines'),(38,'Lipa 1','Batangas','4218','Philippines'),(39,'Lucena 1','Quezon','4302','Philippines'),(40,'Iligan City 2','Lanao del Norte','9202','Philippines'),(41,'Cagayan de Oro 2','Misamis Oriental','9002','Philippines'),(42,'Davao City 2','Davao del Sur','8002','Philippines'),(43,'Cebu City 2','Cebu','6002','Philippines'),(44,'Manila 2','Metro Manila','1002','Philippines'),(45,'Quezon City 2','Metro Manila','1102','Philippines'),(46,'Zamboanga City 2','Zamboanga del Sur','7002','Philippines'),(47,'Bacolod 2','Negros Occidental','6102','Philippines'),(48,'Iloilo City 2','Iloilo','5002','Philippines'),(49,'General Santos 2','South Cotabato','9502','Philippines'),(50,'Butuan 2','Agusan del Norte','8602','Philippines'),(51,'Tacloban 2','Leyte','6502','Philippines'),(52,'Baguio 2','Benguet','2602','Philippines'),(53,'Antipolo 2','Rizal','1872','Philippines'),(54,'Pasig 2','Metro Manila','1602','Philippines'),(55,'Taguig 2','Metro Manila','1632','Philippines'),(56,'Makati 2','Metro Manila','1202','Philippines'),(57,'Mandaluyong 2','Metro Manila','1552','Philippines'),(58,'Lipa 2','Batangas','4219','Philippines'),(59,'Lucena 2','Quezon','4303','Philippines'),(60,'Iligan City 3','Lanao del Norte','9203','Philippines'),(61,'Cagayan de Oro 3','Misamis Oriental','9003','Philippines'),(62,'Davao City 3','Davao del Sur','8003','Philippines'),(63,'Cebu City 3','Cebu','6003','Philippines'),(64,'Manila 3','Metro Manila','1003','Philippines'),(65,'Quezon City 3','Metro Manila','1103','Philippines'),(66,'Zamboanga City 3','Zamboanga del Sur','7003','Philippines'),(67,'Bacolod 3','Negros Occidental','6103','Philippines'),(68,'Iloilo City 3','Iloilo','5003','Philippines'),(69,'General Santos 3','South Cotabato','9503','Philippines'),(70,'Butuan 3','Agusan del Norte','8603','Philippines'),(71,'Tacloban 3','Leyte','6503','Philippines'),(72,'Baguio 3','Benguet','2603','Philippines'),(73,'Antipolo 3','Rizal','1873','Philippines'),(74,'Pasig 3','Metro Manila','1603','Philippines'),(75,'Taguig 3','Metro Manila','1633','Philippines'),(76,'Makati 3','Metro Manila','1203','Philippines'),(77,'Mandaluyong 3','Metro Manila','1553','Philippines'),(78,'Lipa 3','Batangas','4220','Philippines'),(79,'Lucena 3','Quezon','4304','Philippines'),(80,'Iligan City 4','Lanao del Norte','9204','Philippines'),(81,'Cagayan de Oro 4','Misamis Oriental','9004','Philippines'),(82,'Davao City 4','Davao del Sur','8004','Philippines'),(83,'Cebu City 4','Cebu','6004','Philippines'),(84,'Manila 4','Metro Manila','1004','Philippines'),(85,'Quezon City 4','Metro Manila','1104','Philippines'),(86,'Zamboanga City 4','Zamboanga del Sur','7004','Philippines'),(87,'Bacolod 4','Negros Occidental','6104','Philippines'),(88,'Iloilo City 4','Iloilo','5004','Philippines'),(89,'General Santos 4','South Cotabato','9504','Philippines'),(90,'Butuan 4','Agusan del Norte','8604','Philippines'),(91,'Tacloban 4','Leyte','6504','Philippines'),(92,'Baguio 4','Benguet','2604','Philippines'),(93,'Antipolo 4','Rizal','1874','Philippines'),(94,'Pasig 4','Metro Manila','1604','Philippines'),(95,'Taguig 4','Metro Manila','1634','Philippines'),(96,'Makati 4','Metro Manila','1204','Philippines'),(97,'Mandaluyong 4','Metro Manila','1554','Philippines'),(98,'Lipa 4','Batangas','4221','Philippines'),(99,'Lucena 4','Quezon','4305','Philippines'),(100,'Iligan City 5','Lanao del Norte','9205','Philippines'),(101,'Cagayan de Oro 5','Misamis Oriental','9005','Philippines'),(102,'Davao City 5','Davao del Sur','8005','Philippines'),(103,'Cebu City 5','Cebu','6005','Philippines'),(104,'Manila 5','Metro Manila','1005','Philippines'),(105,'Quezon City 5','Metro Manila','1105','Philippines'),(106,'Zamboanga City 5','Zamboanga del Sur','7005','Philippines'),(107,'Bacolod 5','Negros Occidental','6105','Philippines'),(108,'Iloilo City 5','Iloilo','5005','Philippines'),(109,'General Santos 5','South Cotabato','9505','Philippines'),(110,'Butuan 5','Agusan del Norte','8605','Philippines'),(111,'Tacloban 5','Leyte','6505','Philippines'),(112,'Baguio 5','Benguet','2605','Philippines'),(113,'Antipolo 5','Rizal','1875','Philippines'),(114,'Pasig 5','Metro Manila','1605','Philippines'),(115,'Taguig 5','Metro Manila','1635','Philippines'),(116,'Makati 5','Metro Manila','1205','Philippines'),(117,'Mandaluyong 5','Metro Manila','1555','Philippines'),(118,'Lipa 5','Batangas','4222','Philippines'),(119,'Lucena 5','Quezon','4306','Philippines'),(120,'Iligan City 6','Lanao del Norte','9206','Philippines'),(121,'Cagayan de Oro 6','Misamis Oriental','9006','Philippines'),(122,'Davao City 6','Davao del Sur','8006','Philippines'),(123,'Cebu City 6','Cebu','6006','Philippines'),(124,'Manila 6','Metro Manila','1006','Philippines'),(125,'Quezon City 6','Metro Manila','1106','Philippines'),(126,'Zamboanga City 6','Zamboanga del Sur','7006','Philippines'),(127,'Bacolod 6','Negros Occidental','6106','Philippines'),(128,'Iloilo City 6','Iloilo','5006','Philippines'),(129,'General Santos 6','South Cotabato','9506','Philippines'),(130,'Butuan 6','Agusan del Norte','8606','Philippines'),(131,'Tacloban 6','Leyte','6506','Philippines'),(132,'Baguio 6','Benguet','2606','Philippines'),(133,'Antipolo 6','Rizal','1876','Philippines'),(134,'Pasig 6','Metro Manila','1606','Philippines'),(135,'Taguig 6','Metro Manila','1636','Philippines'),(136,'Makati 6','Metro Manila','1206','Philippines'),(137,'Mandaluyong 6','Metro Manila','1556','Philippines'),(138,'Lipa 6','Batangas','4223','Philippines'),(139,'Lucena 6','Quezon','4307','Philippines'),(140,'Iligan City 7','Lanao del Norte','9207','Philippines'),(141,'Cagayan de Oro 7','Misamis Oriental','9007','Philippines'),(142,'Davao City 7','Davao del Sur','8007','Philippines'),(143,'Cebu City 7','Cebu','6007','Philippines'),(144,'Manila 7','Metro Manila','1007','Philippines'),(145,'Quezon City 7','Metro Manila','1107','Philippines'),(146,'Zamboanga City 7','Zamboanga del Sur','7007','Philippines'),(147,'Bacolod 7','Negros Occidental','6107','Philippines'),(148,'Iloilo City 7','Iloilo','5007','Philippines'),(149,'General Santos 7','South Cotabato','9507','Philippines'),(150,'Butuan 7','Agusan del Norte','8607','Philippines'),(151,'Tacloban 7','Leyte','6507','Philippines'),(152,'Baguio 7','Benguet','2607','Philippines'),(153,'Antipolo 7','Rizal','1877','Philippines'),(154,'Pasig 7','Metro Manila','1607','Philippines'),(155,'Taguig 7','Metro Manila','1637','Philippines'),(156,'Makati 7','Metro Manila','1207','Philippines'),(157,'Mandaluyong 7','Metro Manila','1557','Philippines'),(158,'Lipa 7','Batangas','4224','Philippines'),(159,'Lucena 7','Quezon','4308','Philippines'),(160,'Iligan City 8','Lanao del Norte','9208','Philippines'),(161,'Cagayan de Oro 8','Misamis Oriental','9008','Philippines'),(162,'Davao City 8','Davao del Sur','8008','Philippines'),(163,'Cebu City 8','Cebu','6008','Philippines'),(164,'Manila 8','Metro Manila','1008','Philippines'),(165,'Quezon City 8','Metro Manila','1108','Philippines'),(166,'Zamboanga City 8','Zamboanga del Sur','7008','Philippines'),(167,'Bacolod 8','Negros Occidental','6108','Philippines'),(168,'Iloilo City 8','Iloilo','5008','Philippines'),(169,'General Santos 8','South Cotabato','9508','Philippines'),(170,'Butuan 8','Agusan del Norte','8608','Philippines'),(171,'Tacloban 8','Leyte','6508','Philippines'),(172,'Baguio 8','Benguet','2608','Philippines'),(173,'Antipolo 8','Rizal','1878','Philippines'),(174,'Pasig 8','Metro Manila','1608','Philippines'),(175,'Taguig 8','Metro Manila','1638','Philippines'),(176,'Makati 8','Metro Manila','1208','Philippines'),(177,'Mandaluyong 8','Metro Manila','1558','Philippines'),(178,'Lipa 8','Batangas','4225','Philippines'),(179,'Lucena 8','Quezon','4309','Philippines'),(180,'Iligan City 9','Lanao del Norte','9209','Philippines'),(181,'Cagayan de Oro 9','Misamis Oriental','9009','Philippines'),(182,'Davao City 9','Davao del Sur','8009','Philippines'),(183,'Cebu City 9','Cebu','6009','Philippines'),(184,'Manila 9','Metro Manila','1009','Philippines'),(185,'Quezon City 9','Metro Manila','1109','Philippines'),(186,'Zamboanga City 9','Zamboanga del Sur','7009','Philippines'),(187,'Bacolod 9','Negros Occidental','6109','Philippines'),(188,'Iloilo City 9','Iloilo','5009','Philippines'),(189,'General Santos 9','South Cotabato','9509','Philippines'),(190,'Butuan 9','Agusan del Norte','8609','Philippines'),(191,'Tacloban 9','Leyte','6509','Philippines'),(192,'Baguio 9','Benguet','2609','Philippines'),(193,'Antipolo 9','Rizal','1879','Philippines'),(194,'Pasig 9','Metro Manila','1609','Philippines'),(195,'Taguig 9','Metro Manila','1639','Philippines'),(196,'Makati 9','Metro Manila','1209','Philippines'),(197,'Mandaluyong 9','Metro Manila','1559','Philippines'),(198,'Lipa 9','Batangas','4226','Philippines'),(199,'Lucena 9','Quezon','4310','Philippines'),(200,'Iligan City 10','Lanao del Norte','9210','Philippines'),(201,'Cagayan de Oro 10','Misamis Oriental','9010','Philippines'),(202,'Davao City 10','Davao del Sur','8010','Philippines'),(203,'Cebu City 10','Cebu','6010','Philippines'),(204,'Manila 10','Metro Manila','1010','Philippines'),(205,'Quezon City 10','Metro Manila','1110','Philippines'),(206,'Zamboanga City 10','Zamboanga del Sur','7010','Philippines'),(207,'Bacolod 10','Negros Occidental','6110','Philippines'),(208,'Iloilo City 10','Iloilo','5010','Philippines'),(209,'General Santos 10','South Cotabato','9510','Philippines'),(210,'Butuan 10','Agusan del Norte','8610','Philippines'),(211,'Tacloban 10','Leyte','6510','Philippines'),(212,'Baguio 10','Benguet','2610','Philippines'),(213,'Antipolo 10','Rizal','1880','Philippines'),(214,'Pasig 10','Metro Manila','1610','Philippines'),(215,'Taguig 10','Metro Manila','1640','Philippines'),(216,'Makati 10','Metro Manila','1210','Philippines'),(217,'Mandaluyong 10','Metro Manila','1560','Philippines'),(218,'Lipa 10','Batangas','4227','Philippines'),(219,'Lucena 10','Quezon','4311','Philippines'),(220,'Iligan City 11','Lanao del Norte','9211','Philippines'),(221,'Cagayan de Oro 11','Misamis Oriental','9011','Philippines'),(222,'Davao City 11','Davao del Sur','8011','Philippines'),(223,'Cebu City 11','Cebu','6011','Philippines'),(224,'Manila 11','Metro Manila','1011','Philippines'),(225,'Quezon City 11','Metro Manila','1111','Philippines'),(226,'Zamboanga City 11','Zamboanga del Sur','7011','Philippines'),(227,'Bacolod 11','Negros Occidental','6111','Philippines'),(228,'Iloilo City 11','Iloilo','5011','Philippines'),(229,'General Santos 11','South Cotabato','9511','Philippines'),(230,'Butuan 11','Agusan del Norte','8611','Philippines'),(231,'Tacloban 11','Leyte','6511','Philippines'),(232,'Baguio 11','Benguet','2611','Philippines'),(233,'Antipolo 11','Rizal','1881','Philippines'),(234,'Pasig 11','Metro Manila','1611','Philippines'),(235,'Taguig 11','Metro Manila','1641','Philippines'),(236,'Makati 11','Metro Manila','1211','Philippines'),(237,'Mandaluyong 11','Metro Manila','1561','Philippines'),(238,'Lipa 11','Batangas','4228','Philippines'),(239,'Lucena 11','Quezon','4312','Philippines'),(240,'Iligan City 12','Lanao del Norte','9212','Philippines'),(241,'Cagayan de Oro 12','Misamis Oriental','9012','Philippines'),(242,'Davao City 12','Davao del Sur','8012','Philippines'),(243,'Cebu City 12','Cebu','6012','Philippines'),(244,'Manila 12','Metro Manila','1012','Philippines'),(245,'Quezon City 12','Metro Manila','1112','Philippines'),(246,'Zamboanga City 12','Zamboanga del Sur','7012','Philippines'),(247,'Bacolod 12','Negros Occidental','6112','Philippines'),(248,'Iloilo City 12','Iloilo','5012','Philippines'),(249,'General Santos 12','South Cotabato','9512','Philippines'),(250,'Butuan 12','Agusan del Norte','8612','Philippines'),(251,'Tacloban 12','Leyte','6512','Philippines'),(252,'Baguio 12','Benguet','2612','Philippines'),(253,'Antipolo 12','Rizal','1882','Philippines'),(254,'Pasig 12','Metro Manila','1612','Philippines'),(255,'Taguig 12','Metro Manila','1642','Philippines'),(256,'Makati 12','Metro Manila','1212','Philippines'),(257,'Mandaluyong 12','Metro Manila','1562','Philippines'),(258,'Lipa 12','Batangas','4229','Philippines'),(259,'Lucena 12','Quezon','4313','Philippines'),(260,'Iligan City 13','Lanao del Norte','9213','Philippines'),(261,'Cagayan de Oro 13','Misamis Oriental','9013','Philippines'),(262,'Davao City 13','Davao del Sur','8013','Philippines'),(263,'Cebu City 13','Cebu','6013','Philippines'),(264,'Manila 13','Metro Manila','1013','Philippines'),(265,'Quezon City 13','Metro Manila','1113','Philippines'),(266,'Zamboanga City 13','Zamboanga del Sur','7013','Philippines'),(267,'Bacolod 13','Negros Occidental','6113','Philippines'),(268,'Iloilo City 13','Iloilo','5013','Philippines'),(269,'General Santos 13','South Cotabato','9513','Philippines'),(270,'Butuan 13','Agusan del Norte','8613','Philippines'),(271,'Tacloban 13','Leyte','6513','Philippines'),(272,'Baguio 13','Benguet','2613','Philippines'),(273,'Antipolo 13','Rizal','1883','Philippines'),(274,'Pasig 13','Metro Manila','1613','Philippines'),(275,'Taguig 13','Metro Manila','1643','Philippines'),(276,'Makati 13','Metro Manila','1213','Philippines'),(277,'Mandaluyong 13','Metro Manila','1563','Philippines'),(278,'Lipa 13','Batangas','4230','Philippines'),(279,'Lucena 13','Quezon','4314','Philippines'),(280,'Iligan City 14','Lanao del Norte','9214','Philippines'),(281,'Cagayan de Oro 14','Misamis Oriental','9014','Philippines'),(282,'Davao City 14','Davao del Sur','8014','Philippines'),(283,'Cebu City 14','Cebu','6014','Philippines'),(284,'Manila 14','Metro Manila','1014','Philippines'),(285,'Quezon City 14','Metro Manila','1114','Philippines'),(286,'Zamboanga City 14','Zamboanga del Sur','7014','Philippines'),(287,'Bacolod 14','Negros Occidental','6114','Philippines'),(288,'Iloilo City 14','Iloilo','5014','Philippines'),(289,'General Santos 14','South Cotabato','9514','Philippines'),(290,'Butuan 14','Agusan del Norte','8614','Philippines'),(291,'Tacloban 14','Leyte','6514','Philippines'),(292,'Baguio 14','Benguet','2614','Philippines'),(293,'Antipolo 14','Rizal','1884','Philippines'),(294,'Pasig 14','Metro Manila','1614','Philippines'),(295,'Taguig 14','Metro Manila','1644','Philippines'),(296,'Makati 14','Metro Manila','1214','Philippines'),(297,'Mandaluyong 14','Metro Manila','1564','Philippines'),(298,'Lipa 14','Batangas','4231','Philippines'),(299,'Lucena 14','Quezon','4315','Philippines'),(300,'Iligan City 15','Lanao del Norte','9215','Philippines'),(301,'Cagayan de Oro 15','Misamis Oriental','9015','Philippines'),(302,'Davao City 15','Davao del Sur','8015','Philippines'),(303,'Cebu City 15','Cebu','6015','Philippines'),(304,'Manila 15','Metro Manila','1015','Philippines'),(305,'Quezon City 15','Metro Manila','1115','Philippines'),(306,'Zamboanga City 15','Zamboanga del Sur','7015','Philippines'),(307,'Bacolod 15','Negros Occidental','6115','Philippines'),(308,'Iloilo City 15','Iloilo','5015','Philippines'),(309,'General Santos 15','South Cotabato','9515','Philippines'),(310,'Butuan 15','Agusan del Norte','8615','Philippines'),(311,'Tacloban 15','Leyte','6515','Philippines'),(312,'Baguio 15','Benguet','2615','Philippines'),(313,'Antipolo 15','Rizal','1885','Philippines'),(314,'Pasig 15','Metro Manila','1615','Philippines'),(315,'Taguig 15','Metro Manila','1645','Philippines'),(316,'Makati 15','Metro Manila','1215','Philippines'),(317,'Mandaluyong 15','Metro Manila','1565','Philippines'),(318,'Lipa 15','Batangas','4232','Philippines'),(319,'Lucena 15','Quezon','4316','Philippines'),(320,'Iligan City 16','Lanao del Norte','9216','Philippines'),(321,'Cagayan de Oro 16','Misamis Oriental','9016','Philippines'),(322,'Davao City 16','Davao del Sur','8016','Philippines'),(323,'Cebu City 16','Cebu','6016','Philippines'),(324,'Manila 16','Metro Manila','1016','Philippines'),(325,'Quezon City 16','Metro Manila','1116','Philippines'),(326,'Zamboanga City 16','Zamboanga del Sur','7016','Philippines'),(327,'Bacolod 16','Negros Occidental','6116','Philippines'),(328,'Iloilo City 16','Iloilo','5016','Philippines'),(329,'General Santos 16','South Cotabato','9516','Philippines'),(330,'Butuan 16','Agusan del Norte','8616','Philippines'),(331,'Tacloban 16','Leyte','6516','Philippines'),(332,'Baguio 16','Benguet','2616','Philippines'),(333,'Antipolo 16','Rizal','1886','Philippines'),(334,'Pasig 16','Metro Manila','1616','Philippines'),(335,'Taguig 16','Metro Manila','1646','Philippines'),(336,'Makati 16','Metro Manila','1216','Philippines'),(337,'Mandaluyong 16','Metro Manila','1566','Philippines'),(338,'Lipa 16','Batangas','4233','Philippines'),(339,'Lucena 16','Quezon','4317','Philippines'),(340,'Iligan City 17','Lanao del Norte','9217','Philippines'),(341,'Cagayan de Oro 17','Misamis Oriental','9017','Philippines'),(342,'Davao City 17','Davao del Sur','8017','Philippines'),(343,'Cebu City 17','Cebu','6017','Philippines'),(344,'Manila 17','Metro Manila','1017','Philippines'),(345,'Quezon City 17','Metro Manila','1117','Philippines'),(346,'Zamboanga City 17','Zamboanga del Sur','7017','Philippines'),(347,'Bacolod 17','Negros Occidental','6117','Philippines'),(348,'Iloilo City 17','Iloilo','5017','Philippines'),(349,'General Santos 17','South Cotabato','9517','Philippines'),(350,'Butuan 17','Agusan del Norte','8617','Philippines'),(351,'Tacloban 17','Leyte','6517','Philippines'),(352,'Baguio 17','Benguet','2617','Philippines'),(353,'Antipolo 17','Rizal','1887','Philippines'),(354,'Pasig 17','Metro Manila','1617','Philippines'),(355,'Taguig 17','Metro Manila','1647','Philippines'),(356,'Makati 17','Metro Manila','1217','Philippines'),(357,'Mandaluyong 17','Metro Manila','1567','Philippines'),(358,'Lipa 17','Batangas','4234','Philippines'),(359,'Lucena 17','Quezon','4318','Philippines'),(360,'Iligan City 18','Lanao del Norte','9218','Philippines'),(361,'Cagayan de Oro 18','Misamis Oriental','9018','Philippines'),(362,'Davao City 18','Davao del Sur','8018','Philippines'),(363,'Cebu City 18','Cebu','6018','Philippines'),(364,'Manila 18','Metro Manila','1018','Philippines'),(365,'Quezon City 18','Metro Manila','1118','Philippines'),(366,'Zamboanga City 18','Zamboanga del Sur','7018','Philippines'),(367,'Bacolod 18','Negros Occidental','6118','Philippines'),(368,'Iloilo City 18','Iloilo','5018','Philippines'),(369,'General Santos 18','South Cotabato','9518','Philippines'),(370,'Butuan 18','Agusan del Norte','8618','Philippines'),(371,'Tacloban 18','Leyte','6518','Philippines'),(372,'Baguio 18','Benguet','2618','Philippines'),(373,'Antipolo 18','Rizal','1888','Philippines'),(374,'Pasig 18','Metro Manila','1618','Philippines'),(375,'Taguig 18','Metro Manila','1648','Philippines'),(376,'Makati 18','Metro Manila','1218','Philippines'),(377,'Mandaluyong 18','Metro Manila','1568','Philippines'),(378,'Lipa 18','Batangas','4235','Philippines'),(379,'Lucena 18','Quezon','4319','Philippines'),(380,'Iligan City 19','Lanao del Norte','9219','Philippines'),(381,'Cagayan de Oro 19','Misamis Oriental','9019','Philippines'),(382,'Davao City 19','Davao del Sur','8019','Philippines'),(383,'Cebu City 19','Cebu','6019','Philippines'),(384,'Manila 19','Metro Manila','1019','Philippines'),(385,'Quezon City 19','Metro Manila','1119','Philippines'),(386,'Zamboanga City 19','Zamboanga del Sur','7019','Philippines'),(387,'Bacolod 19','Negros Occidental','6119','Philippines'),(388,'Iloilo City 19','Iloilo','5019','Philippines'),(389,'General Santos 19','South Cotabato','9519','Philippines'),(390,'Butuan 19','Agusan del Norte','8619','Philippines'),(391,'Tacloban 19','Leyte','6519','Philippines'),(392,'Baguio 19','Benguet','2619','Philippines'),(393,'Antipolo 19','Rizal','1889','Philippines'),(394,'Pasig 19','Metro Manila','1619','Philippines'),(395,'Taguig 19','Metro Manila','1649','Philippines'),(396,'Makati 19','Metro Manila','1219','Philippines'),(397,'Mandaluyong 19','Metro Manila','1569','Philippines'),(398,'Lipa 19','Batangas','4236','Philippines'),(399,'Lucena 19','Quezon','4320','Philippines'),(400,'Iligan City 20','Lanao del Norte','9220','Philippines'),(401,'Cagayan de Oro 20','Misamis Oriental','9020','Philippines'),(402,'Davao City 20','Davao del Sur','8020','Philippines'),(403,'Cebu City 20','Cebu','6020','Philippines'),(404,'Manila 20','Metro Manila','1020','Philippines'),(405,'Quezon City 20','Metro Manila','1120','Philippines'),(406,'Zamboanga City 20','Zamboanga del Sur','7020','Philippines'),(407,'Bacolod 20','Negros Occidental','6120','Philippines'),(408,'Iloilo City 20','Iloilo','5020','Philippines'),(409,'General Santos 20','South Cotabato','9520','Philippines'),(410,'Butuan 20','Agusan del Norte','8620','Philippines'),(411,'Tacloban 20','Leyte','6520','Philippines'),(412,'Baguio 20','Benguet','2620','Philippines'),(413,'Antipolo 20','Rizal','1890','Philippines'),(414,'Pasig 20','Metro Manila','1620','Philippines'),(415,'Taguig 20','Metro Manila','1650','Philippines'),(416,'Makati 20','Metro Manila','1220','Philippines'),(417,'Mandaluyong 20','Metro Manila','1570','Philippines'),(418,'Lipa 20','Batangas','4237','Philippines'),(419,'Lucena 20','Quezon','4321','Philippines'),(420,'Iligan City 21','Lanao del Norte','9221','Philippines'),(421,'Cagayan de Oro 21','Misamis Oriental','9021','Philippines'),(422,'Davao City 21','Davao del Sur','8021','Philippines'),(423,'Cebu City 21','Cebu','6021','Philippines'),(424,'Manila 21','Metro Manila','1021','Philippines'),(425,'Quezon City 21','Metro Manila','1121','Philippines'),(426,'Zamboanga City 21','Zamboanga del Sur','7021','Philippines'),(427,'Bacolod 21','Negros Occidental','6121','Philippines'),(428,'Iloilo City 21','Iloilo','5021','Philippines'),(429,'General Santos 21','South Cotabato','9521','Philippines'),(430,'Butuan 21','Agusan del Norte','8621','Philippines'),(431,'Tacloban 21','Leyte','6521','Philippines'),(432,'Baguio 21','Benguet','2621','Philippines'),(433,'Antipolo 21','Rizal','1891','Philippines'),(434,'Pasig 21','Metro Manila','1621','Philippines'),(435,'Taguig 21','Metro Manila','1651','Philippines'),(436,'Makati 21','Metro Manila','1221','Philippines'),(437,'Mandaluyong 21','Metro Manila','1571','Philippines'),(438,'Lipa 21','Batangas','4238','Philippines'),(439,'Lucena 21','Quezon','4322','Philippines'),(440,'Iligan City 22','Lanao del Norte','9222','Philippines'),(441,'Cagayan de Oro 22','Misamis Oriental','9022','Philippines'),(442,'Davao City 22','Davao del Sur','8022','Philippines'),(443,'Cebu City 22','Cebu','6022','Philippines'),(444,'Manila 22','Metro Manila','1022','Philippines'),(445,'Quezon City 22','Metro Manila','1122','Philippines'),(446,'Zamboanga City 22','Zamboanga del Sur','7022','Philippines'),(447,'Bacolod 22','Negros Occidental','6122','Philippines'),(448,'Iloilo City 22','Iloilo','5022','Philippines'),(449,'General Santos 22','South Cotabato','9522','Philippines'),(450,'Butuan 22','Agusan del Norte','8622','Philippines'),(451,'Tacloban 22','Leyte','6522','Philippines'),(452,'Baguio 22','Benguet','2622','Philippines'),(453,'Antipolo 22','Rizal','1892','Philippines'),(454,'Pasig 22','Metro Manila','1622','Philippines'),(455,'Taguig 22','Metro Manila','1652','Philippines'),(456,'Makati 22','Metro Manila','1222','Philippines'),(457,'Mandaluyong 22','Metro Manila','1572','Philippines'),(458,'Lipa 22','Batangas','4239','Philippines'),(459,'Lucena 22','Quezon','4323','Philippines'),(460,'Iligan City 23','Lanao del Norte','9223','Philippines'),(461,'Cagayan de Oro 23','Misamis Oriental','9023','Philippines'),(462,'Davao City 23','Davao del Sur','8023','Philippines'),(463,'Cebu City 23','Cebu','6023','Philippines'),(464,'Manila 23','Metro Manila','1023','Philippines'),(465,'Quezon City 23','Metro Manila','1123','Philippines'),(466,'Zamboanga City 23','Zamboanga del Sur','7023','Philippines'),(467,'Bacolod 23','Negros Occidental','6123','Philippines'),(468,'Iloilo City 23','Iloilo','5023','Philippines'),(469,'General Santos 23','South Cotabato','9523','Philippines'),(470,'Butuan 23','Agusan del Norte','8623','Philippines'),(471,'Tacloban 23','Leyte','6523','Philippines'),(472,'Baguio 23','Benguet','2623','Philippines'),(473,'Antipolo 23','Rizal','1893','Philippines'),(474,'Pasig 23','Metro Manila','1623','Philippines'),(475,'Taguig 23','Metro Manila','1653','Philippines'),(476,'Makati 23','Metro Manila','1223','Philippines'),(477,'Mandaluyong 23','Metro Manila','1573','Philippines'),(478,'Lipa 23','Batangas','4240','Philippines'),(479,'Lucena 23','Quezon','4324','Philippines'),(480,'Iligan City 24','Lanao del Norte','9224','Philippines'),(481,'Cagayan de Oro 24','Misamis Oriental','9024','Philippines'),(482,'Davao City 24','Davao del Sur','8024','Philippines'),(483,'Cebu City 24','Cebu','6024','Philippines'),(484,'Manila 24','Metro Manila','1024','Philippines'),(485,'Quezon City 24','Metro Manila','1124','Philippines'),(486,'Zamboanga City 24','Zamboanga del Sur','7024','Philippines'),(487,'Bacolod 24','Negros Occidental','6124','Philippines'),(488,'Iloilo City 24','Iloilo','5024','Philippines'),(489,'General Santos 24','South Cotabato','9524','Philippines'),(490,'Butuan 24','Agusan del Norte','8624','Philippines'),(491,'Tacloban 24','Leyte','6524','Philippines'),(492,'Baguio 24','Benguet','2624','Philippines'),(493,'Antipolo 24','Rizal','1894','Philippines'),(494,'Pasig 24','Metro Manila','1624','Philippines'),(495,'Taguig 24','Metro Manila','1654','Philippines'),(496,'Makati 24','Metro Manila','1224','Philippines'),(497,'Mandaluyong 24','Metro Manila','1574','Philippines'),(498,'Lipa 24','Batangas','4241','Philippines'),(499,'Lucena 24','Quezon','4325','Philippines'),(500,'Iligan City 25','Lanao del Norte','9225','Philippines'),(501,'Cagayan de Oro 25','Misamis Oriental','9025','Philippines'),(502,'Davao City 25','Davao del Sur','8025','Philippines'),(503,'Cebu City 25','Cebu','6025','Philippines'),(504,'Manila 25','Metro Manila','1025','Philippines'),(505,'Quezon City 25','Metro Manila','1125','Philippines'),(506,'Zamboanga City 25','Zamboanga del Sur','7025','Philippines'),(507,'Bacolod 25','Negros Occidental','6125','Philippines'),(508,'Iloilo City 25','Iloilo','5025','Philippines'),(509,'General Santos 25','South Cotabato','9525','Philippines'),(510,'Butuan 25','Agusan del Norte','8625','Philippines'),(511,'Tacloban 25','Leyte','6525','Philippines'),(512,'Baguio 25','Benguet','2625','Philippines'),(513,'Antipolo 25','Rizal','1895','Philippines'),(514,'Pasig 25','Metro Manila','1625','Philippines'),(515,'Taguig 25','Metro Manila','1655','Philippines'),(516,'Makati 25','Metro Manila','1225','Philippines'),(517,'Mandaluyong 25','Metro Manila','1575','Philippines'),(518,'Lipa 25','Batangas','4242','Philippines'),(519,'Lucena 25','Quezon','4326','Philippines'),(520,'Iligan City 26','Lanao del Norte','9226','Philippines'),(521,'Cagayan de Oro 26','Misamis Oriental','9026','Philippines'),(522,'Davao City 26','Davao del Sur','8026','Philippines'),(523,'Cebu City 26','Cebu','6026','Philippines'),(524,'Manila 26','Metro Manila','1026','Philippines'),(525,'Quezon City 26','Metro Manila','1126','Philippines'),(526,'Zamboanga City 26','Zamboanga del Sur','7026','Philippines'),(527,'Bacolod 26','Negros Occidental','6126','Philippines'),(528,'Iloilo City 26','Iloilo','5026','Philippines'),(529,'General Santos 26','South Cotabato','9526','Philippines'),(530,'Butuan 26','Agusan del Norte','8626','Philippines'),(531,'Tacloban 26','Leyte','6526','Philippines'),(532,'Baguio 26','Benguet','2626','Philippines'),(533,'Antipolo 26','Rizal','1896','Philippines'),(534,'Pasig 26','Metro Manila','1626','Philippines'),(535,'Taguig 26','Metro Manila','1656','Philippines'),(536,'Makati 26','Metro Manila','1226','Philippines'),(537,'Mandaluyong 26','Metro Manila','1576','Philippines'),(538,'Lipa 26','Batangas','4243','Philippines'),(539,'Lucena 26','Quezon','4327','Philippines'),(540,'Iligan City 27','Lanao del Norte','9227','Philippines'),(541,'Cagayan de Oro 27','Misamis Oriental','9027','Philippines'),(542,'Davao City 27','Davao del Sur','8027','Philippines'),(543,'Cebu City 27','Cebu','6027','Philippines'),(544,'Manila 27','Metro Manila','1027','Philippines'),(545,'Quezon City 27','Metro Manila','1127','Philippines'),(546,'Zamboanga City 27','Zamboanga del Sur','7027','Philippines'),(547,'Bacolod 27','Negros Occidental','6127','Philippines'),(548,'Iloilo City 27','Iloilo','5027','Philippines'),(549,'General Santos 27','South Cotabato','9527','Philippines'),(550,'Butuan 27','Agusan del Norte','8627','Philippines'),(551,'Tacloban 27','Leyte','6527','Philippines'),(552,'Baguio 27','Benguet','2627','Philippines'),(553,'Antipolo 27','Rizal','1897','Philippines'),(554,'Pasig 27','Metro Manila','1627','Philippines'),(555,'Taguig 27','Metro Manila','1657','Philippines'),(556,'Makati 27','Metro Manila','1227','Philippines'),(557,'Mandaluyong 27','Metro Manila','1577','Philippines'),(558,'Lipa 27','Batangas','4244','Philippines'),(559,'Lucena 27','Quezon','4328','Philippines'),(560,'Iligan City 28','Lanao del Norte','9228','Philippines'),(561,'Cagayan de Oro 28','Misamis Oriental','9028','Philippines'),(562,'Davao City 28','Davao del Sur','8028','Philippines'),(563,'Cebu City 28','Cebu','6028','Philippines'),(564,'Manila 28','Metro Manila','1028','Philippines'),(565,'Quezon City 28','Metro Manila','1128','Philippines'),(566,'Zamboanga City 28','Zamboanga del Sur','7028','Philippines'),(567,'Bacolod 28','Negros Occidental','6128','Philippines'),(568,'Iloilo City 28','Iloilo','5028','Philippines'),(569,'General Santos 28','South Cotabato','9528','Philippines'),(570,'Butuan 28','Agusan del Norte','8628','Philippines'),(571,'Tacloban 28','Leyte','6528','Philippines'),(572,'Baguio 28','Benguet','2628','Philippines'),(573,'Antipolo 28','Rizal','1898','Philippines'),(574,'Pasig 28','Metro Manila','1628','Philippines'),(575,'Taguig 28','Metro Manila','1658','Philippines'),(576,'Makati 28','Metro Manila','1228','Philippines'),(577,'Mandaluyong 28','Metro Manila','1578','Philippines'),(578,'Lipa 28','Batangas','4245','Philippines'),(579,'Lucena 28','Quezon','4329','Philippines'),(580,'Iligan City 29','Lanao del Norte','9229','Philippines'),(581,'Cagayan de Oro 29','Misamis Oriental','9029','Philippines'),(582,'Davao City 29','Davao del Sur','8029','Philippines'),(583,'Cebu City 29','Cebu','6029','Philippines'),(584,'Manila 29','Metro Manila','1029','Philippines'),(585,'Quezon City 29','Metro Manila','1129','Philippines'),(586,'Zamboanga City 29','Zamboanga del Sur','7029','Philippines'),(587,'Bacolod 29','Negros Occidental','6129','Philippines'),(588,'Iloilo City 29','Iloilo','5029','Philippines'),(589,'General Santos 29','South Cotabato','9529','Philippines'),(590,'Butuan 29','Agusan del Norte','8629','Philippines'),(591,'Tacloban 29','Leyte','6529','Philippines'),(592,'Baguio 29','Benguet','2629','Philippines'),(593,'Antipolo 29','Rizal','1899','Philippines'),(594,'Pasig 29','Metro Manila','1629','Philippines'),(595,'Taguig 29','Metro Manila','1659','Philippines'),(596,'Makati 29','Metro Manila','1229','Philippines'),(597,'Mandaluyong 29','Metro Manila','1579','Philippines'),(598,'Lipa 29','Batangas','4246','Philippines'),(599,'Lucena 29','Quezon','4330','Philippines'),(600,'Iligan City 30','Lanao del Norte','9230','Philippines'),(601,'Cagayan de Oro 30','Misamis Oriental','9030','Philippines'),(602,'Davao City 30','Davao del Sur','8030','Philippines'),(603,'Cebu City 30','Cebu','6030','Philippines'),(604,'Manila 30','Metro Manila','1030','Philippines'),(605,'Quezon City 30','Metro Manila','1130','Philippines'),(606,'Zamboanga City 30','Zamboanga del Sur','7030','Philippines'),(607,'Bacolod 30','Negros Occidental','6130','Philippines'),(608,'Iloilo City 30','Iloilo','5030','Philippines'),(609,'General Santos 30','South Cotabato','9530','Philippines'),(610,'Butuan 30','Agusan del Norte','8630','Philippines'),(611,'Tacloban 30','Leyte','6530','Philippines'),(612,'Baguio 30','Benguet','2630','Philippines'),(613,'Antipolo 30','Rizal','1900','Philippines'),(614,'Pasig 30','Metro Manila','2214','Philippines'),(615,'Taguig 30','Metro Manila','1660','Philippines'),(616,'Makati 30','Metro Manila','1230','Philippines'),(617,'Mandaluyong 30','Metro Manila','1580','Philippines'),(618,'Lipa 30','Batangas','4247','Philippines'),(619,'Lucena 30','Quezon','4331','Philippines'),(620,'Iligan City 31','Lanao del Norte','9231','Philippines'),(621,'Cagayan de Oro 31','Misamis Oriental','9031','Philippines'),(622,'Davao City 31','Davao del Sur','8031','Philippines'),(623,'Cebu City 31','Cebu','6031','Philippines'),(624,'Manila 31','Metro Manila','1031','Philippines'),(625,'Quezon City 31','Metro Manila','1131','Philippines'),(626,'Zamboanga City 31','Zamboanga del Sur','7031','Philippines'),(627,'Bacolod 31','Negros Occidental','6131','Philippines'),(628,'Iloilo City 31','Iloilo','5031','Philippines'),(629,'General Santos 31','South Cotabato','9531','Philippines'),(630,'Butuan 31','Agusan del Norte','8631','Philippines'),(631,'Tacloban 31','Leyte','6531','Philippines'),(632,'Baguio 31','Benguet','2631','Philippines'),(633,'Antipolo 31','Rizal','1901','Philippines'),(634,'Pasig 31','Metro Manila','2234','Philippines'),(635,'Taguig 31','Metro Manila','1661','Philippines'),(636,'Makati 31','Metro Manila','1231','Philippines'),(637,'Mandaluyong 31','Metro Manila','1581','Philippines'),(638,'Lipa 31','Batangas','4248','Philippines'),(639,'Lucena 31','Quezon','4332','Philippines'),(640,'Iligan City 32','Lanao del Norte','9232','Philippines'),(641,'Cagayan de Oro 32','Misamis Oriental','9032','Philippines'),(642,'Davao City 32','Davao del Sur','8032','Philippines'),(643,'Cebu City 32','Cebu','6032','Philippines'),(644,'Manila 32','Metro Manila','1032','Philippines'),(645,'Quezon City 32','Metro Manila','1132','Philippines'),(646,'Zamboanga City 32','Zamboanga del Sur','7032','Philippines'),(647,'Bacolod 32','Negros Occidental','6132','Philippines'),(648,'Iloilo City 32','Iloilo','5032','Philippines'),(649,'General Santos 32','South Cotabato','9532','Philippines'),(650,'Butuan 32','Agusan del Norte','8632','Philippines'),(651,'Tacloban 32','Leyte','6532','Philippines'),(652,'Baguio 32','Benguet','2632','Philippines'),(653,'Antipolo 32','Rizal','1902','Philippines'),(654,'Pasig 32','Metro Manila','2254','Philippines'),(655,'Taguig 32','Metro Manila','1662','Philippines'),(656,'Makati 32','Metro Manila','1232','Philippines'),(657,'Mandaluyong 32','Metro Manila','1582','Philippines'),(658,'Lipa 32','Batangas','4249','Philippines'),(659,'Lucena 32','Quezon','4333','Philippines'),(660,'Iligan City 33','Lanao del Norte','9233','Philippines'),(661,'Cagayan de Oro 33','Misamis Oriental','9033','Philippines'),(662,'Davao City 33','Davao del Sur','8033','Philippines'),(663,'Cebu City 33','Cebu','6033','Philippines'),(664,'Manila 33','Metro Manila','1033','Philippines'),(665,'Quezon City 33','Metro Manila','1133','Philippines'),(666,'Zamboanga City 33','Zamboanga del Sur','7033','Philippines'),(667,'Bacolod 33','Negros Occidental','6133','Philippines'),(668,'Iloilo City 33','Iloilo','5033','Philippines'),(669,'General Santos 33','South Cotabato','9533','Philippines'),(670,'Butuan 33','Agusan del Norte','8633','Philippines'),(671,'Tacloban 33','Leyte','6533','Philippines'),(672,'Baguio 33','Benguet','2633','Philippines'),(673,'Antipolo 33','Rizal','1903','Philippines'),(674,'Pasig 33','Metro Manila','2274','Philippines'),(675,'Taguig 33','Metro Manila','1663','Philippines'),(676,'Makati 33','Metro Manila','1233','Philippines'),(677,'Mandaluyong 33','Metro Manila','1583','Philippines'),(678,'Lipa 33','Batangas','4250','Philippines'),(679,'Lucena 33','Quezon','4334','Philippines'),(680,'Iligan City 34','Lanao del Norte','9234','Philippines'),(681,'Cagayan de Oro 34','Misamis Oriental','9034','Philippines'),(682,'Davao City 34','Davao del Sur','8034','Philippines'),(683,'Cebu City 34','Cebu','6034','Philippines'),(684,'Manila 34','Metro Manila','1034','Philippines'),(685,'Quezon City 34','Metro Manila','1134','Philippines'),(686,'Zamboanga City 34','Zamboanga del Sur','7034','Philippines'),(687,'Bacolod 34','Negros Occidental','6134','Philippines'),(688,'Iloilo City 34','Iloilo','5034','Philippines'),(689,'General Santos 34','South Cotabato','9534','Philippines'),(690,'Butuan 34','Agusan del Norte','8634','Philippines'),(691,'Tacloban 34','Leyte','6534','Philippines'),(692,'Baguio 34','Benguet','2634','Philippines'),(693,'Antipolo 34','Rizal','1904','Philippines'),(694,'Pasig 34','Metro Manila','2294','Philippines'),(695,'Taguig 34','Metro Manila','1664','Philippines'),(696,'Makati 34','Metro Manila','1234','Philippines'),(697,'Mandaluyong 34','Metro Manila','1584','Philippines'),(698,'Lipa 34','Batangas','4251','Philippines'),(699,'Lucena 34','Quezon','4335','Philippines'),(700,'Iligan City 35','Lanao del Norte','9235','Philippines'),(701,'Cagayan de Oro 35','Misamis Oriental','9035','Philippines'),(702,'Davao City 35','Davao del Sur','8035','Philippines'),(703,'Cebu City 35','Cebu','6035','Philippines'),(704,'Manila 35','Metro Manila','1035','Philippines'),(705,'Quezon City 35','Metro Manila','1135','Philippines'),(706,'Zamboanga City 35','Zamboanga del Sur','7035','Philippines'),(707,'Bacolod 35','Negros Occidental','6135','Philippines'),(708,'Iloilo City 35','Iloilo','5035','Philippines'),(709,'General Santos 35','South Cotabato','9535','Philippines'),(710,'Butuan 35','Agusan del Norte','8635','Philippines'),(711,'Tacloban 35','Leyte','6535','Philippines'),(712,'Baguio 35','Benguet','2635','Philippines'),(713,'Antipolo 35','Rizal','1905','Philippines'),(714,'Pasig 35','Metro Manila','2314','Philippines'),(715,'Taguig 35','Metro Manila','1665','Philippines'),(716,'Makati 35','Metro Manila','1235','Philippines'),(717,'Mandaluyong 35','Metro Manila','1585','Philippines'),(718,'Lipa 35','Batangas','4252','Philippines'),(719,'Lucena 35','Quezon','4336','Philippines'),(720,'Iligan City 36','Lanao del Norte','9236','Philippines'),(721,'Cagayan de Oro 36','Misamis Oriental','9036','Philippines'),(722,'Davao City 36','Davao del Sur','8036','Philippines'),(723,'Cebu City 36','Cebu','6036','Philippines'),(724,'Manila 36','Metro Manila','1036','Philippines'),(725,'Quezon City 36','Metro Manila','1136','Philippines'),(726,'Zamboanga City 36','Zamboanga del Sur','7036','Philippines'),(727,'Bacolod 36','Negros Occidental','6136','Philippines'),(728,'Iloilo City 36','Iloilo','5036','Philippines'),(729,'General Santos 36','South Cotabato','9536','Philippines'),(730,'Butuan 36','Agusan del Norte','8636','Philippines'),(731,'Tacloban 36','Leyte','6536','Philippines'),(732,'Baguio 36','Benguet','2636','Philippines'),(733,'Antipolo 36','Rizal','1906','Philippines'),(734,'Pasig 36','Metro Manila','2334','Philippines'),(735,'Taguig 36','Metro Manila','1666','Philippines'),(736,'Makati 36','Metro Manila','1236','Philippines'),(737,'Mandaluyong 36','Metro Manila','1586','Philippines'),(738,'Lipa 36','Batangas','4253','Philippines'),(739,'Lucena 36','Quezon','4337','Philippines'),(740,'Iligan City 37','Lanao del Norte','9237','Philippines'),(741,'Cagayan de Oro 37','Misamis Oriental','9037','Philippines'),(742,'Davao City 37','Davao del Sur','8037','Philippines'),(743,'Cebu City 37','Cebu','6037','Philippines'),(744,'Manila 37','Metro Manila','1037','Philippines'),(745,'Quezon City 37','Metro Manila','1137','Philippines'),(746,'Zamboanga City 37','Zamboanga del Sur','7037','Philippines'),(747,'Bacolod 37','Negros Occidental','6137','Philippines'),(748,'Iloilo City 37','Iloilo','5037','Philippines'),(749,'General Santos 37','South Cotabato','9537','Philippines'),(750,'Butuan 37','Agusan del Norte','8637','Philippines');
/*!40000 ALTER TABLE `locations` ENABLE KEYS */;
UNLOCK TABLES;

--
-- Table structure for table `order_items`
--

DROP TABLE IF EXISTS `order_items`;
/*!40101 SET @saved_cs_client     = @@character_set_client */;
/*!40101 SET character_set_client = utf8 */;
CREATE TABLE `order_items` (
  `id` int(11) NOT NULL AUTO_INCREMENT,
  `order_id` int(11) NOT NULL,
  `variant_id` int(11) NOT NULL,
  `quantity` int(11) NOT NULL DEFAULT 1,
  `unit_price` decimal(10,2) NOT NULL,
  PRIMARY KEY (`id`),
  KEY `order_id` (`order_id`),
  KEY `variant_id` (`variant_id`),
  CONSTRAINT `order_items_ibfk_1` FOREIGN KEY (`order_id`) REFERENCES `orders` (`id`) ON DELETE CASCADE,
  CONSTRAINT `order_items_ibfk_2` FOREIGN KEY (`variant_id`) REFERENCES `product_variants` (`id`)
) ENGINE=InnoDB AUTO_INCREMENT=751 DEFAULT CHARSET=utf8mb4 COLLATE=utf8mb4_general_ci;
/*!40101 SET character_set_client = @saved_cs_client */;

--
-- Dumping data for table `order_items`
--

LOCK TABLES `order_items` WRITE;
/*!40000 ALTER TABLE `order_items` DISABLE KEYS */;
INSERT INTO `order_items` VALUES (1,278,403,4,5599.92),(2,609,515,4,5780.20),(3,66,442,2,5453.48),(4,130,81,2,2189.89),(5,379,23,5,4245.90),(6,9,587,3,5565.70),(7,634,314,5,706.72),(8,350,190,4,3655.48),(9,331,381,5,2410.46),(10,310,458,2,853.48),(11,246,14,4,5245.67),(12,283,140,2,2333.07),(13,735,603,1,1740.03),(14,395,126,3,504.31),(15,684,272,5,3583.42),(16,254,162,4,4935.15),(17,309,325,3,1437.25),(18,58,464,5,2592.37),(19,674,469,2,803.65),(20,698,19,1,3297.12),(21,703,749,1,3073.96),(22,544,365,2,1023.11),(23,124,82,3,4432.36),(24,458,95,5,1827.94),(25,161,215,3,4929.74),(26,674,287,2,2710.08),(27,518,472,3,1747.94),(28,697,667,4,480.93),(29,510,199,2,5243.22),(30,693,26,5,2582.35),(31,350,152,2,5447.64),(32,474,464,2,3547.37),(33,410,699,3,2558.08),(34,200,480,1,845.56),(35,64,662,1,5564.00),(36,645,718,3,4927.69),(37,450,550,1,341.60),(38,377,334,5,4017.05),(39,47,38,1,5539.49),(40,496,699,2,4430.03),(41,68,317,2,2053.77),(42,679,200,1,2666.45),(43,619,309,2,5811.43),(44,709,127,2,4624.77),(45,542,643,1,3066.39),(46,169,36,2,904.41),(47,388,638,3,2235.17),(48,158,531,4,1219.86),(49,739,28,5,3939.28),(50,590,744,4,4746.74),(51,353,131,3,5803.89),(52,361,676,2,5474.36),(53,152,174,2,3910.63),(54,454,233,5,1301.60),(55,535,618,5,1209.98),(56,295,373,4,4207.90),(57,228,363,2,948.38),(58,434,438,1,3141.20),(59,36,481,4,730.50),(60,51,565,4,463.26),(61,192,399,5,3086.44),(62,124,518,2,5011.64),(63,205,391,1,771.29),(64,504,128,2,2498.27),(65,363,661,5,1488.12),(66,572,695,5,3865.30),(67,188,724,1,5788.21),(68,505,683,4,5552.65),(69,269,547,3,4719.23),(70,490,206,3,2766.17),(71,269,135,2,1415.96),(72,222,708,2,1020.48),(73,166,730,5,296.95),(74,109,623,3,1670.79),(75,158,355,5,5943.26),(76,580,158,2,1235.10),(77,363,415,1,2385.76),(78,633,346,2,2354.23),(79,51,399,2,5031.07),(80,651,740,4,5213.06),(81,251,69,1,3282.12),(82,279,407,4,1798.52),(83,242,7,4,4079.21),(84,235,573,3,4677.59),(85,669,576,3,1060.28),(86,676,74,2,4692.66),(87,179,411,1,3149.56),(88,294,680,4,1528.58),(89,738,485,3,2438.47),(90,322,749,3,4785.37),(91,47,371,3,1657.28),(92,75,179,1,2335.07),(93,439,738,3,616.72),(94,580,690,3,2112.70),(95,279,18,5,5612.40),(96,94,591,4,3635.07),(97,217,606,3,2813.98),(98,509,367,2,548.15),(99,1,141,1,1670.00),(100,446,163,1,611.50),(101,668,509,1,987.54),(102,678,92,2,1982.39),(103,207,586,2,4560.01),(104,441,636,4,2882.99),(106,580,536,4,1449.59),(107,169,437,4,5379.54),(108,237,82,5,5912.52),(109,190,136,4,3980.80),(110,692,29,4,5762.03),(111,713,591,5,3300.64),(112,487,665,5,2637.07),(113,243,653,2,5655.09),(114,702,586,3,1376.49),(115,618,94,4,2106.13),(116,193,32,5,4097.26),(117,593,653,3,1252.80),(118,128,149,1,1118.53),(119,601,71,3,5083.56),(120,358,498,4,1778.27),(121,290,577,4,4836.34),(122,291,492,1,4322.61),(123,2,144,4,5814.38),(124,476,406,3,1992.28),(125,682,446,4,2524.30),(126,587,459,5,2809.81),(127,317,92,4,4933.05),(128,395,356,4,4204.63),(129,35,264,3,390.55),(130,417,251,3,2024.46),(131,226,482,2,417.28),(132,396,279,5,2673.42),(133,191,476,4,657.65),(134,651,580,3,995.65),(135,713,390,2,2061.36),(136,51,712,3,3641.67),(137,737,9,2,2333.44),(138,113,166,5,1133.39),(139,424,691,2,2673.09),(140,241,81,3,3760.67),(141,538,636,5,5073.88),(142,344,627,4,2221.35),(143,289,424,4,1637.48),(144,339,269,3,4521.91),(145,315,727,3,4755.27),(146,313,627,1,2493.03),(147,618,604,2,4566.29),(148,249,723,3,1798.57),(149,462,292,2,3533.54),(150,277,420,3,298.62),(151,693,674,5,1192.76),(152,230,49,5,2102.49),(153,431,132,5,4392.11),(154,741,224,5,4079.25),(155,546,658,5,3578.29),(156,277,103,2,1113.62),(157,9,585,4,947.71),(158,708,178,1,5189.44),(159,45,491,3,1946.88),(160,532,357,2,1863.98),(161,727,423,3,2151.73),(162,600,136,2,415.30),(163,11,44,3,1812.20),(164,444,312,4,5586.62),(165,152,741,5,1494.99),(166,56,29,2,5402.99),(167,365,110,2,4715.95),(168,209,473,3,5178.14),(169,365,542,5,2470.32),(170,339,597,3,3841.43),(171,483,3,5,5650.54),(172,81,588,5,1465.73),(173,71,268,3,3403.79),(174,194,266,3,2498.98),(175,227,87,1,1491.37),(176,556,564,3,477.74),(177,210,304,2,1303.86),(178,418,162,2,393.22),(179,255,200,3,2852.61),(180,188,272,4,1404.89),(181,111,20,3,1544.55),(182,462,732,5,2609.97),(183,710,691,4,4731.30),(184,554,29,1,3401.58),(185,667,322,2,3499.67),(186,288,391,5,5762.73),(187,157,670,1,3949.47),(188,499,449,3,572.59),(189,270,193,1,1951.17),(190,327,60,2,1523.61),(191,376,49,2,1138.52),(192,573,625,3,2647.32),(193,347,186,4,4558.32),(194,748,164,2,1365.04),(195,533,157,5,4799.61),(196,10,140,1,978.76),(197,411,588,1,1449.05),(198,11,236,1,1471.87),(199,260,419,4,2756.64),(200,709,126,4,4742.22),(201,374,11,4,5163.24),(202,146,490,5,3736.77),(203,323,256,1,1205.65),(204,658,380,2,524.09),(205,178,237,5,3424.55),(206,265,500,2,1561.93),(207,222,278,2,469.67),(208,554,304,4,593.99),(209,596,17,1,2833.47),(210,167,168,2,1896.51),(211,383,60,4,4922.08),(212,740,424,3,4030.21),(213,560,474,1,5022.84),(214,488,658,4,2061.47),(215,267,424,1,3808.33),(216,616,188,3,489.27),(217,369,656,5,1517.86),(218,452,158,4,3846.75),(219,348,518,1,1242.30),(220,325,614,1,4854.45),(221,599,705,3,2433.61),(222,547,289,3,5505.18),(223,743,151,2,3014.71),(224,643,193,4,3524.74),(225,79,191,1,952.95),(226,89,49,1,3278.31),(227,526,43,2,4240.96),(228,705,567,4,4881.59),(229,629,52,1,2834.60),(230,51,497,3,4221.80),(231,645,231,5,1075.09),(232,107,602,5,3779.05),(233,712,364,2,3668.43),(234,113,506,1,1200.45),(235,146,505,4,4539.94),(236,256,226,5,2834.54),(237,168,22,3,5170.50),(238,154,148,1,2377.95),(239,386,696,3,4172.58),(240,267,606,4,5128.98),(241,197,200,1,4214.67),(242,201,208,3,1906.68),(243,454,19,3,3111.78),(244,532,512,5,3674.48),(245,339,13,3,2893.82),(246,171,11,3,3759.33),(247,387,520,3,612.95),(248,321,195,4,3080.64),(249,639,719,2,2503.11),(250,650,674,2,1126.76),(251,613,325,4,1551.39),(252,190,464,4,2949.16),(253,175,164,3,3488.98),(254,18,429,1,5336.77),(255,358,556,1,1021.21),(256,620,138,1,3992.90),(257,587,743,2,1074.27),(258,293,120,1,2069.97),(260,326,324,5,2531.89),(261,447,251,4,4075.58),(262,158,662,4,1198.69),(263,638,741,3,4050.67),(264,185,44,4,2385.50),(265,344,680,3,3815.31),(266,28,662,5,2168.93),(267,200,210,1,1492.60),(268,552,42,1,1780.15),(269,548,230,2,571.55),(270,658,86,2,5131.92),(271,97,178,1,2357.26),(272,304,524,1,4324.13),(273,552,158,4,3350.95),(274,549,512,4,1927.13),(275,9,107,5,835.46),(276,335,269,5,3314.96),(277,399,317,3,4549.44),(278,690,1,1,4807.75),(279,182,584,5,5509.28),(280,510,453,5,2985.56),(281,322,534,3,4699.44),(282,398,654,4,1833.26),(283,409,319,1,3654.60),(284,742,133,2,1916.93),(285,185,115,5,1016.27),(286,447,149,2,634.60),(287,188,18,3,4202.03),(288,47,292,2,3747.06),(289,545,223,1,1831.15),(290,498,524,5,4679.42),(291,717,115,1,2931.14),(292,630,458,2,4986.22),(293,417,603,5,3644.56),(294,628,285,5,4204.80),(295,99,668,2,3178.39),(296,204,114,5,314.43),(297,225,443,4,2575.96),(298,705,173,1,560.85),(299,357,202,2,3326.60),(300,199,558,4,1292.60),(301,99,4,3,3863.49),(302,335,184,3,1615.78),(303,543,241,5,4315.75),(304,364,567,2,5563.45),(305,631,176,5,4649.38),(306,64,62,4,2508.02),(307,715,443,2,4970.28),(308,447,250,2,1227.40),(309,570,212,5,3733.60),(310,395,690,2,1443.04),(311,496,418,1,3131.82),(312,651,117,5,5494.70),(313,413,182,4,2837.28),(314,254,445,5,1966.28),(315,112,1,1,1300.26),(316,680,518,2,1365.53),(317,232,735,5,1082.66),(318,690,554,5,4439.32),(319,230,358,2,2873.30),(320,615,746,1,3263.46),(321,334,726,1,2554.15),(322,494,505,4,749.84),(323,45,433,3,4987.03),(324,172,7,5,3230.35),(325,670,273,2,4666.88),(326,637,131,4,3717.85),(327,420,120,4,5524.68),(328,712,114,3,5824.63),(329,430,594,5,3929.86),(330,555,710,3,2228.67),(331,510,183,1,5944.92),(332,750,155,4,2384.85),(333,713,409,5,2428.94),(334,175,627,3,3532.53),(335,97,142,3,2798.66),(336,316,632,5,3639.42),(337,167,352,3,1495.39),(338,280,688,4,3842.99),(339,10,456,3,5341.25),(340,594,623,1,2780.30),(341,643,487,2,4635.03),(342,422,434,5,5932.08),(343,312,65,4,3528.75),(344,406,497,1,3461.13),(345,567,610,4,1979.56),(346,697,510,3,3442.07),(347,703,633,5,1847.51),(348,283,78,5,1321.54),(349,623,517,3,851.76),(350,474,249,3,5064.60),(351,532,646,3,1395.30),(352,596,550,5,818.54),(353,390,300,5,3294.48),(354,272,297,3,256.28),(355,620,171,5,4874.98),(356,11,335,2,884.95),(357,33,168,4,1008.34),(358,470,41,4,2520.25),(359,567,617,1,303.85),(360,558,184,3,3299.92),(361,259,368,5,804.37),(362,227,1,5,5287.11),(363,587,569,2,5273.62),(364,43,338,4,1968.70),(365,554,565,2,3788.36),(366,486,269,1,3408.33),(367,426,243,1,1065.39),(368,458,380,1,473.01),(369,218,48,3,4376.18),(370,696,413,1,3633.61),(371,611,365,2,299.27),(372,367,397,3,762.13),(373,268,579,2,4986.71),(374,555,681,3,2704.56),(375,584,54,5,4613.79),(376,739,20,1,3277.75),(377,166,425,1,380.13),(378,647,209,4,2358.70),(379,705,126,1,1538.37),(380,303,311,3,961.85),(381,610,45,4,3005.90),(382,682,352,4,3439.03),(383,411,384,2,1944.12),(384,40,387,2,4765.91),(385,130,120,3,5477.93),(386,626,612,4,5258.01),(387,141,323,4,4654.09),(388,189,186,1,3731.13),(389,340,242,2,5603.85),(390,664,676,3,2748.55),(391,31,265,4,1981.36),(392,399,311,5,1872.73),(393,334,382,5,1491.46),(394,448,335,2,758.06),(395,238,548,2,2011.73),(396,501,84,2,1866.33),(397,747,357,2,788.44),(398,719,611,1,218.28),(399,256,404,2,4017.79),(400,94,70,4,1572.61),(401,656,147,4,3067.99),(402,436,278,5,3925.72),(403,750,253,5,2208.73),(404,329,730,3,3413.03),(405,176,186,5,4076.84),(406,175,698,3,1010.67),(407,321,104,4,869.81),(408,515,336,4,2334.81),(409,87,460,1,516.49),(410,54,542,1,2305.98),(411,614,95,3,2798.77),(412,315,276,4,1534.86),(413,375,654,2,2267.41),(414,145,305,4,5267.30),(415,750,750,3,849.38),(416,473,122,3,3566.37),(417,720,585,4,1355.75),(418,297,618,2,411.55),(419,237,501,5,3298.03),(420,228,200,1,3272.14),(421,432,86,1,4191.61),(422,246,660,5,5525.98),(423,187,438,1,3174.28),(424,519,548,2,4909.09),(425,571,70,3,4806.54),(426,492,557,4,1337.54),(427,293,569,4,1265.94),(428,701,65,3,1251.93),(429,456,709,3,2568.84),(430,677,218,3,4426.84),(431,495,525,1,787.86),(432,579,110,3,2663.16),(433,490,193,3,1818.45),(434,391,509,1,4463.28),(435,454,388,2,3635.44),(436,408,603,1,5923.23),(437,230,215,4,991.00),(438,620,590,3,5353.22),(439,645,441,3,5834.68),(440,350,54,5,3606.74),(441,600,30,1,849.56),(442,546,610,5,2172.65),(443,234,592,1,3280.49),(444,240,701,3,1148.61),(445,722,88,5,3646.82),(446,680,535,3,5445.69),(447,175,667,3,2460.20),(448,527,530,3,3790.67),(449,687,630,4,3579.47),(450,449,175,5,5481.86),(451,380,503,3,3882.63),(452,585,357,5,932.23),(453,531,114,5,496.78),(454,147,74,4,4521.12),(455,474,749,5,3732.38),(456,679,647,1,4955.01),(457,307,542,5,1286.68),(458,624,463,1,2879.31),(459,337,595,5,1934.64),(460,269,337,1,4780.46),(461,212,436,4,4610.19),(462,164,536,4,5894.85),(463,108,85,2,4410.49),(464,654,31,2,3262.35),(465,350,445,5,860.65),(466,84,592,2,3735.58),(467,504,552,1,1794.59),(468,345,591,1,5346.55),(469,24,633,5,3854.60),(470,171,108,4,2913.46),(471,49,380,3,1056.28),(472,436,434,5,1403.81),(473,383,92,3,4517.18),(474,552,22,4,5773.87),(475,13,685,3,1330.92),(476,690,405,1,4526.55),(477,125,125,5,1597.56),(478,599,82,1,1640.99),(479,546,129,5,5910.60),(480,315,138,3,2226.46),(481,250,741,4,444.12),(482,61,707,5,2101.92),(483,548,104,5,4358.64),(484,44,291,3,552.78),(485,139,307,2,4343.88),(486,212,411,1,5452.51),(487,714,544,4,1391.72),(488,412,144,4,656.42),(489,707,358,5,4378.62),(490,411,582,2,1411.12),(491,248,634,1,4284.02),(492,642,342,5,2065.19),(493,441,93,3,3869.64),(494,299,462,2,697.50),(495,343,396,4,1587.57),(496,500,582,2,2270.00),(497,119,104,4,1882.03),(498,403,696,5,446.01),(499,138,521,2,2933.91),(500,187,468,1,5159.51),(501,558,609,4,5980.26),(502,666,388,4,226.18),(503,256,303,2,3222.19),(504,387,262,3,597.39),(505,722,700,4,642.95),(506,108,639,4,5760.62),(507,332,650,2,2140.62),(508,651,307,4,5002.77),(509,44,383,1,416.35),(510,686,574,5,206.09),(511,503,220,1,1730.54),(512,499,430,2,2647.88),(513,522,105,3,3874.81),(514,693,278,4,872.14),(515,593,236,5,2037.53),(516,217,23,5,2587.22),(517,46,429,4,2531.37),(518,712,676,5,3833.84),(519,709,4,5,1206.46),(520,518,550,3,5642.21),(521,522,466,3,5251.78),(522,360,115,2,5019.72),(523,337,551,4,986.55),(524,503,127,4,1741.12),(525,202,22,4,4874.06),(526,574,123,1,4592.84),(527,278,739,1,1376.95),(528,214,605,5,4607.04),(529,67,520,4,1391.17),(530,482,454,3,5777.44),(531,228,750,2,1442.80),(532,291,487,4,279.76),(533,258,97,2,4360.27),(534,620,13,5,5495.24),(535,358,198,5,4989.25),(536,430,24,2,3359.72),(537,406,137,3,1733.14),(538,171,41,3,592.36),(539,175,239,1,3744.04),(540,742,669,3,2810.22),(541,138,8,3,4595.18),(542,68,21,1,4301.20),(543,507,707,5,5064.42),(544,279,103,5,1446.53),(545,278,381,2,5072.09),(546,659,78,1,3803.03),(547,732,631,3,771.99),(548,650,148,2,4552.79),(549,558,477,1,3605.81),(550,572,487,2,4516.57),(551,262,589,4,1386.18),(552,182,383,1,5951.76),(553,306,148,2,1878.75),(554,272,711,2,1198.87),(555,103,111,5,5003.94),(556,53,37,2,1970.78),(557,539,442,1,4186.75),(558,221,52,4,268.60),(559,560,409,4,4226.86),(560,174,58,2,4717.41),(561,33,609,3,4719.71),(562,243,401,4,4383.36),(563,72,585,3,1339.24),(564,557,598,1,256.86),(565,477,488,5,2014.33),(566,62,99,4,1610.69),(567,342,577,1,349.78),(568,473,222,5,2875.58),(569,195,36,4,1194.66),(570,96,112,2,3334.11),(571,390,580,1,4509.82),(572,484,78,4,3073.56),(573,191,123,1,4863.74),(574,260,324,3,4511.19),(575,115,508,1,3501.98),(576,561,71,4,5037.56),(577,466,263,3,1619.29),(578,56,149,2,4604.54),(579,301,135,2,2290.17),(580,96,664,4,288.30),(581,351,186,2,5484.94),(582,277,85,2,5734.23),(583,681,748,1,3582.38),(584,313,457,4,5322.15),(585,385,632,1,1406.82),(586,188,431,3,2030.68),(587,231,134,4,2571.06),(588,668,477,5,4945.38),(589,738,571,1,5827.97),(590,694,138,3,5697.51),(591,709,368,5,3331.29),(592,115,392,1,961.20),(593,109,589,1,2053.08),(594,550,596,1,1189.23),(595,441,554,4,5960.53),(596,720,293,5,4852.54),(597,424,262,4,3423.82),(598,527,691,4,935.03),(599,475,389,1,5464.56),(600,513,539,3,2008.38),(601,266,25,5,4544.37),(602,449,674,5,5862.25),(603,579,113,5,387.67),(604,299,635,5,956.65),(605,448,308,1,491.04),(606,585,744,5,5612.08),(607,207,403,5,5778.30),(608,641,131,2,4754.45),(609,236,286,5,1759.29),(610,448,277,4,5677.38),(611,41,517,2,879.16),(612,588,541,4,2046.65),(613,443,192,2,4342.61),(614,10,173,1,5986.65),(615,205,745,4,4179.65),(616,152,15,3,5434.44),(617,2,214,2,210.47),(618,22,19,5,3209.18),(619,255,299,4,2828.93),(620,608,114,5,227.01),(621,529,534,5,4654.08),(622,582,93,1,1661.31),(623,416,3,1,3560.94),(624,95,394,5,4566.22),(625,643,156,2,1004.41),(626,507,207,4,4503.55),(627,596,690,5,5680.41),(628,592,745,4,4491.07),(629,633,46,4,250.66),(630,345,308,5,5935.15),(631,85,561,4,2983.17),(632,265,398,2,434.66),(633,24,612,5,3186.29),(634,701,225,2,2719.46),(635,100,741,2,5726.94),(636,85,99,5,5316.81),(637,326,95,5,3419.72),(638,379,711,3,2111.41),(639,145,588,3,1069.47),(640,19,194,3,4867.54),(641,681,13,1,2304.51),(642,332,245,3,2593.66),(643,31,458,3,2374.36),(644,589,622,5,1651.22),(645,596,721,3,5205.74),(646,443,453,2,4352.46),(647,98,60,5,999.10),(648,660,739,1,4897.66),(649,724,553,1,4193.57),(650,156,142,2,3176.37),(651,611,296,1,1064.89),(652,401,145,1,3278.10),(653,513,72,4,1719.06),(654,333,140,4,1517.93),(655,368,653,2,2586.20),(656,164,228,3,5974.33),(657,18,9,3,704.70),(658,635,97,5,5711.42),(659,565,719,3,820.66),(660,119,704,4,5640.96),(661,644,181,3,2205.52),(662,19,294,4,862.65),(663,33,63,4,3688.37),(664,225,57,3,2672.53),(665,25,56,1,940.16),(666,249,535,2,2857.03),(667,31,92,2,1361.92),(668,131,582,4,597.13),(669,92,129,1,3997.21),(670,271,546,3,265.86),(671,440,446,3,1500.45),(672,749,265,3,2413.65),(673,48,313,2,5383.24),(674,451,430,2,5141.36),(675,308,393,1,820.01),(676,91,341,2,238.69),(677,512,737,2,5790.43),(678,317,504,2,1703.94),(679,359,572,4,680.83),(680,420,548,2,1145.46),(681,326,104,2,4990.09),(682,685,188,4,2826.77),(683,4,522,4,5113.36),(684,721,397,3,5603.92),(685,410,157,2,1800.16),(686,79,637,4,5325.47),(687,419,559,4,3160.69),(688,277,639,3,2944.17),(689,83,679,2,3552.45),(690,655,213,3,286.26),(691,423,112,5,1958.19),(692,580,495,3,5845.62),(693,129,241,3,5210.75),(694,215,315,1,1980.98),(695,430,388,5,1082.69),(696,114,155,1,2149.41),(697,653,444,3,3705.69),(698,365,168,3,1688.31),(699,177,18,4,4026.56),(700,284,290,1,4644.21),(701,104,687,5,3058.73),(702,201,560,5,664.79),(703,151,475,2,213.62),(704,685,440,2,1977.99),(705,346,694,5,4774.94),(706,513,515,2,4398.29),(707,541,530,3,3601.78),(708,430,550,1,5958.82),(709,415,266,1,2213.44),(710,101,104,1,1253.12),(711,165,380,3,1336.23),(712,286,85,2,1632.38),(713,31,122,4,494.55),(714,626,541,4,223.31),(715,246,509,2,781.78),(716,748,658,5,2432.29),(717,60,208,2,561.40),(718,716,207,1,3648.11),(719,564,607,5,3704.47),(720,51,83,1,4883.01),(721,34,14,2,1926.32),(722,487,120,2,819.24),(723,707,509,1,3619.23),(724,478,668,5,2605.66),(725,108,646,4,5326.82),(726,160,364,5,5870.06),(727,53,740,5,1697.55),(728,596,664,3,5102.33),(729,652,478,5,2105.21),(730,374,10,1,645.84),(731,449,349,2,2157.64),(732,170,724,1,330.28),(733,171,572,5,4119.78),(734,455,536,1,2934.71),(735,480,614,1,4346.34),(736,480,115,4,812.55),(737,29,566,5,843.20),(738,631,482,2,951.72),(739,208,694,5,5297.87),(740,603,649,4,1656.62),(741,503,124,5,1347.20),(742,347,233,1,2793.97),(743,430,574,1,5417.09),(744,8,187,3,3371.77),(745,690,741,5,2323.75),(746,361,477,5,381.57),(747,174,667,3,4079.95),(748,301,199,2,1436.07),(749,405,191,2,5826.61),(750,125,401,5,419.70);
/*!40000 ALTER TABLE `order_items` ENABLE KEYS */;
UNLOCK TABLES;

--
-- Table structure for table `order_items_archive`
--

DROP TABLE IF EXISTS `order_items_archive`;
/*!40101 SET @saved_cs_client     = @@character_set_client */;
/*!40101 SET character_set_client = utf8 */;
CREATE TABLE `order_items_archive` (
  `archive_id` int(11) NOT NULL AUTO_INCREMENT,
  `original_id` int(11) DEFAULT NULL,
  `order_id` int(11) DEFAULT NULL,
  `variant_id` int(11) DEFAULT NULL,
  `quantity` int(11) DEFAULT NULL,
  `unit_price` decimal(10,2) DEFAULT NULL,
  `archived_at` timestamp NOT NULL DEFAULT current_timestamp(),
  `restore_status` enum('archived','restored') DEFAULT 'archived',
  PRIMARY KEY (`archive_id`)
) ENGINE=InnoDB AUTO_INCREMENT=3 DEFAULT CHARSET=utf8mb4 COLLATE=utf8mb4_general_ci;
/*!40101 SET character_set_client = @saved_cs_client */;

--
-- Dumping data for table `order_items_archive`
--

LOCK TABLES `order_items_archive` WRITE;
/*!40000 ALTER TABLE `order_items_archive` DISABLE KEYS */;
/*!40000 ALTER TABLE `order_items_archive` ENABLE KEYS */;
UNLOCK TABLES;

--
-- Temporary table structure for view `order_totals`
--

DROP TABLE IF EXISTS `order_totals`;
/*!50001 DROP VIEW IF EXISTS `order_totals`*/;
SET @saved_cs_client     = @@character_set_client;
SET character_set_client = utf8;
/*!50001 CREATE VIEW `order_totals` AS SELECT
 1 AS `order_id`,
  1 AS `subtotal`,
  1 AS `shipping_fee`,
  1 AS `total` */;
SET character_set_client = @saved_cs_client;

--
-- Table structure for table `orders`
--

DROP TABLE IF EXISTS `orders`;
/*!40101 SET @saved_cs_client     = @@character_set_client */;
/*!40101 SET character_set_client = utf8 */;
CREATE TABLE `orders` (
  `id` int(11) NOT NULL AUTO_INCREMENT,
  `customer_id` int(11) NOT NULL,
  `shipping_address_id` int(11) DEFAULT NULL,
  `status` enum('pending','confirmed','shipped','delivered','cancelled') DEFAULT 'pending',
  `shipping_fee` decimal(10,2) NOT NULL DEFAULT 0.00,
  `ordered_at` timestamp NOT NULL DEFAULT current_timestamp(),
  PRIMARY KEY (`id`),
  KEY `customer_id` (`customer_id`),
  KEY `shipping_address_id` (`shipping_address_id`),
  CONSTRAINT `orders_ibfk_1` FOREIGN KEY (`customer_id`) REFERENCES `customers` (`id`),
  CONSTRAINT `orders_ibfk_2` FOREIGN KEY (`shipping_address_id`) REFERENCES `addresses` (`id`)
) ENGINE=InnoDB AUTO_INCREMENT=751 DEFAULT CHARSET=utf8mb4 COLLATE=utf8mb4_general_ci;
/*!40101 SET character_set_client = @saved_cs_client */;

--
-- Dumping data for table `orders`
--

LOCK TABLES `orders` WRITE;
/*!40000 ALTER TABLE `orders` DISABLE KEYS */;
INSERT INTO `orders` VALUES (1,180,296,'cancelled',200.00,'2026-04-16 23:18:30'),(2,322,389,'delivered',0.00,'2025-08-21 23:18:30'),(3,446,479,'pending',0.00,'2025-07-05 23:18:30'),(4,51,3,'shipped',50.00,'2025-10-26 23:18:30'),(5,354,652,'shipped',0.00,'2025-11-03 23:18:30'),(6,742,529,'shipped',200.00,'2026-02-20 23:18:30'),(7,415,387,'cancelled',0.00,'2026-01-07 23:18:30'),(8,423,153,'shipped',200.00,'2026-01-11 23:18:30'),(9,330,379,'pending',100.00,'2025-11-30 23:18:30'),(10,175,591,'delivered',0.00,'2025-07-29 23:18:30'),(11,732,41,'delivered',0.00,'2025-10-11 23:18:30'),(12,213,247,'delivered',200.00,'2025-06-27 23:18:30'),(13,572,472,'cancelled',100.00,'2026-04-29 23:18:30'),(14,640,652,'cancelled',50.00,'2026-03-04 23:18:30'),(15,67,63,'shipped',0.00,'2026-03-06 23:18:30'),(16,402,259,'cancelled',0.00,'2025-07-27 23:18:30'),(17,542,6,'shipped',100.00,'2025-06-12 23:18:30'),(18,182,561,'delivered',150.00,'2025-12-31 23:18:30'),(19,529,199,'delivered',50.00,'2025-08-10 23:18:30'),(20,664,66,'delivered',100.00,'2026-01-03 23:18:30'),(21,159,690,'pending',50.00,'2025-05-16 23:18:30'),(22,410,634,'shipped',50.00,'2025-08-13 23:18:30'),(23,586,661,'shipped',150.00,'2025-12-06 23:18:30'),(24,163,22,'confirmed',150.00,'2026-03-02 23:18:30'),(25,378,740,'cancelled',150.00,'2026-01-18 23:18:30'),(26,107,318,'shipped',0.00,'2025-09-13 23:18:30'),(27,42,400,'shipped',150.00,'2026-02-16 23:18:30'),(28,364,383,'shipped',0.00,'2026-02-01 23:18:30'),(29,413,235,'shipped',100.00,'2025-08-02 23:18:30'),(30,700,192,'shipped',50.00,'2026-04-26 23:18:30'),(31,685,87,'delivered',150.00,'2025-12-01 23:18:30'),(32,422,287,'shipped',200.00,'2025-07-17 23:18:30'),(33,544,518,'pending',50.00,'2026-03-13 23:18:30'),(34,378,248,'cancelled',200.00,'2025-08-15 23:18:30'),(35,183,283,'shipped',50.00,'2025-09-11 23:18:30'),(36,625,714,'pending',100.00,'2026-04-18 23:18:30'),(37,297,704,'pending',100.00,'2026-01-05 23:18:30'),(38,210,222,'confirmed',100.00,'2026-01-28 23:18:30'),(39,539,264,'cancelled',100.00,'2025-05-10 23:18:30'),(40,126,405,'confirmed',50.00,'2026-03-16 23:18:30'),(41,93,97,'cancelled',150.00,'2025-08-11 23:18:30'),(42,478,739,'pending',200.00,'2026-04-13 23:18:30'),(43,622,204,'confirmed',200.00,'2026-03-22 23:18:30'),(44,647,696,'confirmed',150.00,'2026-01-17 23:18:30'),(45,138,415,'shipped',50.00,'2026-04-17 23:18:30'),(46,417,36,'pending',0.00,'2025-06-28 23:18:30'),(47,518,509,'shipped',150.00,'2026-03-20 23:18:30'),(48,473,513,'delivered',200.00,'2025-08-12 23:18:30'),(49,9,11,'confirmed',50.00,'2026-04-24 23:18:30'),(50,31,601,'pending',100.00,'2025-10-07 23:18:30'),(51,115,563,'confirmed',200.00,'2025-08-12 23:18:30'),(52,14,251,'delivered',100.00,'2025-09-08 23:18:30'),(53,653,720,'delivered',100.00,'2025-12-13 23:18:30'),(54,611,123,'delivered',0.00,'2025-06-24 23:18:30'),(55,697,219,'delivered',100.00,'2025-06-29 23:18:30'),(56,355,138,'pending',0.00,'2025-11-29 23:18:30'),(57,619,73,'pending',200.00,'2025-06-14 23:18:30'),(58,589,294,'pending',200.00,'2025-12-09 23:18:30'),(59,232,237,'delivered',200.00,'2025-09-05 23:18:30'),(60,352,28,'cancelled',50.00,'2025-10-11 23:18:30'),(61,200,175,'confirmed',50.00,'2025-07-01 23:18:30'),(62,617,518,'confirmed',0.00,'2026-01-05 23:18:30'),(63,463,282,'shipped',100.00,'2025-10-05 23:18:30'),(64,79,95,'shipped',0.00,'2025-05-16 23:18:30'),(65,749,302,'confirmed',200.00,'2025-08-06 23:18:30'),(66,418,44,'shipped',0.00,'2025-11-16 23:18:30'),(67,244,505,'delivered',150.00,'2025-09-27 23:18:30'),(68,48,532,'pending',0.00,'2026-03-03 23:18:30'),(69,437,19,'pending',50.00,'2026-04-09 23:18:30'),(70,533,209,'shipped',150.00,'2025-10-16 23:18:30'),(71,623,91,'pending',150.00,'2026-02-18 23:18:30'),(72,702,467,'pending',100.00,'2026-01-19 23:18:30'),(73,103,180,'confirmed',100.00,'2025-11-14 23:18:30'),(74,365,54,'delivered',200.00,'2025-07-30 23:18:30'),(75,188,447,'cancelled',0.00,'2025-09-01 23:18:30'),(76,642,497,'delivered',200.00,'2025-06-12 23:18:30'),(77,147,637,'confirmed',200.00,'2025-12-23 23:18:30'),(78,298,42,'pending',50.00,'2025-12-03 23:18:30'),(79,568,6,'cancelled',150.00,'2026-01-28 23:18:30'),(80,351,306,'confirmed',150.00,'2025-05-31 23:18:30'),(81,564,542,'confirmed',150.00,'2026-04-14 23:18:30'),(82,218,240,'shipped',200.00,'2026-03-05 23:18:30'),(83,55,105,'shipped',150.00,'2025-05-19 23:18:30'),(84,711,19,'cancelled',0.00,'2025-08-21 23:18:30'),(85,378,579,'cancelled',0.00,'2025-12-10 23:18:30'),(86,293,588,'confirmed',0.00,'2025-05-07 23:18:30'),(87,464,262,'cancelled',50.00,'2025-10-13 23:18:30'),(88,613,724,'cancelled',200.00,'2025-06-21 23:18:30'),(89,431,640,'cancelled',150.00,'2025-06-05 23:18:30'),(90,304,566,'cancelled',200.00,'2025-05-26 23:18:30'),(91,695,468,'pending',200.00,'2025-12-07 23:18:30'),(92,149,549,'shipped',200.00,'2025-10-23 23:18:30'),(93,653,583,'confirmed',50.00,'2025-11-19 23:18:30'),(94,579,106,'shipped',0.00,'2025-08-24 23:18:30'),(95,318,584,'cancelled',50.00,'2026-02-07 23:18:30'),(96,195,111,'confirmed',50.00,'2025-12-08 23:18:30'),(97,145,441,'delivered',200.00,'2025-07-25 23:18:30'),(98,57,418,'cancelled',0.00,'2025-07-26 23:18:30'),(99,485,159,'delivered',0.00,'2025-09-15 23:18:30'),(100,428,32,'delivered',50.00,'2026-01-17 23:18:30'),(101,317,576,'confirmed',200.00,'2025-07-01 23:18:30'),(102,226,334,'cancelled',100.00,'2025-06-09 23:18:30'),(103,250,533,'confirmed',200.00,'2026-04-29 23:18:30'),(104,292,4,'shipped',150.00,'2025-06-02 23:18:30'),(105,121,146,'cancelled',200.00,'2025-09-27 23:18:30'),(106,350,31,'cancelled',50.00,'2025-10-12 23:18:30'),(107,605,368,'cancelled',50.00,'2025-09-27 23:18:30'),(108,677,273,'pending',200.00,'2025-10-24 23:18:30'),(109,587,388,'shipped',150.00,'2025-06-19 23:18:30'),(110,75,222,'pending',200.00,'2025-09-03 23:18:30'),(111,437,101,'confirmed',50.00,'2025-08-10 23:18:30'),(112,322,586,'shipped',0.00,'2025-12-30 23:18:30'),(113,197,274,'delivered',200.00,'2026-02-20 23:18:30'),(114,247,602,'shipped',200.00,'2025-12-19 23:18:30'),(115,642,42,'pending',50.00,'2025-09-05 23:18:30'),(116,230,2,'pending',200.00,'2025-09-27 23:18:30'),(117,615,401,'delivered',0.00,'2026-04-09 23:18:30'),(118,120,397,'cancelled',50.00,'2026-03-30 23:18:30'),(119,84,685,'confirmed',200.00,'2025-11-17 23:18:30'),(120,27,50,'pending',150.00,'2025-08-10 23:18:30'),(121,58,627,'shipped',0.00,'2025-12-08 23:18:30'),(122,645,622,'pending',100.00,'2026-04-10 23:18:30'),(123,465,418,'confirmed',200.00,'2026-01-27 23:18:30'),(124,597,454,'delivered',50.00,'2026-04-12 23:18:30'),(125,748,378,'confirmed',100.00,'2025-12-20 23:18:30'),(126,18,508,'delivered',150.00,'2025-07-05 23:18:30'),(127,289,401,'confirmed',0.00,'2025-05-07 23:18:30'),(128,460,144,'delivered',150.00,'2025-05-29 23:18:30'),(129,134,611,'confirmed',100.00,'2026-04-28 23:18:30'),(130,569,95,'delivered',150.00,'2025-10-23 23:18:30'),(131,49,165,'cancelled',200.00,'2026-04-03 23:18:30'),(132,270,24,'delivered',200.00,'2025-05-27 23:18:30'),(133,547,270,'pending',50.00,'2026-01-26 23:18:30'),(134,208,465,'confirmed',0.00,'2026-03-01 23:18:30'),(135,322,367,'confirmed',50.00,'2025-11-12 23:18:30'),(136,411,112,'delivered',200.00,'2026-03-28 23:18:30'),(137,476,11,'confirmed',50.00,'2025-05-25 23:18:30'),(138,105,81,'cancelled',50.00,'2026-05-07 23:18:30'),(139,389,116,'confirmed',150.00,'2026-01-06 23:18:30'),(140,526,686,'shipped',50.00,'2025-09-10 23:18:30'),(141,508,560,'cancelled',100.00,'2025-10-27 23:18:30'),(142,125,195,'confirmed',150.00,'2026-03-30 23:18:30'),(143,684,559,'shipped',100.00,'2025-12-23 23:18:30'),(144,607,51,'confirmed',200.00,'2025-11-23 23:18:30'),(145,49,145,'delivered',100.00,'2025-08-19 23:18:30'),(146,45,97,'delivered',100.00,'2025-12-13 23:18:30'),(147,55,243,'delivered',50.00,'2025-05-23 23:18:30'),(148,257,105,'delivered',150.00,'2025-08-07 23:18:30'),(149,111,146,'delivered',150.00,'2025-05-31 23:18:30'),(150,526,175,'confirmed',0.00,'2026-04-30 23:18:30'),(151,166,655,'pending',150.00,'2025-07-10 23:18:30'),(152,550,187,'pending',50.00,'2025-12-25 23:18:30'),(153,532,430,'confirmed',200.00,'2025-08-01 23:18:30'),(154,349,504,'cancelled',150.00,'2026-01-08 23:18:30'),(155,437,238,'cancelled',50.00,'2026-03-10 23:18:30'),(156,528,182,'cancelled',100.00,'2025-10-10 23:18:30'),(157,30,347,'confirmed',200.00,'2025-09-19 23:18:30'),(158,24,505,'cancelled',200.00,'2025-06-16 23:18:30'),(159,439,413,'pending',150.00,'2025-09-05 23:18:30'),(160,717,63,'delivered',150.00,'2026-01-07 23:18:30'),(161,415,531,'confirmed',0.00,'2025-11-02 23:18:30'),(162,3,386,'cancelled',50.00,'2026-03-25 23:18:30'),(163,675,176,'confirmed',50.00,'2025-06-19 23:18:30'),(164,358,336,'confirmed',0.00,'2025-10-18 23:18:30'),(165,696,676,'shipped',0.00,'2025-11-17 23:18:30'),(166,553,459,'pending',100.00,'2025-10-12 23:18:30'),(167,584,154,'pending',200.00,'2025-06-08 23:18:30'),(168,179,75,'cancelled',50.00,'2025-11-21 23:18:30'),(169,582,408,'delivered',200.00,'2026-04-17 23:18:30'),(170,571,605,'cancelled',100.00,'2026-01-07 23:18:30'),(171,441,639,'cancelled',200.00,'2025-12-11 23:18:30'),(172,560,17,'confirmed',50.00,'2026-04-18 23:18:30'),(173,339,35,'cancelled',50.00,'2025-06-02 23:18:30'),(174,556,444,'cancelled',100.00,'2025-08-21 23:18:30'),(175,299,664,'confirmed',100.00,'2025-07-01 23:18:30'),(176,346,625,'cancelled',200.00,'2025-06-19 23:18:30'),(177,68,663,'pending',100.00,'2025-11-11 23:18:30'),(178,463,642,'cancelled',200.00,'2025-09-15 23:18:30'),(179,37,712,'delivered',0.00,'2025-11-06 23:18:30'),(180,184,241,'cancelled',150.00,'2025-09-20 23:18:30'),(181,400,490,'confirmed',200.00,'2025-06-05 23:18:30'),(182,192,27,'cancelled',150.00,'2025-12-18 23:18:30'),(183,390,80,'cancelled',0.00,'2025-06-20 23:18:30'),(184,680,473,'delivered',200.00,'2025-08-08 23:18:30'),(185,505,394,'cancelled',50.00,'2025-06-22 23:18:30'),(186,589,447,'cancelled',150.00,'2026-02-18 23:18:30'),(187,133,328,'cancelled',200.00,'2026-01-27 23:18:30'),(188,506,40,'cancelled',100.00,'2025-05-24 23:18:30'),(189,537,1,'delivered',50.00,'2025-05-23 23:18:30'),(190,641,244,'shipped',0.00,'2025-05-16 23:18:30'),(191,276,31,'shipped',150.00,'2025-10-24 23:18:30'),(192,746,635,'shipped',150.00,'2025-07-20 23:18:30'),(193,40,32,'pending',50.00,'2025-12-15 23:18:30'),(194,555,181,'shipped',100.00,'2025-12-21 23:18:30'),(195,258,187,'cancelled',150.00,'2025-09-14 23:18:30'),(196,608,404,'confirmed',50.00,'2025-11-08 23:18:30'),(197,627,302,'confirmed',50.00,'2025-06-17 23:18:30'),(198,137,700,'cancelled',200.00,'2025-12-21 23:18:30'),(199,401,228,'confirmed',200.00,'2025-07-18 23:18:30'),(200,106,349,'delivered',50.00,'2025-12-25 23:18:30'),(201,82,701,'shipped',50.00,'2025-08-08 23:18:30'),(202,346,740,'delivered',50.00,'2025-11-13 23:18:30'),(203,399,172,'cancelled',50.00,'2025-10-13 23:18:30'),(204,604,227,'confirmed',100.00,'2025-08-09 23:18:30'),(205,623,703,'shipped',0.00,'2026-01-13 23:18:30'),(206,517,109,'cancelled',150.00,'2025-10-30 23:18:30'),(207,375,27,'delivered',200.00,'2025-12-24 23:18:30'),(208,396,573,'shipped',0.00,'2025-06-29 23:18:30'),(209,329,500,'shipped',100.00,'2026-01-13 23:18:30'),(210,8,199,'shipped',200.00,'2026-03-07 23:18:30'),(211,692,525,'cancelled',0.00,'2026-03-11 23:18:30'),(212,493,614,'delivered',50.00,'2026-04-13 23:18:30'),(213,204,535,'shipped',200.00,'2026-01-07 23:18:30'),(214,276,39,'pending',100.00,'2026-01-20 23:18:30'),(215,404,315,'pending',100.00,'2025-12-08 23:18:30'),(216,465,111,'shipped',100.00,'2026-01-24 23:18:30'),(217,110,222,'confirmed',100.00,'2025-06-24 23:18:30'),(218,220,430,'delivered',200.00,'2026-03-19 23:18:30'),(219,244,437,'delivered',100.00,'2026-04-14 23:18:30'),(220,17,636,'shipped',50.00,'2025-05-16 23:18:30'),(221,659,112,'shipped',0.00,'2026-04-19 23:18:30'),(222,363,182,'delivered',150.00,'2025-06-26 23:18:30'),(223,542,125,'cancelled',200.00,'2025-09-07 23:18:30'),(224,575,62,'cancelled',50.00,'2025-09-05 23:18:30'),(225,7,279,'shipped',50.00,'2026-01-07 23:18:30'),(226,527,540,'cancelled',100.00,'2025-10-14 23:18:30'),(227,167,141,'shipped',200.00,'2025-09-30 23:18:30'),(228,427,60,'shipped',200.00,'2025-08-21 23:18:30'),(229,426,461,'cancelled',150.00,'2025-12-15 23:18:30'),(230,306,172,'confirmed',150.00,'2025-05-11 23:18:30'),(231,346,523,'shipped',100.00,'2025-08-03 23:18:30'),(232,648,348,'cancelled',150.00,'2025-11-02 23:18:30'),(233,325,730,'cancelled',100.00,'2026-02-05 23:18:30'),(234,515,132,'shipped',200.00,'2026-03-08 23:18:30'),(235,85,710,'delivered',100.00,'2026-04-24 23:18:30'),(236,140,7,'pending',0.00,'2026-02-17 23:18:30'),(237,315,382,'confirmed',200.00,'2025-06-10 23:18:30'),(238,238,75,'confirmed',50.00,'2025-06-12 23:18:30'),(239,119,334,'shipped',0.00,'2026-01-21 23:18:30'),(240,6,332,'shipped',150.00,'2026-04-20 23:18:30'),(241,535,209,'delivered',200.00,'2026-02-03 23:18:30'),(242,699,103,'shipped',100.00,'2025-12-13 23:18:30'),(243,533,538,'cancelled',150.00,'2025-10-22 23:18:30'),(244,601,635,'delivered',50.00,'2025-08-25 23:18:30'),(245,707,228,'delivered',150.00,'2025-06-15 23:18:30'),(246,452,737,'shipped',150.00,'2026-02-20 23:18:30'),(247,7,NULL,'shipped',200.00,'2025-05-12 23:18:30'),(248,172,378,'shipped',50.00,'2026-04-02 23:18:30'),(249,539,224,'confirmed',200.00,'2026-03-14 23:18:30'),(250,137,195,'pending',50.00,'2026-01-25 23:18:30'),(251,622,147,'pending',100.00,'2025-06-22 23:18:30'),(252,95,61,'delivered',0.00,'2026-03-22 23:18:30'),(253,533,251,'delivered',100.00,'2025-08-30 23:18:30'),(254,164,209,'cancelled',150.00,'2025-11-12 23:18:30'),(255,25,546,'confirmed',150.00,'2025-10-13 23:18:30'),(256,532,724,'pending',150.00,'2026-02-06 23:18:30'),(257,186,359,'delivered',150.00,'2025-11-24 23:18:30'),(258,267,372,'cancelled',100.00,'2025-09-02 23:18:30'),(259,139,389,'confirmed',200.00,'2026-04-21 23:18:30'),(260,334,146,'cancelled',0.00,'2025-08-19 23:18:30'),(261,686,465,'delivered',200.00,'2026-01-04 23:18:30'),(262,748,105,'delivered',0.00,'2025-07-30 23:18:30'),(263,187,736,'delivered',0.00,'2025-06-11 23:18:30'),(264,481,180,'pending',150.00,'2025-05-21 23:18:30'),(265,221,204,'delivered',50.00,'2025-07-22 23:18:30'),(266,672,597,'confirmed',0.00,'2025-11-22 23:18:30'),(267,187,177,'confirmed',200.00,'2025-07-21 23:18:30'),(268,630,220,'delivered',50.00,'2026-03-17 23:18:30'),(269,438,335,'cancelled',0.00,'2025-06-14 23:18:30'),(270,311,242,'cancelled',200.00,'2026-02-23 23:18:30'),(271,243,171,'shipped',100.00,'2025-05-13 23:18:30'),(272,251,592,'cancelled',50.00,'2025-11-25 23:18:30'),(273,570,316,'shipped',150.00,'2026-03-06 23:18:30'),(274,501,NULL,'delivered',150.00,'2026-01-15 23:18:30'),(275,166,403,'shipped',50.00,'2026-04-27 23:18:30'),(276,585,341,'shipped',100.00,'2025-07-16 23:18:30'),(277,511,626,'pending',50.00,'2025-09-21 23:18:30'),(278,619,597,'delivered',0.00,'2026-02-01 23:18:30'),(279,585,179,'delivered',0.00,'2026-02-14 23:18:30'),(280,57,340,'confirmed',200.00,'2025-09-10 23:18:30'),(281,540,510,'pending',50.00,'2025-08-29 23:18:30'),(282,725,335,'confirmed',200.00,'2025-07-26 23:18:30'),(283,532,249,'confirmed',50.00,'2026-04-23 23:18:30'),(284,692,101,'confirmed',100.00,'2025-10-16 23:18:30'),(285,747,744,'pending',200.00,'2026-01-31 23:18:30'),(286,178,39,'pending',100.00,'2025-07-28 23:18:30'),(287,501,622,'delivered',200.00,'2025-08-23 23:18:30'),(288,519,583,'delivered',100.00,'2025-05-22 23:18:30'),(289,216,710,'shipped',200.00,'2025-11-06 23:18:30'),(290,190,243,'cancelled',150.00,'2026-04-06 23:18:30'),(291,42,207,'pending',100.00,'2025-12-04 23:18:30'),(292,242,398,'pending',200.00,'2025-07-18 23:18:30'),(293,329,113,'delivered',0.00,'2025-11-11 23:18:30'),(294,167,216,'cancelled',0.00,'2026-04-26 23:18:30'),(295,153,659,'cancelled',50.00,'2025-07-11 23:18:30'),(296,357,680,'pending',0.00,'2025-12-03 23:18:30'),(297,204,490,'shipped',200.00,'2026-01-29 23:18:30'),(298,59,627,'confirmed',0.00,'2025-07-16 23:18:30'),(299,426,482,'pending',50.00,'2025-05-21 23:18:30'),(300,608,512,'pending',200.00,'2026-03-10 23:18:30'),(301,149,408,'pending',50.00,'2026-02-19 23:18:30'),(302,119,213,'confirmed',0.00,'2025-05-21 23:18:30'),(303,718,472,'delivered',150.00,'2025-06-03 23:18:30'),(304,143,55,'pending',200.00,'2025-05-28 23:18:30'),(305,92,119,'pending',150.00,'2025-10-13 23:18:30'),(306,108,NULL,'confirmed',0.00,'2026-03-07 23:18:30'),(307,633,739,'pending',150.00,'2026-02-27 23:18:30'),(308,741,352,'cancelled',150.00,'2025-12-31 23:18:30'),(309,203,638,'confirmed',0.00,'2025-12-08 23:18:30'),(310,586,198,'delivered',150.00,'2025-11-16 23:18:30'),(311,214,550,'pending',50.00,'2025-09-16 23:18:30'),(312,667,682,'shipped',200.00,'2026-03-15 23:18:30'),(313,154,289,'confirmed',0.00,'2026-03-22 23:18:30'),(314,292,24,'cancelled',150.00,'2025-06-21 23:18:30'),(315,538,144,'shipped',0.00,'2025-07-16 23:18:30'),(316,681,335,'confirmed',50.00,'2025-07-06 23:18:30'),(317,294,385,'confirmed',0.00,'2025-07-09 23:18:30'),(318,199,718,'shipped',100.00,'2025-10-25 23:18:30'),(319,68,671,'pending',50.00,'2025-05-31 23:18:30'),(320,583,611,'shipped',50.00,'2025-05-17 23:18:30'),(321,598,509,'pending',0.00,'2026-01-10 23:18:30'),(322,465,122,'confirmed',100.00,'2026-01-30 23:18:30'),(323,435,368,'cancelled',100.00,'2025-08-04 23:18:30'),(324,376,397,'shipped',50.00,'2026-01-19 23:18:30'),(325,28,266,'pending',50.00,'2026-04-24 23:18:30'),(326,145,494,'pending',150.00,'2026-03-05 23:18:30'),(327,371,629,'confirmed',150.00,'2026-01-09 23:18:30'),(328,571,507,'shipped',0.00,'2026-02-11 23:18:30'),(329,614,635,'pending',150.00,'2026-03-25 23:18:30'),(330,442,437,'cancelled',0.00,'2025-10-08 23:18:30'),(331,234,134,'confirmed',100.00,'2025-08-09 23:18:30'),(332,666,110,'shipped',100.00,'2025-12-25 23:18:30'),(333,163,701,'pending',50.00,'2025-05-13 23:18:30'),(334,728,293,'pending',50.00,'2026-04-07 23:18:30'),(335,128,18,'cancelled',100.00,'2025-10-12 23:18:30'),(336,509,578,'delivered',100.00,'2025-10-03 23:18:30'),(337,316,638,'pending',100.00,'2025-09-23 23:18:30'),(338,605,694,'shipped',100.00,'2025-12-13 23:18:30'),(339,436,177,'confirmed',100.00,'2025-09-04 23:18:30'),(340,109,141,'shipped',150.00,'2025-09-27 23:18:30'),(341,3,114,'pending',200.00,'2026-04-07 23:18:30'),(342,122,527,'pending',0.00,'2026-01-21 23:18:30'),(343,28,423,'cancelled',50.00,'2026-03-17 23:18:30'),(344,461,409,'shipped',0.00,'2025-08-30 23:18:30'),(345,166,434,'cancelled',0.00,'2025-08-02 23:18:30'),(346,14,530,'pending',100.00,'2025-09-20 23:18:30'),(347,110,152,'cancelled',0.00,'2026-03-13 23:18:30'),(348,351,722,'pending',150.00,'2026-03-25 23:18:30'),(349,201,521,'pending',150.00,'2025-09-18 23:18:30'),(350,105,253,'pending',150.00,'2025-05-08 23:18:30'),(351,235,341,'pending',0.00,'2025-12-11 23:18:30'),(352,370,544,'shipped',150.00,'2025-12-05 23:18:30'),(353,205,411,'confirmed',0.00,'2025-05-12 23:18:30'),(354,202,26,'pending',200.00,'2025-09-27 23:18:30'),(355,187,358,'cancelled',200.00,'2025-05-26 23:18:30'),(356,364,458,'delivered',150.00,'2025-07-06 23:18:30'),(357,260,509,'pending',50.00,'2026-03-07 23:18:30'),(358,575,6,'shipped',50.00,'2025-05-29 23:18:30'),(359,206,622,'delivered',50.00,'2025-09-24 23:18:30'),(360,261,448,'delivered',150.00,'2026-02-20 23:18:30'),(361,81,362,'cancelled',0.00,'2025-08-12 23:18:30'),(362,247,142,'delivered',0.00,'2026-04-21 23:18:30'),(363,59,273,'delivered',150.00,'2025-10-02 23:18:30'),(364,103,319,'shipped',200.00,'2026-04-25 23:18:30'),(365,70,120,'pending',150.00,'2025-07-10 23:18:30'),(366,498,683,'delivered',0.00,'2025-12-29 23:18:30'),(367,39,21,'shipped',200.00,'2026-01-07 23:18:30'),(368,557,566,'pending',200.00,'2025-05-14 23:18:30'),(369,725,647,'shipped',200.00,'2026-05-06 23:18:30'),(370,323,256,'pending',100.00,'2026-02-08 23:18:30'),(371,44,262,'cancelled',200.00,'2025-08-24 23:18:30'),(372,39,604,'shipped',200.00,'2025-08-26 23:18:30'),(373,405,621,'cancelled',150.00,'2025-06-14 23:18:30'),(374,230,664,'pending',50.00,'2025-09-12 23:18:30'),(375,605,450,'pending',150.00,'2025-10-24 23:18:30'),(376,618,570,'shipped',0.00,'2025-10-09 23:18:30'),(377,392,102,'confirmed',50.00,'2025-09-01 23:18:30'),(378,294,51,'delivered',150.00,'2025-07-19 23:18:30'),(379,273,255,'confirmed',50.00,'2025-11-23 23:18:30'),(380,448,188,'confirmed',200.00,'2025-05-30 23:18:30'),(381,606,610,'shipped',200.00,'2025-07-20 23:18:30'),(382,117,626,'delivered',0.00,'2026-04-03 23:18:30'),(383,729,271,'confirmed',150.00,'2025-06-03 23:18:30'),(384,143,27,'confirmed',150.00,'2026-04-11 23:18:30'),(385,528,472,'cancelled',50.00,'2026-03-14 23:18:30'),(386,92,421,'pending',50.00,'2025-06-03 23:18:30'),(387,682,676,'pending',100.00,'2026-03-20 23:18:30'),(388,559,86,'confirmed',100.00,'2025-05-22 23:18:30'),(389,719,630,'cancelled',200.00,'2025-07-07 23:18:30'),(390,517,599,'delivered',50.00,'2026-03-11 23:18:30'),(391,86,456,'pending',200.00,'2025-08-23 23:18:30'),(392,641,602,'shipped',200.00,'2026-04-22 23:18:30'),(393,73,560,'delivered',100.00,'2025-12-03 23:18:30'),(394,548,142,'confirmed',0.00,'2025-09-18 23:18:30'),(395,365,535,'cancelled',50.00,'2025-07-19 23:18:30'),(396,451,520,'shipped',150.00,'2026-05-02 23:18:30'),(397,553,177,'pending',0.00,'2025-12-26 23:18:30'),(398,554,48,'delivered',150.00,'2025-11-25 23:18:30'),(399,485,683,'pending',50.00,'2026-01-31 23:18:30'),(400,390,577,'pending',100.00,'2025-07-07 23:18:30'),(401,413,94,'pending',50.00,'2025-08-19 23:18:30'),(402,512,691,'cancelled',100.00,'2026-02-12 23:18:30'),(403,615,687,'delivered',200.00,'2025-08-22 23:18:30'),(404,155,475,'delivered',200.00,'2025-05-29 23:18:30'),(405,489,681,'pending',100.00,'2026-04-15 23:18:30'),(406,603,364,'confirmed',0.00,'2025-12-26 23:18:30'),(407,91,595,'delivered',0.00,'2025-11-07 23:18:30'),(408,438,46,'delivered',200.00,'2025-06-13 23:18:30'),(409,255,182,'delivered',100.00,'2025-05-27 23:18:30'),(410,708,567,'cancelled',50.00,'2025-11-18 23:18:30'),(411,741,387,'shipped',0.00,'2025-09-14 23:18:30'),(412,595,675,'delivered',50.00,'2025-12-09 23:18:30'),(413,656,47,'cancelled',150.00,'2025-05-13 23:18:30'),(414,656,290,'cancelled',150.00,'2025-10-23 23:18:30'),(415,560,255,'shipped',200.00,'2025-09-30 23:18:30'),(416,27,273,'delivered',200.00,'2025-11-29 23:18:30'),(417,156,67,'delivered',0.00,'2026-02-18 23:18:30'),(418,575,347,'pending',150.00,'2026-02-24 23:18:30'),(419,164,365,'cancelled',50.00,'2025-06-19 23:18:30'),(420,417,282,'cancelled',200.00,'2026-03-04 23:18:30'),(422,548,410,'cancelled',200.00,'2026-01-11 23:18:30'),(423,629,43,'delivered',50.00,'2025-12-26 23:18:30'),(424,405,492,'confirmed',200.00,'2025-09-22 23:18:30'),(425,617,590,'pending',150.00,'2026-04-26 23:18:30'),(426,639,65,'pending',100.00,'2026-03-31 23:18:30'),(427,220,116,'cancelled',50.00,'2025-11-05 23:18:30'),(428,678,615,'confirmed',50.00,'2025-05-07 23:18:30'),(429,418,111,'confirmed',50.00,'2025-09-06 23:18:30'),(430,737,418,'pending',100.00,'2026-02-01 23:18:30'),(431,255,45,'shipped',100.00,'2025-07-27 23:18:30'),(432,524,97,'delivered',100.00,'2025-05-14 23:18:30'),(433,23,170,'shipped',100.00,'2025-12-04 23:18:30'),(434,508,149,'shipped',0.00,'2025-06-26 23:18:30'),(435,100,440,'shipped',0.00,'2026-01-29 23:18:30'),(436,714,297,'shipped',0.00,'2025-07-21 23:18:30'),(437,427,412,'pending',150.00,'2025-09-02 23:18:30'),(438,67,529,'confirmed',100.00,'2025-07-07 23:18:30'),(439,552,587,'cancelled',0.00,'2025-08-01 23:18:30'),(440,555,747,'pending',150.00,'2025-09-13 23:18:30'),(441,565,149,'pending',100.00,'2026-03-28 23:18:30'),(442,454,278,'delivered',200.00,'2026-03-15 23:18:30'),(443,232,335,'cancelled',50.00,'2025-10-18 23:18:30'),(444,642,386,'shipped',200.00,'2025-10-03 23:18:30'),(445,632,680,'cancelled',200.00,'2025-12-31 23:18:30'),(446,716,596,'delivered',200.00,'2025-07-30 23:18:30'),(447,451,320,'cancelled',150.00,'2025-07-21 23:18:30'),(448,320,706,'pending',100.00,'2025-11-14 23:18:30'),(449,603,268,'shipped',0.00,'2026-03-12 23:18:30'),(450,128,629,'confirmed',200.00,'2025-05-25 23:18:30'),(451,185,60,'delivered',100.00,'2026-01-01 23:18:30'),(452,714,391,'pending',100.00,'2026-03-10 23:18:30'),(453,73,486,'pending',150.00,'2025-05-23 23:18:30'),(454,746,64,'confirmed',200.00,'2025-08-05 23:18:30'),(455,569,405,'confirmed',150.00,'2025-11-28 23:18:30'),(456,255,421,'confirmed',0.00,'2025-08-17 23:18:30'),(457,594,267,'shipped',100.00,'2025-07-05 23:18:30'),(458,58,389,'delivered',0.00,'2026-04-12 23:18:30'),(459,26,609,'cancelled',100.00,'2026-02-27 23:18:30'),(460,306,544,'cancelled',100.00,'2026-02-05 23:18:30'),(461,49,301,'delivered',150.00,'2025-05-23 23:18:30'),(462,281,571,'cancelled',150.00,'2025-09-29 23:18:30'),(463,510,421,'pending',100.00,'2025-09-26 23:18:30'),(464,269,166,'pending',100.00,'2025-11-27 23:18:30'),(465,434,373,'delivered',150.00,'2025-11-14 23:18:30'),(466,551,30,'cancelled',150.00,'2025-12-01 23:18:30'),(467,327,227,'confirmed',200.00,'2025-06-30 23:18:30'),(468,30,436,'confirmed',50.00,'2025-10-30 23:18:30'),(469,265,415,'delivered',50.00,'2025-06-17 23:18:30'),(470,189,429,'shipped',100.00,'2026-04-10 23:18:30'),(471,112,407,'shipped',200.00,'2025-06-30 23:18:30'),(472,356,235,'pending',0.00,'2025-05-17 23:18:30'),(473,692,436,'confirmed',50.00,'2026-03-08 23:18:30'),(474,180,156,'shipped',50.00,'2025-09-18 23:18:30'),(475,439,490,'delivered',100.00,'2025-10-14 23:18:30'),(476,138,324,'cancelled',0.00,'2025-10-20 23:18:30'),(477,29,107,'pending',50.00,'2025-12-15 23:18:30'),(478,727,103,'pending',100.00,'2025-08-23 23:18:30'),(479,258,547,'cancelled',150.00,'2026-04-07 23:18:30'),(480,7,550,'pending',0.00,'2025-09-07 23:18:30'),(481,603,529,'delivered',150.00,'2025-05-08 23:18:30'),(482,507,573,'confirmed',50.00,'2026-03-28 23:18:30'),(483,178,592,'cancelled',100.00,'2025-09-22 23:18:30'),(484,14,280,'delivered',50.00,'2025-10-10 23:18:30'),(485,270,169,'delivered',0.00,'2026-02-21 23:18:30'),(486,748,114,'confirmed',0.00,'2026-01-23 23:18:30'),(487,542,258,'confirmed',150.00,'2025-11-13 23:18:30'),(488,234,441,'shipped',200.00,'2025-10-22 23:18:30'),(489,546,50,'delivered',200.00,'2025-11-09 23:18:30'),(490,651,173,'shipped',100.00,'2025-08-17 23:18:30'),(491,180,318,'confirmed',0.00,'2025-05-29 23:18:30'),(492,571,712,'confirmed',200.00,'2025-11-22 23:18:30'),(493,260,371,'shipped',0.00,'2026-04-21 23:18:30'),(494,693,440,'shipped',100.00,'2025-06-07 23:18:30'),(495,377,293,'delivered',100.00,'2026-02-22 23:18:30'),(496,202,79,'pending',50.00,'2026-01-28 23:18:30'),(497,158,731,'delivered',100.00,'2025-08-05 23:18:30'),(498,630,749,'delivered',200.00,'2026-03-25 23:18:30'),(499,462,449,'delivered',50.00,'2026-01-03 23:18:30'),(500,681,301,'confirmed',150.00,'2026-02-10 23:18:30'),(501,32,197,'cancelled',200.00,'2025-10-25 23:18:30'),(502,702,174,'pending',150.00,'2025-11-07 23:18:30'),(503,732,13,'cancelled',0.00,'2026-04-03 23:18:30'),(504,622,397,'confirmed',0.00,'2025-12-28 23:18:30'),(505,337,732,'confirmed',0.00,'2025-10-22 23:18:30'),(506,624,236,'shipped',200.00,'2025-08-23 23:18:30'),(507,149,274,'cancelled',50.00,'2025-11-19 23:18:30'),(508,236,313,'pending',0.00,'2025-05-14 23:18:30'),(509,650,107,'cancelled',0.00,'2025-10-17 23:18:30'),(510,452,486,'cancelled',100.00,'2025-08-17 23:18:30'),(511,69,436,'shipped',50.00,'2025-12-16 23:18:30'),(512,261,261,'shipped',100.00,'2025-12-24 23:18:30'),(513,438,55,'cancelled',50.00,'2025-08-07 23:18:30'),(514,371,705,'pending',150.00,'2025-07-03 23:18:30'),(515,635,223,'delivered',200.00,'2026-03-14 23:18:30'),(516,16,658,'shipped',50.00,'2025-06-12 23:18:30'),(517,611,127,'confirmed',200.00,'2025-09-16 23:18:30'),(518,515,525,'shipped',200.00,'2025-10-22 23:18:30'),(519,638,582,'cancelled',150.00,'2025-07-11 23:18:30'),(520,541,527,'confirmed',200.00,'2026-04-06 23:18:30'),(521,314,323,'delivered',200.00,'2025-05-13 23:18:30'),(522,137,491,'pending',100.00,'2025-09-19 23:18:30'),(523,698,141,'shipped',150.00,'2026-01-08 23:18:30'),(524,38,92,'cancelled',200.00,'2025-10-24 23:18:30'),(525,728,259,'confirmed',100.00,'2026-03-01 23:18:30'),(526,209,571,'confirmed',200.00,'2025-09-19 23:18:30'),(527,167,534,'confirmed',50.00,'2025-07-21 23:18:30'),(528,106,155,'pending',200.00,'2025-08-25 23:18:30'),(529,31,402,'confirmed',200.00,'2026-01-20 23:18:30'),(530,177,530,'cancelled',0.00,'2025-05-08 23:18:30'),(531,592,571,'confirmed',50.00,'2026-02-22 23:18:30'),(532,125,46,'pending',0.00,'2026-02-02 23:18:30'),(533,236,180,'pending',0.00,'2026-04-05 23:18:30'),(534,709,535,'delivered',150.00,'2025-09-27 23:18:30'),(535,389,118,'pending',0.00,'2025-08-20 23:18:30'),(536,647,612,'cancelled',150.00,'2025-10-22 23:18:30'),(537,125,12,'cancelled',0.00,'2025-12-07 23:18:30'),(538,194,382,'delivered',0.00,'2025-12-11 23:18:30'),(539,64,742,'confirmed',200.00,'2025-12-10 23:18:30'),(540,327,666,'confirmed',0.00,'2025-07-10 23:18:30'),(541,523,49,'delivered',100.00,'2025-10-04 23:18:30'),(542,564,657,'confirmed',50.00,'2025-11-27 23:18:30'),(543,317,419,'cancelled',100.00,'2025-05-26 23:18:30'),(544,101,36,'pending',50.00,'2026-04-29 23:18:30'),(545,469,414,'confirmed',0.00,'2025-10-30 23:18:30'),(546,286,338,'cancelled',150.00,'2025-09-25 23:18:30'),(547,77,340,'pending',0.00,'2025-09-26 23:18:30'),(548,444,685,'delivered',150.00,'2025-12-21 23:18:30'),(549,95,76,'pending',150.00,'2025-10-30 23:18:30'),(550,307,89,'pending',50.00,'2025-12-14 23:18:30'),(551,2,458,'cancelled',100.00,'2026-03-17 23:18:30'),(552,409,629,'cancelled',100.00,'2025-06-25 23:18:30'),(553,481,43,'cancelled',200.00,'2026-04-30 23:18:30'),(554,377,576,'confirmed',150.00,'2025-10-05 23:18:30'),(555,562,208,'shipped',200.00,'2026-02-24 23:18:30'),(556,387,548,'cancelled',200.00,'2025-06-23 23:18:30'),(557,415,164,'delivered',200.00,'2025-09-14 23:18:30'),(558,16,541,'confirmed',200.00,'2025-09-28 23:18:30'),(559,572,569,'cancelled',200.00,'2026-03-08 23:18:30'),(560,484,542,'delivered',200.00,'2026-03-31 23:18:30'),(561,373,32,'shipped',200.00,'2025-09-30 23:18:30'),(562,185,372,'delivered',0.00,'2025-07-20 23:18:30'),(563,466,387,'pending',200.00,'2026-01-06 23:18:30'),(564,130,23,'pending',50.00,'2025-09-29 23:18:30'),(565,719,368,'delivered',200.00,'2025-07-16 23:18:30'),(566,573,192,'delivered',0.00,'2025-12-04 23:18:30'),(567,81,567,'pending',200.00,'2025-10-31 23:18:30'),(568,143,75,'delivered',100.00,'2025-11-17 23:18:30'),(569,523,322,'pending',150.00,'2025-08-31 23:18:30'),(570,468,298,'pending',50.00,'2025-08-31 23:18:30'),(571,304,395,'cancelled',50.00,'2026-03-30 23:18:30'),(572,99,555,'cancelled',50.00,'2025-12-15 23:18:30'),(573,95,624,'cancelled',150.00,'2026-02-26 23:18:30'),(574,447,273,'confirmed',50.00,'2026-02-24 23:18:30'),(575,618,489,'shipped',200.00,'2025-07-11 23:18:30'),(576,77,461,'pending',100.00,'2025-11-01 23:18:30'),(577,273,136,'pending',200.00,'2025-11-11 23:18:30'),(578,698,301,'shipped',150.00,'2026-04-14 23:18:30'),(579,327,446,'cancelled',50.00,'2026-05-06 23:18:30'),(580,592,145,'confirmed',100.00,'2025-08-26 23:18:30'),(582,65,648,'delivered',50.00,'2025-05-12 23:18:30'),(583,351,420,'shipped',0.00,'2025-09-14 23:18:30'),(584,176,217,'confirmed',100.00,'2025-09-09 23:18:30'),(585,182,516,'confirmed',200.00,'2025-06-29 23:18:30'),(586,336,739,'shipped',0.00,'2026-04-08 23:18:30'),(587,92,498,'cancelled',200.00,'2026-02-03 23:18:30'),(588,165,706,'shipped',150.00,'2026-01-04 23:18:30'),(589,93,140,'delivered',0.00,'2025-10-20 23:18:30'),(590,556,383,'pending',150.00,'2026-04-04 23:18:30'),(591,61,360,'cancelled',0.00,'2026-03-22 23:18:30'),(592,119,589,'shipped',0.00,'2025-06-29 23:18:30'),(593,183,475,'pending',0.00,'2025-11-27 23:18:30'),(594,191,438,'pending',0.00,'2025-11-03 23:18:30'),(595,233,452,'pending',200.00,'2026-02-27 23:18:30'),(596,205,45,'pending',150.00,'2026-04-01 23:18:30'),(597,441,608,'shipped',0.00,'2026-05-05 23:18:30'),(598,496,263,'pending',200.00,'2025-07-18 23:18:30'),(599,320,576,'shipped',100.00,'2026-01-11 23:18:30'),(600,662,145,'cancelled',200.00,'2025-09-10 23:18:30'),(601,424,608,'cancelled',200.00,'2026-01-18 23:18:30'),(602,423,353,'confirmed',200.00,'2025-12-27 23:18:30'),(603,286,484,'pending',150.00,'2026-03-23 23:18:30'),(604,640,739,'cancelled',50.00,'2025-09-07 23:18:30'),(605,208,319,'cancelled',0.00,'2026-01-18 23:18:30'),(606,743,73,'pending',100.00,'2025-11-18 23:18:30'),(607,47,158,'shipped',200.00,'2025-06-02 23:18:30'),(608,626,413,'confirmed',50.00,'2026-04-02 23:18:30'),(609,480,304,'confirmed',100.00,'2025-09-25 23:18:30'),(610,263,537,'confirmed',100.00,'2026-02-19 23:18:30'),(611,431,543,'pending',150.00,'2025-12-19 23:18:30'),(612,559,446,'pending',150.00,'2025-09-20 23:18:30'),(613,199,603,'cancelled',50.00,'2025-12-30 23:18:30'),(614,307,555,'cancelled',50.00,'2025-07-31 23:18:30'),(615,311,182,'shipped',50.00,'2025-10-24 23:18:30'),(616,646,306,'delivered',50.00,'2025-08-04 23:18:30'),(617,49,339,'shipped',0.00,'2025-09-21 23:18:30'),(618,455,284,'pending',150.00,'2025-11-04 23:18:30'),(619,460,635,'shipped',100.00,'2026-03-28 23:18:30'),(620,373,407,'confirmed',50.00,'2025-07-22 23:18:30'),(621,188,747,'pending',200.00,'2026-04-20 23:18:30'),(622,554,342,'shipped',0.00,'2026-04-16 23:18:30'),(623,506,645,'shipped',0.00,'2025-05-31 23:18:30'),(624,615,105,'confirmed',0.00,'2026-03-26 23:18:30'),(625,103,474,'cancelled',150.00,'2026-03-20 23:18:30'),(626,616,704,'pending',50.00,'2025-11-20 23:18:30'),(627,303,722,'delivered',150.00,'2026-04-10 23:18:30'),(628,704,720,'confirmed',50.00,'2025-06-17 23:18:30'),(629,25,416,'cancelled',100.00,'2026-01-08 23:18:30'),(630,323,275,'pending',50.00,'2026-05-07 23:18:30'),(631,85,683,'confirmed',50.00,'2025-09-25 23:18:30'),(632,322,580,'shipped',0.00,'2026-05-02 23:18:30'),(633,162,428,'pending',0.00,'2025-11-25 23:18:30'),(634,114,346,'confirmed',50.00,'2025-11-11 23:18:30'),(635,671,703,'cancelled',100.00,'2025-09-24 23:18:30'),(636,649,633,'shipped',0.00,'2025-09-25 23:18:30'),(637,290,45,'delivered',0.00,'2025-09-23 23:18:30'),(638,722,196,'confirmed',150.00,'2025-07-07 23:18:30'),(639,564,51,'shipped',200.00,'2025-05-27 23:18:30'),(640,375,660,'pending',50.00,'2025-05-31 23:18:30'),(641,68,50,'pending',150.00,'2025-12-11 23:18:30'),(642,694,637,'confirmed',100.00,'2026-05-01 23:18:30'),(643,209,707,'cancelled',0.00,'2026-05-06 23:18:30'),(644,285,357,'confirmed',0.00,'2026-01-18 23:18:30'),(645,439,47,'cancelled',200.00,'2025-05-15 23:18:30'),(646,292,66,'pending',200.00,'2025-12-05 23:18:30'),(647,642,629,'pending',50.00,'2025-06-07 23:18:30'),(648,345,631,'cancelled',50.00,'2025-08-01 23:18:30'),(649,368,355,'confirmed',100.00,'2025-05-21 23:18:30'),(650,581,349,'confirmed',0.00,'2025-11-03 23:18:30'),(651,398,73,'pending',0.00,'2025-10-11 23:18:30'),(652,499,584,'cancelled',0.00,'2025-06-12 23:18:30'),(653,20,408,'cancelled',150.00,'2025-07-31 23:18:30'),(654,61,76,'cancelled',150.00,'2025-09-25 23:18:30'),(655,489,270,'pending',50.00,'2025-09-04 23:18:30'),(656,513,274,'confirmed',50.00,'2025-06-02 23:18:30'),(657,199,584,'shipped',100.00,'2025-07-14 23:18:30'),(658,716,384,'confirmed',0.00,'2026-05-06 23:18:30'),(659,403,503,'delivered',150.00,'2026-02-16 23:18:30'),(660,343,336,'pending',50.00,'2026-02-14 23:18:30'),(661,649,357,'pending',0.00,'2025-08-28 23:18:30'),(662,218,389,'shipped',100.00,'2026-03-02 23:18:30'),(663,401,189,'shipped',0.00,'2025-09-14 23:18:30'),(664,551,261,'confirmed',200.00,'2026-04-06 23:18:30'),(665,643,192,'cancelled',50.00,'2026-01-15 23:18:30'),(666,227,316,'shipped',0.00,'2026-04-02 23:18:30'),(667,16,33,'cancelled',0.00,'2025-06-12 23:18:30'),(668,432,694,'pending',100.00,'2026-01-02 23:18:30'),(669,6,653,'cancelled',200.00,'2025-10-08 23:18:30'),(670,523,260,'confirmed',0.00,'2026-02-19 23:18:30'),(671,120,91,'delivered',150.00,'2025-09-22 23:18:30'),(672,226,140,'cancelled',0.00,'2025-12-14 23:18:30'),(673,695,343,'delivered',100.00,'2025-07-23 23:18:30'),(674,570,557,'delivered',100.00,'2025-07-22 23:18:30'),(675,191,90,'confirmed',200.00,'2025-07-08 23:18:30'),(676,434,320,'confirmed',150.00,'2026-04-14 23:18:30'),(677,237,247,'delivered',50.00,'2026-05-03 23:18:30'),(678,711,145,'delivered',100.00,'2025-11-07 23:18:30'),(679,534,192,'pending',100.00,'2025-09-13 23:18:30'),(680,475,26,'cancelled',50.00,'2026-05-07 23:18:30'),(681,456,118,'pending',100.00,'2026-02-14 23:18:30'),(682,232,731,'cancelled',0.00,'2026-02-04 23:18:30'),(683,194,442,'confirmed',0.00,'2025-06-10 23:18:30'),(684,623,NULL,'confirmed',0.00,'2025-11-08 23:18:30'),(685,538,128,'cancelled',200.00,'2025-08-30 23:18:30'),(686,741,5,'shipped',200.00,'2026-03-20 23:18:30'),(687,445,109,'pending',200.00,'2025-09-26 23:18:30'),(688,217,549,'shipped',100.00,'2025-07-30 23:18:30'),(689,564,84,'cancelled',100.00,'2025-07-20 23:18:30'),(690,475,707,'delivered',50.00,'2025-05-12 23:18:30'),(691,708,97,'delivered',200.00,'2025-08-16 23:18:30'),(692,46,726,'pending',100.00,'2026-01-06 23:18:30'),(693,491,548,'cancelled',50.00,'2026-04-03 23:18:30'),(694,561,385,'cancelled',50.00,'2025-08-20 23:18:30'),(695,596,492,'confirmed',200.00,'2025-12-17 23:18:30'),(696,340,319,'pending',0.00,'2025-08-17 23:18:30'),(697,142,173,'delivered',50.00,'2026-05-07 23:18:30'),(698,56,182,'cancelled',50.00,'2025-06-27 23:18:30'),(699,302,550,'confirmed',50.00,'2026-02-27 23:18:30'),(700,679,160,'pending',100.00,'2026-03-23 23:18:30'),(701,285,286,'delivered',100.00,'2025-06-06 23:18:30'),(702,217,749,'confirmed',200.00,'2026-03-12 23:18:30'),(703,68,432,'shipped',200.00,'2025-07-03 23:18:30'),(704,728,201,'pending',50.00,'2025-06-20 23:18:30'),(705,14,131,'pending',50.00,'2026-04-12 23:18:30'),(706,284,732,'confirmed',50.00,'2026-03-01 23:18:30'),(707,134,735,'delivered',150.00,'2025-11-05 23:18:30'),(708,131,713,'pending',50.00,'2025-10-29 23:18:30'),(709,736,199,'pending',50.00,'2025-08-23 23:18:30'),(710,96,428,'shipped',0.00,'2025-10-11 23:18:30'),(711,260,406,'confirmed',0.00,'2025-05-23 23:18:30'),(712,59,353,'cancelled',50.00,'2025-09-24 23:18:30'),(713,468,471,'shipped',150.00,'2025-07-12 23:18:30'),(714,99,626,'cancelled',50.00,'2026-03-01 23:18:30'),(715,73,701,'pending',50.00,'2025-07-05 23:18:30'),(716,92,426,'pending',150.00,'2025-12-06 23:18:30'),(717,388,623,'pending',50.00,'2025-07-13 23:18:30'),(718,544,224,'pending',0.00,'2025-12-24 23:18:30'),(719,254,555,'shipped',0.00,'2025-06-24 23:18:30'),(720,397,402,'confirmed',50.00,'2025-07-21 23:18:30'),(721,84,208,'pending',150.00,'2025-08-31 23:18:30'),(722,15,514,'pending',100.00,'2025-10-12 23:18:30'),(723,571,378,'delivered',150.00,'2025-09-14 23:18:30'),(724,42,393,'confirmed',150.00,'2026-02-18 23:18:30'),(725,87,585,'cancelled',150.00,'2025-11-03 23:18:30'),(726,371,62,'shipped',200.00,'2025-12-12 23:18:30'),(727,261,308,'pending',150.00,'2025-09-29 23:18:30'),(728,401,202,'shipped',200.00,'2026-01-31 23:18:30'),(729,735,231,'cancelled',150.00,'2025-11-12 23:18:30'),(730,9,310,'cancelled',150.00,'2026-02-11 23:18:30'),(731,465,195,'confirmed',50.00,'2025-10-22 23:18:30'),(732,138,445,'pending',0.00,'2025-12-07 23:18:30'),(733,151,262,'confirmed',150.00,'2025-06-01 23:18:30'),(734,141,352,'cancelled',100.00,'2025-12-22 23:18:30'),(735,690,155,'pending',200.00,'2025-08-18 23:18:30'),(736,652,41,'cancelled',150.00,'2025-07-07 23:18:30'),(737,704,633,'pending',200.00,'2025-10-11 23:18:30'),(738,152,655,'confirmed',100.00,'2025-05-08 23:18:30'),(739,87,674,'cancelled',200.00,'2025-05-23 23:18:30'),(740,390,270,'confirmed',50.00,'2025-07-25 23:18:30'),(741,347,246,'confirmed',100.00,'2025-09-14 23:18:30'),(742,192,375,'pending',100.00,'2025-08-08 23:18:30'),(743,242,231,'confirmed',100.00,'2026-01-24 23:18:30'),(744,36,707,'confirmed',0.00,'2026-03-28 23:18:30'),(745,724,375,'cancelled',150.00,'2025-10-12 23:18:30'),(746,29,383,'shipped',100.00,'2025-09-10 23:18:30'),(747,746,400,'cancelled',100.00,'2025-08-25 23:18:30'),(748,339,465,'delivered',200.00,'2025-05-08 23:18:30'),(749,738,275,'shipped',50.00,'2025-11-04 23:18:30'),(750,246,448,'shipped',200.00,'2025-09-08 23:18:30');
/*!40000 ALTER TABLE `orders` ENABLE KEYS */;
UNLOCK TABLES;

--
-- Table structure for table `orders_archive`
--

DROP TABLE IF EXISTS `orders_archive`;
/*!40101 SET @saved_cs_client     = @@character_set_client */;
/*!40101 SET character_set_client = utf8 */;
CREATE TABLE `orders_archive` (
  `archive_id` int(11) NOT NULL AUTO_INCREMENT,
  `original_id` int(11) DEFAULT NULL,
  `customer_id` int(11) DEFAULT NULL,
  `shipping_address_id` int(11) DEFAULT NULL,
  `status` varchar(20) DEFAULT NULL,
  `shipping_fee` decimal(10,2) DEFAULT NULL,
  `ordered_at` timestamp NOT NULL DEFAULT current_timestamp() ON UPDATE current_timestamp(),
  `archived_at` timestamp NOT NULL DEFAULT current_timestamp(),
  `restore_status` enum('archived','restored') DEFAULT 'archived',
  PRIMARY KEY (`archive_id`)
) ENGINE=InnoDB AUTO_INCREMENT=6 DEFAULT CHARSET=utf8mb4 COLLATE=utf8mb4_general_ci;
/*!40101 SET character_set_client = @saved_cs_client */;

--
-- Dumping data for table `orders_archive`
--

LOCK TABLES `orders_archive` WRITE;
/*!40000 ALTER TABLE `orders_archive` DISABLE KEYS */;
INSERT INTO `orders_archive` VALUES (1,274,501,743,'delivered',150.00,'2026-05-08 07:44:55','2026-05-08 07:39:41','restored'),(2,287,501,622,'delivered',200.00,'2026-05-08 07:44:55','2026-05-08 07:39:41','restored');
/*!40000 ALTER TABLE `orders_archive` ENABLE KEYS */;
UNLOCK TABLES;

--
-- Table structure for table `payments`
--

DROP TABLE IF EXISTS `payments`;
/*!40101 SET @saved_cs_client     = @@character_set_client */;
/*!40101 SET character_set_client = utf8 */;
CREATE TABLE `payments` (
  `id` int(11) NOT NULL AUTO_INCREMENT,
  `order_id` int(11) NOT NULL,
  `method` enum('gcash','maya','cod','bank_transfer','credit_card') NOT NULL,
  `status` enum('pending','paid','failed','refunded') DEFAULT 'pending',
  `amount` decimal(10,2) NOT NULL,
  `reference_no` varchar(100) DEFAULT NULL,
  `paid_at` timestamp NULL DEFAULT NULL,
  PRIMARY KEY (`id`),
  KEY `order_id` (`order_id`),
  CONSTRAINT `payments_ibfk_1` FOREIGN KEY (`order_id`) REFERENCES `orders` (`id`) ON DELETE CASCADE
) ENGINE=InnoDB AUTO_INCREMENT=751 DEFAULT CHARSET=utf8mb4 COLLATE=utf8mb4_general_ci;
/*!40101 SET character_set_client = @saved_cs_client */;

--
-- Dumping data for table `payments`
--

LOCK TABLES `payments` WRITE;
/*!40000 ALTER TABLE `payments` DISABLE KEYS */;
INSERT INTO `payments` VALUES (1,394,'credit_card','paid',5859.30,'REF00000001','2025-11-08 23:18:30'),(2,467,'cod','paid',7187.44,'REF00000002','2025-10-20 23:18:30'),(3,454,'cod','pending',9371.83,'REF00000003',NULL),(4,122,'maya','paid',14741.62,'REF00000004','2025-11-02 23:18:30'),(5,714,'maya','pending',1011.85,'REF00000005',NULL),(6,119,'bank_transfer','failed',12386.90,'REF00000006',NULL),(7,398,'gcash','pending',13930.53,'REF00000007',NULL),(8,223,'maya','paid',14692.51,'REF00000008','2025-06-09 23:18:30'),(9,536,'cod','failed',2515.96,'REF00000009',NULL),(10,217,'gcash','paid',13012.26,'REF00000010','2025-07-16 23:18:30'),(11,141,'cod','paid',4533.25,'REF00000011','2026-04-04 23:18:30'),(12,226,'gcash','pending',13710.46,'REF00000012',NULL),(13,436,'credit_card','failed',1303.07,'REF00000013',NULL),(14,16,'cod','failed',892.44,'REF00000014',NULL),(15,104,'cod','refunded',5779.82,'REF00000015',NULL),(16,737,'cod','paid',10771.46,'REF00000016','2025-10-21 23:18:30'),(17,716,'cod','paid',11953.78,'REF00000017','2026-01-09 23:18:30'),(18,684,'credit_card','failed',3642.79,'REF00000018',NULL),(19,564,'gcash','pending',5021.93,'REF00000019',NULL),(20,122,'cod','refunded',6424.47,'REF00000020',NULL),(21,160,'bank_transfer','paid',12163.90,'REF00000021','2025-10-02 23:18:30'),(22,126,'cod','paid',8366.33,'REF00000022','2025-11-24 23:18:30'),(23,114,'maya','paid',1329.20,'REF00000023','2025-09-20 23:18:30'),(24,505,'cod','failed',2182.13,'REF00000024',NULL),(25,607,'cod','paid',7566.21,'REF00000025','2026-03-18 23:18:30'),(26,350,'cod','paid',5769.81,'REF00000026','2025-06-14 23:18:30'),(27,47,'credit_card','paid',3560.05,'REF00000027','2025-10-23 23:18:30'),(28,20,'maya','paid',4531.53,'REF00000028','2025-10-30 23:18:30'),(29,287,'bank_transfer','paid',7134.21,'REF00000029','2026-04-19 23:18:30'),(30,367,'gcash','paid',603.31,'REF00000030','2026-01-23 23:18:30'),(31,63,'credit_card','paid',5551.84,'REF00000031','2025-12-24 23:18:30'),(32,668,'bank_transfer','paid',9689.66,'REF00000032','2026-01-10 23:18:30'),(33,493,'gcash','paid',7402.29,'REF00000033','2025-12-01 23:18:30'),(34,234,'credit_card','pending',2947.73,'REF00000034',NULL),(35,453,'cod','failed',12639.78,'REF00000035',NULL),(36,516,'cod','paid',10141.11,'REF00000036','2025-10-23 23:18:30'),(37,52,'maya','paid',5117.83,'REF00000037','2025-10-18 23:18:30'),(38,702,'credit_card','paid',2382.16,'REF00000038','2025-09-19 23:18:30'),(39,191,'credit_card','paid',4643.11,'REF00000039','2026-04-14 23:18:30'),(40,460,'bank_transfer','paid',2213.52,'REF00000040','2025-09-21 23:18:30'),(41,669,'bank_transfer','paid',2327.63,'REF00000041','2026-04-03 23:18:30'),(42,724,'maya','refunded',3281.25,'REF00000042',NULL),(43,562,'bank_transfer','paid',10435.79,'REF00000043','2025-11-05 23:18:30'),(44,619,'maya','paid',8028.93,'REF00000044','2025-08-22 23:18:30'),(45,487,'credit_card','pending',13459.52,'REF00000045',NULL),(46,711,'gcash','paid',7851.30,'REF00000046','2025-08-13 23:18:30'),(47,403,'credit_card','paid',2809.38,'REF00000047','2025-05-17 23:18:30'),(48,343,'cod','paid',4042.94,'REF00000048','2025-11-11 23:18:30'),(49,27,'credit_card','refunded',9138.57,'REF00000049',NULL),(50,149,'bank_transfer','paid',6387.59,'REF00000050','2026-03-26 23:18:30'),(51,336,'credit_card','failed',6549.58,'REF00000051',NULL),(52,264,'gcash','paid',10290.49,'REF00000052','2025-11-24 23:18:30'),(53,422,'bank_transfer','pending',7210.09,'REF00000053',NULL),(54,610,'bank_transfer','paid',5216.55,'REF00000054','2025-12-28 23:18:30'),(55,163,'bank_transfer','failed',8882.70,'REF00000055',NULL),(56,29,'maya','failed',7998.66,'REF00000056',NULL),(57,151,'maya','paid',12932.50,'REF00000057','2026-03-02 23:18:30'),(58,467,'maya','paid',10650.97,'REF00000058','2026-02-07 23:18:30'),(59,659,'maya','paid',1774.08,'REF00000059','2026-03-30 23:18:30'),(60,476,'cod','paid',7452.91,'REF00000060','2025-07-01 23:18:30'),(61,124,'bank_transfer','paid',2632.01,'REF00000061','2025-12-08 23:18:30'),(62,162,'credit_card','failed',5704.22,'REF00000062',NULL),(63,296,'cod','failed',6180.80,'REF00000063',NULL),(64,567,'maya','pending',2799.85,'REF00000064',NULL),(65,107,'bank_transfer','refunded',315.39,'REF00000065',NULL),(66,599,'maya','paid',13497.53,'REF00000066','2025-10-08 23:18:30'),(67,583,'credit_card','pending',14953.88,'REF00000067',NULL),(68,273,'maya','paid',4175.11,'REF00000068','2026-03-29 23:18:30'),(69,63,'bank_transfer','paid',13051.47,'REF00000069','2025-09-19 23:18:30'),(70,476,'gcash','refunded',12131.91,'REF00000070',NULL),(71,83,'bank_transfer','refunded',6795.04,'REF00000071',NULL),(72,41,'cod','paid',14132.10,'REF00000072','2025-12-09 23:18:30'),(73,598,'maya','paid',6315.79,'REF00000073','2025-09-15 23:18:30'),(74,188,'cod','refunded',5775.06,'REF00000074',NULL),(75,230,'gcash','failed',6719.87,'REF00000075',NULL),(76,577,'cod','paid',6611.26,'REF00000076','2026-01-04 23:18:30'),(77,569,'gcash','paid',14376.92,'REF00000077','2026-04-21 23:18:30'),(78,408,'cod','paid',2512.01,'REF00000078','2025-11-09 23:18:30'),(79,631,'credit_card','failed',8340.17,'REF00000079',NULL),(80,112,'credit_card','paid',9149.33,'REF00000080','2026-03-03 23:18:30'),(81,474,'maya','refunded',7499.69,'REF00000081',NULL),(82,554,'gcash','paid',8673.93,'REF00000082','2025-10-21 23:18:30'),(83,228,'cod','paid',4616.58,'REF00000083','2025-07-23 23:18:30'),(84,440,'gcash','paid',6570.05,'REF00000084','2025-10-05 23:18:30'),(85,464,'bank_transfer','paid',12395.95,'REF00000085','2025-09-17 23:18:30'),(86,171,'credit_card','paid',5466.64,'REF00000086','2026-01-22 23:18:30'),(87,603,'bank_transfer','paid',11283.74,'REF00000087','2025-07-11 23:18:30'),(88,383,'gcash','paid',207.44,'REF00000088','2025-08-01 23:18:30'),(89,446,'cod','failed',6396.12,'REF00000089',NULL),(90,508,'cod','paid',12727.86,'REF00000090','2026-04-26 23:18:30'),(91,174,'gcash','paid',10043.25,'REF00000091','2026-03-16 23:18:30'),(92,579,'maya','paid',2654.54,'REF00000092','2026-03-29 23:18:30'),(93,381,'cod','failed',3724.55,'REF00000093',NULL),(94,34,'cod','paid',8671.42,'REF00000094','2026-04-20 23:18:30'),(95,599,'maya','paid',2520.94,'REF00000095','2026-01-29 23:18:30'),(96,254,'maya','paid',14369.54,'REF00000096','2026-01-02 23:18:30'),(97,367,'gcash','pending',12181.70,'REF00000097',NULL),(98,668,'cod','paid',14606.67,'REF00000098','2026-03-10 23:18:30'),(99,634,'maya','refunded',4397.75,'REF00000099',NULL),(100,736,'gcash','paid',6190.74,'REF00000100','2025-08-22 23:18:30'),(101,568,'credit_card','paid',11793.63,'REF00000101','2025-06-22 23:18:30'),(102,199,'maya','paid',2599.74,'REF00000102','2026-01-01 23:18:30'),(103,404,'maya','paid',2156.62,'REF00000103','2025-08-05 23:18:30'),(104,28,'cod','paid',11157.94,'REF00000104','2025-06-11 23:18:30'),(105,237,'gcash','paid',14495.55,'REF00000105','2025-12-21 23:18:30'),(106,277,'gcash','paid',8780.44,'REF00000106','2025-09-22 23:18:30'),(107,342,'credit_card','paid',13633.48,'REF00000107','2025-06-28 23:18:30'),(108,616,'credit_card','paid',1034.40,'REF00000108','2026-02-23 23:18:30'),(109,249,'bank_transfer','paid',1312.83,'REF00000109','2025-09-14 23:18:30'),(110,317,'credit_card','paid',2567.95,'REF00000110','2026-04-30 23:18:30'),(111,394,'maya','paid',13030.94,'REF00000111','2025-06-13 23:18:30'),(112,96,'credit_card','paid',6831.87,'REF00000112','2025-06-23 23:18:30'),(113,101,'credit_card','paid',6053.14,'REF00000113','2026-03-30 23:18:30'),(114,720,'maya','pending',5710.55,'REF00000114',NULL),(115,740,'bank_transfer','paid',6468.00,'REF00000115','2025-12-18 23:18:30'),(116,485,'cod','paid',12824.95,'REF00000116','2025-06-19 23:18:30'),(117,409,'cod','paid',13479.92,'REF00000117','2026-02-24 23:18:30'),(118,719,'gcash','failed',6500.13,'REF00000118',NULL),(119,460,'maya','pending',8651.58,'REF00000119',NULL),(120,163,'credit_card','refunded',4867.31,'REF00000120',NULL),(121,141,'cod','pending',2659.15,'REF00000121',NULL),(122,109,'gcash','paid',3607.25,'REF00000122','2025-11-19 23:18:30'),(123,364,'gcash','paid',4208.68,'REF00000123','2026-02-25 23:18:30'),(124,103,'credit_card','paid',4632.09,'REF00000124','2025-05-31 23:18:30'),(125,51,'credit_card','failed',7379.18,'REF00000125',NULL),(126,606,'bank_transfer','paid',4061.00,'REF00000126','2025-07-02 23:18:30'),(127,130,'cod','paid',3918.85,'REF00000127','2026-03-01 23:18:30'),(128,158,'gcash','paid',3695.99,'REF00000128','2025-12-28 23:18:30'),(129,644,'cod','paid',8187.11,'REF00000129','2026-03-12 23:18:30'),(130,605,'maya','paid',14543.05,'REF00000130','2025-12-04 23:18:30'),(131,556,'bank_transfer','paid',6584.48,'REF00000131','2025-06-17 23:18:30'),(132,392,'credit_card','paid',3291.96,'REF00000132','2026-01-07 23:18:30'),(133,175,'credit_card','paid',8460.77,'REF00000133','2025-11-07 23:18:30'),(134,98,'cod','failed',14152.73,'REF00000134',NULL),(135,170,'cod','paid',8234.49,'REF00000135','2025-12-10 23:18:30'),(136,444,'cod','pending',7892.05,'REF00000136',NULL),(137,652,'credit_card','paid',5516.66,'REF00000137','2025-08-11 23:18:30'),(138,544,'maya','failed',8213.53,'REF00000138',NULL),(139,329,'bank_transfer','paid',7271.30,'REF00000139','2025-10-12 23:18:30'),(140,177,'gcash','paid',4137.92,'REF00000140','2025-09-03 23:18:30'),(141,129,'credit_card','paid',5563.07,'REF00000141','2026-01-17 23:18:30'),(142,653,'cod','paid',1385.35,'REF00000142','2025-07-12 23:18:30'),(143,402,'maya','paid',2753.85,'REF00000143','2025-11-09 23:18:30'),(144,9,'gcash','paid',5418.85,'REF00000144','2025-06-02 23:18:30'),(145,651,'bank_transfer','paid',13267.14,'REF00000145','2025-12-05 23:18:30'),(146,458,'maya','paid',2991.99,'REF00000146','2025-12-30 23:18:30'),(147,185,'gcash','pending',14197.25,'REF00000147',NULL),(148,167,'maya','refunded',1489.49,'REF00000148',NULL),(149,584,'credit_card','paid',368.39,'REF00000149','2026-05-01 23:18:30'),(150,621,'bank_transfer','paid',12505.67,'REF00000150','2025-09-22 23:18:30'),(151,41,'maya','paid',202.65,'REF00000151','2025-11-13 23:18:30'),(152,54,'credit_card','paid',3073.43,'REF00000152','2026-04-03 23:18:30'),(153,489,'cod','paid',476.71,'REF00000153','2026-01-09 23:18:30'),(154,630,'gcash','pending',11451.58,'REF00000154',NULL),(155,589,'maya','paid',11492.39,'REF00000155','2025-08-05 23:18:30'),(156,635,'maya','paid',4607.90,'REF00000156','2025-09-12 23:18:30'),(157,96,'gcash','refunded',3487.68,'REF00000157',NULL),(158,6,'gcash','paid',513.78,'REF00000158','2025-08-10 23:18:30'),(159,148,'bank_transfer','paid',750.66,'REF00000159','2025-10-15 23:18:30'),(160,288,'bank_transfer','paid',10338.98,'REF00000160','2025-10-05 23:18:30'),(161,57,'bank_transfer','refunded',13080.43,'REF00000161',NULL),(162,401,'cod','paid',7980.21,'REF00000162','2025-11-07 23:18:30'),(163,11,'gcash','paid',3577.61,'REF00000163','2026-02-08 23:18:30'),(164,205,'cod','paid',6780.90,'REF00000164','2025-10-02 23:18:30'),(165,675,'maya','failed',10164.46,'REF00000165',NULL),(166,211,'maya','paid',1896.17,'REF00000166','2025-06-12 23:18:30'),(167,633,'cod','paid',1577.76,'REF00000167','2025-09-27 23:18:30'),(168,307,'maya','refunded',10787.87,'REF00000168',NULL),(169,399,'cod','paid',12293.30,'REF00000169','2026-03-09 23:18:30'),(170,202,'bank_transfer','paid',7153.52,'REF00000170','2025-10-21 23:18:30'),(171,536,'cod','paid',6418.72,'REF00000171','2026-04-21 23:18:30'),(172,433,'maya','paid',9144.80,'REF00000172','2026-02-04 23:18:30'),(173,639,'gcash','failed',13223.87,'REF00000173',NULL),(174,72,'bank_transfer','paid',5234.02,'REF00000174','2025-08-19 23:18:30'),(175,564,'bank_transfer','pending',1479.92,'REF00000175',NULL),(176,507,'credit_card','paid',2993.22,'REF00000176','2025-12-05 23:18:30'),(177,715,'maya','pending',2695.93,'REF00000177',NULL),(178,574,'maya','paid',4145.08,'REF00000178','2025-12-22 23:18:30'),(179,80,'bank_transfer','paid',4175.56,'REF00000179','2025-09-30 23:18:30'),(180,344,'maya','paid',5952.46,'REF00000180','2025-12-28 23:18:30'),(181,460,'credit_card','paid',358.56,'REF00000181','2025-11-05 23:18:30'),(182,301,'credit_card','paid',3535.06,'REF00000182','2026-02-26 23:18:30'),(183,429,'credit_card','paid',4356.22,'REF00000183','2025-09-10 23:18:30'),(184,178,'maya','paid',11062.08,'REF00000184','2025-12-22 23:18:30'),(185,65,'gcash','refunded',246.55,'REF00000185',NULL),(186,348,'maya','paid',5190.14,'REF00000186','2025-11-28 23:18:30'),(187,494,'cod','paid',5983.45,'REF00000187','2025-12-16 23:18:30'),(188,241,'cod','paid',9130.01,'REF00000188','2026-04-21 23:18:30'),(189,596,'maya','paid',1348.34,'REF00000189','2025-05-28 23:18:30'),(190,438,'gcash','paid',12727.01,'REF00000190','2025-06-16 23:18:30'),(192,269,'cod','paid',957.25,'REF00000192','2025-10-27 23:18:30'),(193,85,'credit_card','paid',12679.82,'REF00000193','2025-11-09 23:18:30'),(194,426,'cod','failed',12766.23,'REF00000194',NULL),(195,135,'bank_transfer','paid',6180.56,'REF00000195','2026-04-03 23:18:30'),(196,377,'cod','failed',1488.58,'REF00000196',NULL),(197,382,'credit_card','paid',8654.12,'REF00000197','2026-04-07 23:18:30'),(198,153,'bank_transfer','paid',10497.21,'REF00000198','2025-07-16 23:18:30'),(199,113,'gcash','paid',4758.68,'REF00000199','2026-04-17 23:18:30'),(200,715,'bank_transfer','paid',12596.73,'REF00000200','2025-10-22 23:18:30'),(201,21,'cod','refunded',5576.81,'REF00000201',NULL),(202,439,'gcash','paid',739.31,'REF00000202','2025-05-11 23:18:30'),(203,254,'bank_transfer','paid',6486.55,'REF00000203','2025-08-20 23:18:30'),(204,252,'maya','pending',7348.58,'REF00000204',NULL),(205,451,'maya','pending',6186.77,'REF00000205',NULL),(206,718,'gcash','paid',2206.60,'REF00000206','2026-02-03 23:18:30'),(207,431,'bank_transfer','failed',7235.02,'REF00000207',NULL),(208,589,'cod','paid',9291.38,'REF00000208','2025-08-18 23:18:30'),(209,463,'credit_card','paid',6576.87,'REF00000209','2026-01-16 23:18:30'),(210,515,'cod','paid',12163.21,'REF00000210','2026-04-14 23:18:30'),(211,397,'bank_transfer','paid',8674.66,'REF00000211','2026-01-23 23:18:30'),(212,312,'maya','paid',10464.97,'REF00000212','2025-08-23 23:18:30'),(213,494,'bank_transfer','pending',12688.60,'REF00000213',NULL),(214,653,'cod','failed',12688.71,'REF00000214',NULL),(215,653,'cod','paid',2256.32,'REF00000215','2026-03-08 23:18:30'),(216,712,'bank_transfer','pending',9788.74,'REF00000216',NULL),(217,575,'bank_transfer','paid',11519.43,'REF00000217','2025-08-01 23:18:30'),(218,412,'bank_transfer','pending',5982.55,'REF00000218',NULL),(219,192,'gcash','paid',6152.25,'REF00000219','2026-02-13 23:18:30'),(220,592,'gcash','paid',14163.82,'REF00000220','2025-07-14 23:18:30'),(221,596,'maya','paid',7732.27,'REF00000221','2025-06-26 23:18:30'),(222,83,'credit_card','failed',13971.16,'REF00000222',NULL),(223,503,'gcash','paid',6395.88,'REF00000223','2025-11-23 23:18:30'),(224,209,'maya','paid',6971.07,'REF00000224','2026-05-04 23:18:30'),(225,547,'bank_transfer','failed',4757.13,'REF00000225',NULL),(226,269,'maya','paid',4519.96,'REF00000226','2026-04-22 23:18:30'),(227,212,'credit_card','paid',14314.43,'REF00000227','2026-01-07 23:18:30'),(228,90,'maya','refunded',4676.11,'REF00000228',NULL),(229,656,'credit_card','paid',1870.84,'REF00000229','2025-11-05 23:18:30'),(230,580,'credit_card','refunded',6854.14,'REF00000230',NULL),(231,390,'credit_card','paid',9330.18,'REF00000231','2025-08-05 23:18:30'),(232,450,'maya','pending',4024.52,'REF00000232',NULL),(233,622,'credit_card','paid',14990.22,'REF00000233','2026-01-09 23:18:30'),(234,575,'credit_card','paid',4312.73,'REF00000234','2026-01-02 23:18:30'),(235,56,'maya','paid',10467.01,'REF00000235','2026-03-30 23:18:30'),(236,478,'credit_card','paid',7177.32,'REF00000236','2026-05-05 23:18:30'),(237,396,'bank_transfer','refunded',4211.24,'REF00000237',NULL),(238,228,'gcash','paid',9748.60,'REF00000238','2025-07-15 23:18:30'),(239,54,'gcash','paid',12793.38,'REF00000239','2025-07-14 23:18:30'),(240,741,'maya','refunded',9879.58,'REF00000240',NULL),(241,96,'cod','pending',14104.28,'REF00000241',NULL),(242,48,'gcash','paid',14066.29,'REF00000242','2026-02-17 23:18:30'),(243,423,'cod','pending',13221.45,'REF00000243',NULL),(244,209,'gcash','paid',8182.97,'REF00000244','2025-08-15 23:18:30'),(245,656,'gcash','paid',6150.65,'REF00000245','2025-08-10 23:18:30'),(246,170,'credit_card','refunded',8343.51,'REF00000246',NULL),(247,667,'cod','failed',12668.06,'REF00000247',NULL),(248,335,'gcash','paid',483.78,'REF00000248','2026-02-21 23:18:30'),(249,529,'credit_card','paid',14495.89,'REF00000249','2025-07-22 23:18:30'),(250,189,'bank_transfer','paid',1513.59,'REF00000250','2025-10-05 23:18:30'),(251,553,'gcash','paid',8966.17,'REF00000251','2026-03-11 23:18:30'),(252,737,'credit_card','failed',5895.59,'REF00000252',NULL),(253,113,'maya','paid',6210.34,'REF00000253','2026-03-01 23:18:30'),(254,16,'credit_card','pending',2174.47,'REF00000254',NULL),(255,18,'maya','paid',6952.54,'REF00000255','2025-06-16 23:18:30'),(256,180,'bank_transfer','paid',13539.95,'REF00000256','2025-12-23 23:18:30'),(257,288,'cod','paid',12085.22,'REF00000257','2025-10-24 23:18:30'),(258,646,'maya','paid',5142.65,'REF00000258','2025-08-13 23:18:30'),(259,697,'bank_transfer','failed',1401.18,'REF00000259',NULL),(260,12,'cod','failed',13970.54,'REF00000260',NULL),(261,147,'cod','paid',13178.08,'REF00000261','2026-01-17 23:18:30'),(262,418,'credit_card','pending',1531.46,'REF00000262',NULL),(263,160,'maya','paid',3879.18,'REF00000263','2026-02-03 23:18:30'),(264,565,'cod','paid',6194.43,'REF00000264','2025-05-12 23:18:30'),(265,61,'maya','paid',9805.22,'REF00000265','2025-09-20 23:18:30'),(266,1,'maya','refunded',4545.22,'REF00000266',NULL),(267,385,'cod','paid',11519.62,'REF00000267','2025-05-19 23:18:30'),(268,316,'gcash','paid',3489.35,'REF00000268','2025-10-02 23:18:30'),(269,262,'credit_card','paid',10558.40,'REF00000269','2025-09-24 23:18:30'),(270,377,'cod','paid',14569.25,'REF00000270','2025-10-15 23:18:30'),(271,719,'cod','failed',13503.05,'REF00000271',NULL),(272,560,'maya','paid',13139.19,'REF00000272','2025-07-20 23:18:30'),(273,463,'bank_transfer','paid',5667.06,'REF00000273','2025-05-08 23:18:30'),(274,410,'bank_transfer','paid',3123.46,'REF00000274','2026-03-03 23:18:30'),(275,237,'bank_transfer','pending',6167.24,'REF00000275',NULL),(276,475,'credit_card','paid',14558.28,'REF00000276','2025-10-11 23:18:30'),(277,291,'credit_card','pending',5717.30,'REF00000277',NULL),(278,318,'credit_card','failed',14523.27,'REF00000278',NULL),(279,683,'maya','paid',946.42,'REF00000279','2025-12-27 23:18:30'),(280,191,'credit_card','paid',2930.06,'REF00000280','2025-10-09 23:18:30'),(281,578,'credit_card','paid',5880.09,'REF00000281','2025-10-16 23:18:30'),(282,75,'bank_transfer','refunded',8623.67,'REF00000282',NULL),(283,418,'maya','paid',5301.68,'REF00000283','2025-06-29 23:18:30'),(284,605,'credit_card','paid',2483.09,'REF00000284','2025-07-03 23:18:30'),(285,562,'maya','paid',11321.89,'REF00000285','2025-09-05 23:18:30'),(286,410,'credit_card','paid',10709.42,'REF00000286','2025-09-19 23:18:30'),(287,626,'maya','paid',11758.42,'REF00000287','2026-05-01 23:18:30'),(288,309,'gcash','paid',7972.36,'REF00000288','2026-04-12 23:18:30'),(289,536,'cod','failed',12233.67,'REF00000289',NULL),(290,98,'cod','paid',8012.15,'REF00000290','2026-01-30 23:18:30'),(291,614,'gcash','paid',2064.74,'REF00000291','2026-05-02 23:18:30'),(292,31,'gcash','failed',4485.26,'REF00000292',NULL),(293,51,'bank_transfer','refunded',2371.70,'REF00000293',NULL),(294,632,'gcash','refunded',4712.71,'REF00000294',NULL),(295,668,'maya','failed',13086.46,'REF00000295',NULL),(296,749,'credit_card','pending',4646.98,'REF00000296',NULL),(297,18,'maya','paid',8708.27,'REF00000297','2025-11-24 23:18:30'),(298,156,'credit_card','paid',689.98,'REF00000298','2025-06-28 23:18:30'),(299,554,'bank_transfer','paid',12525.62,'REF00000299','2025-10-23 23:18:30'),(300,305,'maya','paid',10073.18,'REF00000300','2025-05-15 23:18:30'),(301,139,'cod','refunded',5076.03,'REF00000301',NULL),(302,727,'maya','pending',2902.42,'REF00000302',NULL),(303,345,'maya','pending',14000.76,'REF00000303',NULL),(304,437,'bank_transfer','paid',12045.71,'REF00000304','2025-06-23 23:18:30'),(305,268,'credit_card','refunded',6129.45,'REF00000305',NULL),(306,583,'credit_card','refunded',14689.13,'REF00000306',NULL),(307,35,'cod','paid',2148.42,'REF00000307','2026-05-05 23:18:30'),(308,88,'bank_transfer','paid',3840.12,'REF00000308','2026-05-06 23:18:30'),(309,460,'credit_card','paid',1686.56,'REF00000309','2025-08-11 23:18:30'),(310,441,'credit_card','paid',7307.80,'REF00000310','2025-06-08 23:18:30'),(311,658,'cod','failed',298.57,'REF00000311',NULL),(312,254,'cod','paid',1982.76,'REF00000312','2026-02-13 23:18:30'),(313,326,'maya','refunded',9918.05,'REF00000313',NULL),(314,494,'credit_card','paid',6189.03,'REF00000314','2026-05-01 23:18:30'),(315,54,'bank_transfer','paid',3106.65,'REF00000315','2026-02-10 23:18:30'),(316,76,'bank_transfer','refunded',5373.61,'REF00000316',NULL),(317,232,'bank_transfer','pending',8718.44,'REF00000317',NULL),(318,680,'maya','refunded',2369.02,'REF00000318',NULL),(319,342,'credit_card','paid',8840.25,'REF00000319','2026-04-01 23:18:30'),(320,605,'maya','paid',3061.16,'REF00000320','2025-09-14 23:18:30'),(321,42,'maya','paid',2920.14,'REF00000321','2025-12-08 23:18:30'),(322,318,'cod','failed',4441.13,'REF00000322',NULL),(323,624,'gcash','paid',7501.55,'REF00000323','2026-04-24 23:18:30'),(324,455,'credit_card','paid',2103.46,'REF00000324','2026-01-12 23:18:30'),(325,323,'gcash','refunded',13295.74,'REF00000325',NULL),(326,709,'bank_transfer','paid',1327.08,'REF00000326','2025-06-30 23:18:30'),(327,74,'bank_transfer','paid',14666.34,'REF00000327','2025-05-20 23:18:30'),(328,571,'cod','pending',10486.83,'REF00000328',NULL),(329,674,'maya','failed',8977.32,'REF00000329',NULL),(330,81,'cod','paid',3049.46,'REF00000330','2025-12-28 23:18:30'),(331,38,'credit_card','failed',8463.06,'REF00000331',NULL),(332,363,'credit_card','pending',5324.83,'REF00000332',NULL),(333,81,'gcash','paid',12560.32,'REF00000333','2025-12-25 23:18:30'),(334,278,'credit_card','paid',5612.40,'REF00000334','2025-07-03 23:18:30'),(335,683,'gcash','refunded',893.03,'REF00000335',NULL),(336,504,'bank_transfer','pending',4418.12,'REF00000336',NULL),(337,602,'maya','failed',12056.96,'REF00000337',NULL),(338,735,'cod','paid',4813.33,'REF00000338','2025-08-04 23:18:30'),(339,283,'gcash','refunded',3879.19,'REF00000339',NULL),(340,729,'credit_card','paid',1404.32,'REF00000340','2025-08-04 23:18:30'),(341,25,'maya','paid',6025.51,'REF00000341','2026-02-14 23:18:30'),(342,749,'gcash','paid',5701.22,'REF00000342','2025-08-02 23:18:30'),(343,568,'bank_transfer','paid',4324.06,'REF00000343','2025-05-17 23:18:30'),(344,22,'bank_transfer','paid',383.24,'REF00000344','2025-10-19 23:18:30'),(345,330,'maya','paid',5200.94,'REF00000345','2025-10-24 23:18:30'),(346,290,'bank_transfer','paid',3257.58,'REF00000346','2026-01-23 23:18:30'),(347,740,'maya','paid',6378.77,'REF00000347','2026-01-25 23:18:30'),(348,57,'maya','paid',7132.13,'REF00000348','2025-12-24 23:18:30'),(349,22,'credit_card','refunded',13519.94,'REF00000349',NULL),(350,443,'bank_transfer','pending',10853.27,'REF00000350',NULL),(351,620,'credit_card','paid',14538.52,'REF00000351','2025-07-06 23:18:30'),(352,173,'gcash','refunded',10791.17,'REF00000352',NULL),(353,614,'credit_card','pending',12618.46,'REF00000353',NULL),(354,710,'cod','failed',1366.22,'REF00000354',NULL),(355,205,'maya','failed',5802.25,'REF00000355',NULL),(356,99,'cod','paid',8392.02,'REF00000356','2025-07-24 23:18:30'),(357,49,'cod','paid',6109.64,'REF00000357','2026-02-01 23:18:30'),(358,674,'gcash','paid',9911.38,'REF00000358','2026-04-21 23:18:30'),(359,303,'bank_transfer','paid',10148.76,'REF00000359','2026-02-15 23:18:30'),(360,151,'gcash','paid',9088.77,'REF00000360','2025-09-09 23:18:30'),(361,695,'gcash','paid',14289.15,'REF00000361','2025-11-02 23:18:30'),(362,729,'cod','paid',10950.59,'REF00000362','2026-04-08 23:18:30'),(363,545,'maya','refunded',13451.82,'REF00000363',NULL),(364,82,'bank_transfer','paid',4480.57,'REF00000364','2026-03-31 23:18:30'),(365,633,'credit_card','paid',3808.68,'REF00000365','2025-12-19 23:18:30'),(366,432,'bank_transfer','failed',14967.47,'REF00000366',NULL),(367,136,'bank_transfer','paid',5034.74,'REF00000367','2025-07-16 23:18:30'),(368,385,'gcash','paid',14648.08,'REF00000368','2026-02-26 23:18:30'),(369,394,'gcash','paid',4657.16,'REF00000369','2026-03-02 23:18:30'),(370,383,'bank_transfer','failed',13626.70,'REF00000370',NULL),(371,7,'maya','refunded',7850.18,'REF00000371',NULL),(372,50,'cod','refunded',966.19,'REF00000372',NULL),(373,243,'gcash','paid',3732.09,'REF00000373','2026-05-03 23:18:30'),(374,380,'gcash','paid',8056.88,'REF00000374','2025-06-13 23:18:30'),(375,90,'bank_transfer','paid',317.62,'REF00000375','2025-08-01 23:18:30'),(376,602,'gcash','pending',3401.28,'REF00000376',NULL),(377,45,'credit_card','paid',2639.82,'REF00000377','2026-01-06 23:18:30'),(378,655,'gcash','paid',2200.92,'REF00000378','2025-06-30 23:18:30'),(379,269,'cod','paid',3159.66,'REF00000379','2025-09-14 23:18:30'),(380,380,'credit_card','paid',9041.94,'REF00000380','2026-01-09 23:18:30'),(381,115,'credit_card','paid',2961.95,'REF00000381','2025-10-19 23:18:30'),(382,43,'gcash','paid',8094.54,'REF00000382','2026-04-15 23:18:30'),(383,137,'bank_transfer','paid',12257.78,'REF00000383','2025-08-28 23:18:30'),(384,303,'cod','paid',4244.92,'REF00000384','2025-06-19 23:18:30'),(385,605,'maya','pending',4429.57,'REF00000385',NULL),(386,571,'credit_card','paid',4421.92,'REF00000386','2025-11-20 23:18:30'),(387,231,'credit_card','pending',8449.64,'REF00000387',NULL),(388,646,'credit_card','paid',8310.30,'REF00000388','2025-10-20 23:18:30'),(389,357,'cod','paid',4393.51,'REF00000389','2025-12-14 23:18:30'),(390,339,'bank_transfer','refunded',2521.28,'REF00000390',NULL),(391,172,'credit_card','paid',5690.09,'REF00000391','2026-03-05 23:18:30'),(392,506,'credit_card','paid',4859.80,'REF00000392','2025-10-11 23:18:30'),(393,390,'gcash','paid',12211.75,'REF00000393','2026-03-16 23:18:30'),(394,431,'maya','paid',6460.67,'REF00000394','2025-09-20 23:18:30'),(395,11,'cod','paid',9676.78,'REF00000395','2025-10-04 23:18:30'),(396,416,'gcash','paid',5428.48,'REF00000396','2026-04-05 23:18:30'),(397,375,'credit_card','paid',1249.96,'REF00000397','2026-01-26 23:18:30'),(398,698,'gcash','pending',3609.14,'REF00000398',NULL),(399,744,'gcash','paid',12172.47,'REF00000399','2025-11-27 23:18:30'),(400,434,'gcash','paid',6712.00,'REF00000400','2026-04-06 23:18:30'),(401,383,'maya','paid',4672.19,'REF00000401','2026-01-20 23:18:30'),(402,252,'credit_card','paid',6746.04,'REF00000402','2025-12-23 23:18:30'),(403,58,'bank_transfer','refunded',11032.19,'REF00000403',NULL),(404,375,'maya','pending',12212.24,'REF00000404',NULL),(405,712,'bank_transfer','paid',4925.22,'REF00000405','2025-09-14 23:18:30'),(406,127,'credit_card','refunded',1382.37,'REF00000406',NULL),(407,659,'credit_card','paid',8065.98,'REF00000407','2025-09-27 23:18:30'),(408,308,'bank_transfer','paid',6558.77,'REF00000408','2025-10-21 23:18:30'),(409,127,'credit_card','paid',13240.26,'REF00000409','2025-05-07 23:18:30'),(410,622,'bank_transfer','paid',10123.85,'REF00000410','2025-09-14 23:18:30'),(411,406,'credit_card','refunded',5738.35,'REF00000411',NULL),(412,480,'gcash','paid',14564.39,'REF00000412','2025-05-17 23:18:30'),(413,490,'bank_transfer','failed',1511.88,'REF00000413',NULL),(414,272,'maya','failed',12124.32,'REF00000414',NULL),(415,103,'credit_card','paid',576.92,'REF00000415','2025-11-04 23:18:30'),(416,443,'bank_transfer','paid',3006.06,'REF00000416','2026-02-23 23:18:30'),(417,707,'credit_card','paid',3347.19,'REF00000417','2025-05-23 23:18:30'),(418,137,'maya','paid',12936.90,'REF00000418','2025-12-10 23:18:30'),(419,266,'gcash','paid',8497.49,'REF00000419','2026-02-28 23:18:30'),(420,330,'maya','paid',12268.88,'REF00000420','2025-09-14 23:18:30'),(421,386,'credit_card','failed',9860.22,'REF00000421',NULL),(422,265,'maya','paid',13792.92,'REF00000422','2025-06-23 23:18:30'),(423,727,'maya','paid',8116.31,'REF00000423','2025-11-15 23:18:30'),(424,668,'maya','pending',3726.06,'REF00000424',NULL),(425,187,'gcash','paid',3919.41,'REF00000425','2026-05-07 23:18:30'),(426,67,'bank_transfer','paid',3572.94,'REF00000426','2026-02-07 23:18:30'),(427,529,'cod','paid',3343.00,'REF00000427','2025-12-06 23:18:30'),(428,507,'gcash','paid',7973.54,'REF00000428','2025-06-30 23:18:30'),(429,10,'bank_transfer','paid',4951.34,'REF00000429','2026-03-25 23:18:30'),(430,337,'cod','paid',2076.33,'REF00000430','2025-10-20 23:18:30'),(431,59,'bank_transfer','paid',8611.80,'REF00000431','2025-06-30 23:18:30'),(432,638,'gcash','paid',14399.05,'REF00000432','2026-03-05 23:18:30'),(433,31,'gcash','paid',6020.94,'REF00000433','2025-12-13 23:18:30'),(434,252,'maya','paid',2926.90,'REF00000434','2025-09-28 23:18:30'),(435,641,'maya','refunded',7492.39,'REF00000435',NULL),(436,479,'bank_transfer','paid',14100.59,'REF00000436','2025-10-07 23:18:30'),(437,744,'credit_card','paid',698.83,'REF00000437','2025-10-16 23:18:30'),(438,412,'cod','paid',617.53,'REF00000438','2025-09-23 23:18:30'),(439,4,'maya','paid',973.98,'REF00000439','2025-10-26 23:18:30'),(440,36,'cod','paid',2707.26,'REF00000440','2025-08-23 23:18:30'),(441,312,'maya','paid',1454.34,'REF00000441','2026-04-18 23:18:30'),(442,656,'bank_transfer','paid',4602.46,'REF00000442','2026-04-10 23:18:30'),(443,136,'bank_transfer','paid',10195.56,'REF00000443','2025-09-27 23:18:30'),(444,485,'cod','paid',6534.24,'REF00000444','2025-10-04 23:18:30'),(445,142,'cod','paid',234.82,'REF00000445','2025-09-29 23:18:30'),(446,164,'gcash','failed',3826.88,'REF00000446',NULL),(447,415,'maya','failed',10002.59,'REF00000447',NULL),(448,366,'bank_transfer','failed',11972.66,'REF00000448',NULL),(449,422,'gcash','paid',6827.13,'REF00000449','2025-11-27 23:18:30'),(450,610,'bank_transfer','paid',3290.42,'REF00000450','2025-08-13 23:18:30'),(451,223,'credit_card','paid',8646.42,'REF00000451','2025-09-01 23:18:30'),(452,589,'credit_card','paid',12663.12,'REF00000452','2025-07-05 23:18:30'),(453,80,'cod','paid',10649.48,'REF00000453','2025-10-01 23:18:30'),(454,36,'credit_card','paid',13353.30,'REF00000454','2025-11-28 23:18:30'),(455,15,'cod','paid',12046.25,'REF00000455','2026-01-21 23:18:30'),(456,147,'bank_transfer','paid',6659.91,'REF00000456','2026-01-17 23:18:30'),(457,131,'maya','paid',14635.30,'REF00000457','2025-12-27 23:18:30'),(458,391,'gcash','paid',2521.99,'REF00000458','2025-07-31 23:18:30'),(459,600,'credit_card','failed',1303.60,'REF00000459',NULL),(460,107,'cod','paid',8522.86,'REF00000460','2025-11-15 23:18:30'),(461,234,'cod','pending',10556.79,'REF00000461',NULL),(462,187,'bank_transfer','paid',10545.07,'REF00000462','2026-02-13 23:18:30'),(463,141,'maya','failed',14588.07,'REF00000463',NULL),(464,721,'cod','refunded',4641.83,'REF00000464',NULL),(465,653,'maya','paid',10783.68,'REF00000465','2025-08-22 23:18:30'),(466,713,'bank_transfer','pending',7797.71,'REF00000466',NULL),(467,514,'credit_card','paid',14484.79,'REF00000467','2026-01-23 23:18:30'),(468,462,'credit_card','paid',9803.84,'REF00000468','2026-04-08 23:18:30'),(469,338,'credit_card','refunded',4493.11,'REF00000469',NULL),(470,398,'credit_card','pending',10523.12,'REF00000470',NULL),(471,749,'maya','paid',3979.44,'REF00000471','2025-06-13 23:18:30'),(472,379,'bank_transfer','paid',11264.13,'REF00000472','2025-07-17 23:18:30'),(473,614,'credit_card','refunded',14534.33,'REF00000473',NULL),(474,401,'gcash','paid',5002.92,'REF00000474','2025-09-30 23:18:30'),(475,704,'bank_transfer','paid',8596.63,'REF00000475','2025-10-21 23:18:30'),(476,198,'credit_card','paid',253.87,'REF00000476','2025-06-24 23:18:30'),(477,456,'maya','paid',12098.78,'REF00000477','2026-04-12 23:18:30'),(478,557,'gcash','paid',2281.63,'REF00000478','2026-03-26 23:18:30'),(479,394,'bank_transfer','paid',1663.65,'REF00000479','2025-11-23 23:18:30'),(480,365,'cod','paid',10328.56,'REF00000480','2025-10-11 23:18:30'),(481,285,'cod','paid',13916.40,'REF00000481','2025-10-15 23:18:30'),(482,331,'cod','paid',5504.77,'REF00000482','2025-08-28 23:18:30'),(483,361,'gcash','refunded',2746.96,'REF00000483',NULL),(484,482,'bank_transfer','paid',300.37,'REF00000484','2025-10-22 23:18:30'),(485,537,'bank_transfer','paid',11845.86,'REF00000485','2025-10-07 23:18:30'),(486,544,'maya','paid',1049.91,'REF00000486','2026-04-01 23:18:30'),(487,425,'bank_transfer','paid',5010.75,'REF00000487','2026-02-18 23:18:30'),(488,180,'cod','failed',4047.44,'REF00000488',NULL),(489,525,'credit_card','paid',14007.64,'REF00000489','2026-05-05 23:18:30'),(490,148,'maya','paid',6216.14,'REF00000490','2025-08-07 23:18:30'),(491,437,'gcash','paid',3653.28,'REF00000491','2025-11-26 23:18:30'),(492,482,'gcash','paid',6898.46,'REF00000492','2026-01-02 23:18:30'),(493,419,'maya','pending',9408.34,'REF00000493',NULL),(494,275,'maya','refunded',7787.39,'REF00000494',NULL),(495,422,'gcash','paid',12000.04,'REF00000495','2025-11-18 23:18:30'),(496,749,'gcash','paid',11090.83,'REF00000496','2026-01-13 23:18:30'),(497,32,'credit_card','paid',4313.34,'REF00000497','2026-04-02 23:18:30'),(498,218,'cod','paid',378.33,'REF00000498','2025-09-28 23:18:30'),(499,654,'gcash','failed',7238.81,'REF00000499',NULL),(500,497,'credit_card','failed',2196.09,'REF00000500',NULL),(501,280,'cod','refunded',8417.09,'REF00000501',NULL),(502,113,'maya','paid',9218.62,'REF00000502','2025-08-11 23:18:30'),(503,14,'cod','paid',824.16,'REF00000503','2026-01-23 23:18:30'),(504,363,'bank_transfer','paid',7483.21,'REF00000504','2025-08-20 23:18:30'),(505,15,'credit_card','paid',9674.89,'REF00000505','2026-01-13 23:18:30'),(506,587,'cod','paid',13346.30,'REF00000506','2025-07-12 23:18:30'),(507,644,'credit_card','pending',9936.00,'REF00000507',NULL),(508,443,'gcash','paid',9331.09,'REF00000508','2025-12-20 23:18:30'),(509,151,'gcash','failed',14547.78,'REF00000509',NULL),(510,363,'credit_card','paid',11487.82,'REF00000510','2025-11-18 23:18:30'),(511,534,'cod','paid',13090.74,'REF00000511','2025-09-10 23:18:30'),(512,196,'cod','paid',3564.12,'REF00000512','2025-07-23 23:18:30'),(513,451,'bank_transfer','paid',8081.87,'REF00000513','2025-09-14 23:18:30'),(514,372,'credit_card','paid',14239.51,'REF00000514','2025-06-05 23:18:30'),(515,317,'gcash','paid',6494.76,'REF00000515','2025-12-22 23:18:30'),(516,704,'credit_card','paid',3180.91,'REF00000516','2025-08-24 23:18:30'),(517,535,'maya','failed',4935.32,'REF00000517',NULL),(518,657,'credit_card','failed',10505.40,'REF00000518',NULL),(519,284,'gcash','paid',2554.93,'REF00000519','2025-06-10 23:18:30'),(520,226,'maya','refunded',6554.00,'REF00000520',NULL),(521,659,'cod','paid',5775.19,'REF00000521','2025-06-23 23:18:30'),(522,287,'maya','paid',12611.76,'REF00000522','2025-12-09 23:18:30'),(523,529,'maya','pending',14736.40,'REF00000523',NULL),(524,198,'gcash','paid',2889.72,'REF00000524','2025-07-09 23:18:30'),(525,219,'gcash','paid',14729.53,'REF00000525','2025-08-09 23:18:30'),(526,93,'bank_transfer','paid',2412.95,'REF00000526','2026-02-21 23:18:30'),(527,391,'cod','failed',8533.83,'REF00000527',NULL),(528,425,'credit_card','paid',12572.27,'REF00000528','2025-10-04 23:18:30'),(529,157,'maya','paid',10928.73,'REF00000529','2026-01-15 23:18:30'),(530,670,'bank_transfer','paid',9444.80,'REF00000530','2025-07-15 23:18:30'),(531,28,'maya','failed',3573.61,'REF00000531',NULL),(532,696,'credit_card','pending',10684.46,'REF00000532',NULL),(533,439,'cod','failed',13119.11,'REF00000533',NULL),(534,732,'credit_card','paid',6830.16,'REF00000534','2025-05-29 23:18:30'),(535,566,'cod','failed',14769.56,'REF00000535',NULL),(536,595,'cod','paid',1243.97,'REF00000536','2025-09-22 23:18:30'),(537,431,'bank_transfer','paid',3196.57,'REF00000537','2025-08-12 23:18:30'),(538,80,'credit_card','paid',10344.95,'REF00000538','2025-09-18 23:18:30'),(539,216,'bank_transfer','paid',5419.94,'REF00000539','2026-04-04 23:18:30'),(540,329,'bank_transfer','paid',8455.39,'REF00000540','2025-12-04 23:18:30'),(541,379,'credit_card','refunded',11478.92,'REF00000541',NULL),(542,643,'bank_transfer','paid',12436.09,'REF00000542','2026-01-20 23:18:30'),(543,518,'cod','paid',6760.19,'REF00000543','2026-01-22 23:18:30'),(544,538,'gcash','failed',14400.33,'REF00000544',NULL),(545,702,'bank_transfer','paid',2433.03,'REF00000545','2025-07-08 23:18:30'),(546,409,'gcash','paid',14047.62,'REF00000546','2025-05-31 23:18:30'),(547,618,'gcash','paid',5138.68,'REF00000547','2026-03-23 23:18:30'),(548,561,'credit_card','pending',13940.22,'REF00000548',NULL),(549,663,'credit_card','paid',5926.49,'REF00000549','2025-06-06 23:18:30'),(550,101,'credit_card','paid',12268.91,'REF00000550','2026-04-24 23:18:30'),(551,665,'bank_transfer','pending',6145.89,'REF00000551',NULL),(552,733,'credit_card','pending',1951.76,'REF00000552',NULL),(553,466,'credit_card','paid',7318.99,'REF00000553','2026-02-21 23:18:30'),(554,604,'credit_card','paid',8388.09,'REF00000554','2026-01-09 23:18:30'),(555,230,'cod','refunded',7767.95,'REF00000555',NULL),(556,448,'cod','paid',6920.45,'REF00000556','2026-04-14 23:18:30'),(557,249,'cod','pending',7463.77,'REF00000557',NULL),(558,472,'credit_card','paid',12961.19,'REF00000558','2026-01-12 23:18:30'),(559,196,'cod','paid',6801.59,'REF00000559','2025-08-31 23:18:30'),(560,453,'maya','paid',11535.71,'REF00000560','2025-06-05 23:18:30'),(561,224,'gcash','paid',5235.24,'REF00000561','2026-04-16 23:18:30'),(562,698,'cod','paid',13594.92,'REF00000562','2025-11-05 23:18:30'),(563,131,'gcash','paid',9344.05,'REF00000563','2025-05-27 23:18:30'),(564,228,'credit_card','paid',12367.91,'REF00000564','2025-12-24 23:18:30'),(565,46,'cod','paid',7734.20,'REF00000565','2026-01-20 23:18:30'),(566,108,'gcash','paid',4766.13,'REF00000566','2025-09-02 23:18:30'),(567,53,'gcash','paid',14055.83,'REF00000567','2025-06-10 23:18:30'),(568,331,'gcash','paid',8128.70,'REF00000568','2025-09-22 23:18:30'),(569,117,'cod','paid',6023.84,'REF00000569','2025-08-07 23:18:30'),(570,617,'gcash','paid',8824.72,'REF00000570','2025-09-25 23:18:30'),(571,462,'credit_card','paid',989.92,'REF00000571','2026-02-24 23:18:30'),(572,238,'cod','failed',9487.56,'REF00000572',NULL),(573,366,'bank_transfer','paid',4097.65,'REF00000573','2025-09-07 23:18:30'),(574,589,'cod','pending',11466.74,'REF00000574',NULL),(575,238,'bank_transfer','paid',6523.07,'REF00000575','2025-12-06 23:18:30'),(576,23,'gcash','paid',14076.89,'REF00000576','2025-06-28 23:18:30'),(577,327,'bank_transfer','paid',7578.91,'REF00000577','2025-06-03 23:18:30'),(578,214,'gcash','paid',14184.51,'REF00000578','2025-11-01 23:18:30'),(579,464,'maya','paid',10608.56,'REF00000579','2026-02-21 23:18:30'),(580,679,'bank_transfer','paid',7733.36,'REF00000580','2025-07-25 23:18:30'),(581,214,'gcash','paid',12481.85,'REF00000581','2025-11-19 23:18:30'),(582,573,'cod','refunded',9995.62,'REF00000582',NULL),(583,658,'maya','refunded',3555.40,'REF00000583',NULL),(584,180,'cod','pending',12846.99,'REF00000584',NULL),(585,382,'gcash','paid',9476.69,'REF00000585','2025-12-28 23:18:30'),(586,551,'maya','paid',11996.83,'REF00000586','2026-04-25 23:18:30'),(587,478,'maya','paid',11961.49,'REF00000587','2025-09-08 23:18:30'),(588,727,'cod','paid',10961.63,'REF00000588','2025-11-12 23:18:30'),(589,648,'credit_card','paid',4394.13,'REF00000589','2026-03-26 23:18:30'),(590,643,'bank_transfer','paid',13991.92,'REF00000590','2025-06-29 23:18:30'),(591,118,'bank_transfer','pending',242.48,'REF00000591',NULL),(592,14,'maya','failed',1337.53,'REF00000592',NULL),(593,681,'gcash','paid',8366.36,'REF00000593','2025-06-11 23:18:30'),(594,294,'gcash','paid',11495.24,'REF00000594','2025-12-18 23:18:30'),(595,684,'bank_transfer','paid',13362.41,'REF00000595','2025-05-11 23:18:30'),(596,605,'cod','failed',3209.46,'REF00000596',NULL),(597,499,'bank_transfer','paid',11091.71,'REF00000597','2026-03-03 23:18:30'),(598,606,'maya','paid',4470.80,'REF00000598','2025-06-15 23:18:30'),(599,248,'maya','paid',623.37,'REF00000599','2026-02-19 23:18:30'),(600,435,'cod','refunded',11286.45,'REF00000600',NULL),(601,589,'credit_card','paid',12323.54,'REF00000601','2026-03-09 23:18:30'),(602,572,'maya','paid',6895.27,'REF00000602','2026-03-05 23:18:30'),(603,615,'bank_transfer','refunded',6324.59,'REF00000603',NULL),(604,80,'gcash','paid',4838.34,'REF00000604','2025-10-18 23:18:30'),(605,247,'cod','paid',14261.87,'REF00000605','2026-04-21 23:18:30'),(606,138,'maya','paid',10544.13,'REF00000606','2026-01-15 23:18:30'),(607,276,'credit_card','paid',785.38,'REF00000607','2026-01-21 23:18:30'),(608,743,'bank_transfer','refunded',8394.71,'REF00000608',NULL),(609,432,'bank_transfer','paid',11157.21,'REF00000609','2026-03-20 23:18:30'),(610,486,'bank_transfer','paid',5044.82,'REF00000610','2025-06-16 23:18:30'),(611,312,'cod','failed',1979.53,'REF00000611',NULL),(612,301,'gcash','paid',3326.28,'REF00000612','2025-11-09 23:18:30'),(613,65,'bank_transfer','paid',6052.10,'REF00000613','2025-11-04 23:18:30'),(614,445,'cod','paid',12173.07,'REF00000614','2026-04-11 23:18:30'),(615,113,'credit_card','paid',7445.81,'REF00000615','2026-03-03 23:18:30'),(616,389,'maya','pending',8851.02,'REF00000616',NULL),(617,366,'bank_transfer','failed',9578.48,'REF00000617',NULL),(618,365,'credit_card','paid',9662.15,'REF00000618','2025-09-01 23:18:30'),(619,702,'bank_transfer','paid',13235.70,'REF00000619','2026-03-21 23:18:30'),(620,306,'credit_card','pending',3400.93,'REF00000620',NULL),(621,561,'cod','pending',2846.91,'REF00000621',NULL),(622,343,'cod','pending',10885.42,'REF00000622',NULL),(623,214,'cod','paid',13895.25,'REF00000623','2025-12-28 23:18:30'),(624,563,'bank_transfer','paid',2871.59,'REF00000624','2025-08-06 23:18:30'),(625,235,'credit_card','pending',7138.03,'REF00000625',NULL),(626,247,'maya','pending',13892.17,'REF00000626',NULL),(627,283,'bank_transfer','paid',10496.89,'REF00000627','2025-10-28 23:18:30'),(628,704,'bank_transfer','paid',12475.82,'REF00000628','2026-02-20 23:18:30'),(629,367,'gcash','paid',10510.59,'REF00000629','2025-07-10 23:18:30'),(630,469,'credit_card','paid',8926.34,'REF00000630','2025-11-26 23:18:30'),(631,219,'gcash','paid',10385.10,'REF00000631','2025-12-10 23:18:30'),(632,15,'credit_card','paid',3808.38,'REF00000632','2025-08-27 23:18:30'),(633,667,'bank_transfer','paid',7804.24,'REF00000633','2026-04-11 23:18:30'),(634,716,'credit_card','failed',7629.82,'REF00000634',NULL),(635,62,'gcash','paid',8131.06,'REF00000635','2026-01-03 23:18:30'),(636,88,'cod','paid',1446.84,'REF00000636','2026-03-21 23:18:30'),(637,67,'cod','paid',7323.92,'REF00000637','2025-10-08 23:18:30'),(638,175,'gcash','refunded',417.79,'REF00000638',NULL),(639,562,'gcash','paid',1639.40,'REF00000639','2025-06-27 23:18:30'),(640,688,'bank_transfer','paid',4936.56,'REF00000640','2025-12-04 23:18:30'),(641,132,'cod','paid',12616.29,'REF00000641','2025-10-11 23:18:30'),(642,658,'credit_card','paid',233.04,'REF00000642','2025-09-30 23:18:30'),(643,593,'maya','paid',12167.62,'REF00000643','2026-04-01 23:18:30'),(644,382,'cod','paid',11196.82,'REF00000644','2026-05-01 23:18:30'),(645,414,'gcash','pending',3088.71,'REF00000645',NULL),(646,190,'credit_card','paid',5160.90,'REF00000646','2025-06-10 23:18:30'),(647,708,'cod','refunded',478.25,'REF00000647',NULL),(648,335,'maya','paid',11165.07,'REF00000648','2026-03-19 23:18:30'),(649,297,'maya','pending',6250.50,'REF00000649',NULL),(650,38,'gcash','paid',3989.46,'REF00000650','2025-07-10 23:18:30'),(651,580,'maya','pending',14749.92,'REF00000651',NULL),(652,412,'bank_transfer','failed',3245.14,'REF00000652',NULL),(653,532,'maya','paid',12822.49,'REF00000653','2025-12-16 23:18:30'),(654,39,'gcash','refunded',3634.42,'REF00000654',NULL),(655,602,'maya','paid',2805.47,'REF00000655','2025-10-29 23:18:30'),(656,387,'maya','paid',1614.06,'REF00000656','2025-06-02 23:18:30'),(657,629,'gcash','failed',1884.42,'REF00000657',NULL),(658,213,'cod','paid',3293.53,'REF00000658','2025-07-17 23:18:30'),(659,104,'maya','paid',2778.95,'REF00000659','2026-02-04 23:18:30'),(660,530,'bank_transfer','refunded',1926.92,'REF00000660',NULL),(661,220,'maya','paid',9045.63,'REF00000661','2025-11-17 23:18:30'),(662,422,'cod','paid',3404.58,'REF00000662','2026-02-01 23:18:30'),(663,513,'bank_transfer','paid',12101.33,'REF00000663','2025-06-29 23:18:30'),(664,454,'bank_transfer','paid',2763.46,'REF00000664','2025-07-13 23:18:30'),(665,525,'bank_transfer','paid',4160.08,'REF00000665','2026-04-10 23:18:30'),(666,748,'credit_card','refunded',3862.50,'REF00000666',NULL),(667,465,'bank_transfer','paid',13031.02,'REF00000667','2026-01-03 23:18:30'),(668,284,'credit_card','paid',9450.91,'REF00000668','2026-02-06 23:18:30'),(669,637,'bank_transfer','failed',5471.28,'REF00000669',NULL),(670,95,'cod','paid',14959.72,'REF00000670','2025-10-13 23:18:30'),(671,380,'cod','paid',1180.83,'REF00000671','2025-08-31 23:18:30'),(672,400,'maya','paid',3844.31,'REF00000672','2025-06-14 23:18:30'),(673,524,'gcash','paid',6364.44,'REF00000673','2025-12-05 23:18:30'),(674,108,'cod','paid',14890.76,'REF00000674','2026-01-15 23:18:30'),(675,256,'bank_transfer','failed',10529.64,'REF00000675',NULL),(676,164,'cod','failed',11706.11,'REF00000676',NULL),(677,278,'bank_transfer','paid',4902.47,'REF00000677','2026-01-08 23:18:30'),(678,347,'maya','paid',10541.08,'REF00000678','2025-05-14 23:18:30'),(679,418,'maya','paid',13234.18,'REF00000679','2025-07-16 23:18:30'),(680,565,'cod','paid',2479.77,'REF00000680','2026-01-24 23:18:30'),(681,725,'bank_transfer','paid',8966.97,'REF00000681','2025-12-06 23:18:30'),(682,106,'cod','paid',2517.64,'REF00000682','2025-09-15 23:18:30'),(683,661,'bank_transfer','refunded',11224.96,'REF00000683',NULL),(684,561,'maya','paid',3344.25,'REF00000684','2025-06-04 23:18:30'),(685,294,'bank_transfer','paid',7602.63,'REF00000685','2025-09-30 23:18:30'),(686,253,'credit_card','pending',11814.71,'REF00000686',NULL),(687,403,'credit_card','paid',8569.07,'REF00000687','2025-07-09 23:18:30'),(688,655,'maya','paid',11330.10,'REF00000688','2025-08-01 23:18:30'),(689,674,'gcash','paid',5445.73,'REF00000689','2026-01-13 23:18:30'),(690,690,'credit_card','pending',6025.43,'REF00000690',NULL),(691,528,'maya','paid',1507.18,'REF00000691','2026-01-02 23:18:30'),(692,24,'bank_transfer','failed',7214.43,'REF00000692',NULL),(693,389,'gcash','paid',2656.65,'REF00000693','2026-05-05 23:18:30'),(694,98,'cod','paid',6468.89,'REF00000694','2025-09-03 23:18:30'),(695,568,'gcash','paid',2270.22,'REF00000695','2025-12-18 23:18:30'),(696,588,'maya','paid',14692.32,'REF00000696','2025-12-12 23:18:30'),(697,408,'maya','paid',4607.48,'REF00000697','2025-09-23 23:18:30'),(698,407,'maya','paid',4313.25,'REF00000698','2026-02-23 23:18:30'),(699,593,'maya','paid',10597.17,'REF00000699','2025-11-12 23:18:30'),(700,416,'maya','refunded',3029.76,'REF00000700',NULL),(701,112,'bank_transfer','paid',13975.00,'REF00000701','2025-07-10 23:18:30'),(702,646,'cod','pending',6051.49,'REF00000702',NULL),(703,587,'cod','paid',10040.83,'REF00000703','2025-05-31 23:18:30'),(704,113,'maya','paid',10596.94,'REF00000704','2025-10-23 23:18:30'),(705,736,'cod','paid',1507.87,'REF00000705','2025-10-10 23:18:30'),(706,463,'gcash','paid',13357.19,'REF00000706','2026-01-13 23:18:30'),(707,224,'cod','paid',1840.99,'REF00000707','2026-03-15 23:18:30'),(708,399,'gcash','paid',11821.74,'REF00000708','2025-07-19 23:18:30'),(709,29,'gcash','paid',10832.26,'REF00000709','2025-07-21 23:18:30'),(710,617,'cod','paid',700.57,'REF00000710','2026-03-27 23:18:30'),(711,200,'maya','paid',14586.50,'REF00000711','2026-01-17 23:18:30'),(712,488,'bank_transfer','failed',9920.17,'REF00000712',NULL),(713,211,'cod','paid',1684.89,'REF00000713','2026-04-14 23:18:30'),(714,577,'credit_card','paid',4125.74,'REF00000714','2026-04-06 23:18:30'),(715,73,'bank_transfer','paid',3403.57,'REF00000715','2026-03-31 23:18:30'),(716,258,'credit_card','pending',6126.16,'REF00000716',NULL),(717,290,'credit_card','paid',8936.25,'REF00000717','2025-06-05 23:18:30'),(718,86,'gcash','pending',4810.26,'REF00000718',NULL),(719,166,'gcash','paid',8514.52,'REF00000719','2025-10-06 23:18:30'),(720,428,'gcash','paid',8255.05,'REF00000720','2026-04-21 23:18:30'),(721,75,'credit_card','paid',3846.67,'REF00000721','2026-02-23 23:18:30'),(722,125,'maya','paid',13450.61,'REF00000722','2025-11-20 23:18:30'),(723,310,'credit_card','paid',2507.01,'REF00000723','2026-04-07 23:18:30'),(724,215,'cod','paid',6496.34,'REF00000724','2025-05-16 23:18:30'),(725,490,'credit_card','refunded',1622.39,'REF00000725',NULL),(726,606,'gcash','paid',8244.01,'REF00000726','2026-04-07 23:18:30'),(727,82,'cod','paid',1662.55,'REF00000727','2025-05-13 23:18:30'),(728,89,'bank_transfer','paid',13178.07,'REF00000728','2025-05-11 23:18:30'),(729,101,'credit_card','paid',13908.02,'REF00000729','2026-04-29 23:18:30'),(730,139,'cod','refunded',10100.97,'REF00000730',NULL),(731,5,'maya','refunded',7906.69,'REF00000731',NULL),(732,671,'gcash','paid',1963.74,'REF00000732','2025-08-07 23:18:30'),(733,471,'cod','paid',13647.76,'REF00000733','2025-05-16 23:18:30'),(734,77,'credit_card','paid',6654.31,'REF00000734','2025-08-19 23:18:30'),(735,378,'bank_transfer','paid',12930.62,'REF00000735','2026-01-31 23:18:30'),(736,620,'gcash','paid',11871.34,'REF00000736','2026-03-28 23:18:30'),(737,39,'bank_transfer','paid',14565.23,'REF00000737','2025-06-05 23:18:30'),(738,389,'gcash','paid',14981.59,'REF00000738','2026-02-10 23:18:30'),(739,256,'maya','paid',4401.88,'REF00000739','2026-04-13 23:18:30'),(740,78,'maya','pending',5164.96,'REF00000740',NULL),(741,340,'gcash','paid',10018.86,'REF00000741','2025-06-03 23:18:30'),(742,190,'bank_transfer','pending',8307.99,'REF00000742',NULL),(743,353,'cod','paid',4982.31,'REF00000743','2025-06-06 23:18:30'),(744,509,'cod','failed',228.85,'REF00000744',NULL),(745,649,'cod','paid',10865.55,'REF00000745','2026-04-04 23:18:30'),(746,725,'bank_transfer','paid',9038.32,'REF00000746','2025-06-27 23:18:30'),(747,283,'credit_card','paid',13665.27,'REF00000747','2025-10-01 23:18:30'),(748,400,'credit_card','paid',8638.72,'REF00000748','2025-07-05 23:18:30'),(749,227,'gcash','pending',1767.42,'REF00000749',NULL),(750,644,'cod','paid',5347.80,'REF00000750','2025-06-02 23:18:30');
/*!40000 ALTER TABLE `payments` ENABLE KEYS */;
UNLOCK TABLES;

--
-- Table structure for table `payments_archive`
--

DROP TABLE IF EXISTS `payments_archive`;
/*!40101 SET @saved_cs_client     = @@character_set_client */;
/*!40101 SET character_set_client = utf8 */;
CREATE TABLE `payments_archive` (
  `archive_id` int(11) NOT NULL AUTO_INCREMENT,
  `original_id` int(11) DEFAULT NULL,
  `order_id` int(11) DEFAULT NULL,
  `method` varchar(20) DEFAULT NULL,
  `status` varchar(20) DEFAULT NULL,
  `amount` decimal(10,2) DEFAULT NULL,
  `reference_no` varchar(100) DEFAULT NULL,
  `paid_at` timestamp NULL DEFAULT NULL,
  `archived_at` timestamp NOT NULL DEFAULT current_timestamp(),
  `restore_status` enum('archived','restored') DEFAULT 'archived',
  PRIMARY KEY (`archive_id`)
) ENGINE=InnoDB AUTO_INCREMENT=5 DEFAULT CHARSET=utf8mb4 COLLATE=utf8mb4_general_ci;
/*!40101 SET character_set_client = @saved_cs_client */;

--
-- Dumping data for table `payments_archive`
--

LOCK TABLES `payments_archive` WRITE;
/*!40000 ALTER TABLE `payments_archive` DISABLE KEYS */;
INSERT INTO `payments_archive` VALUES (1,29,287,'bank_transfer','paid',7134.21,'REF00000029','2026-04-19 23:18:30','2026-05-08 07:39:41','restored'),(2,522,287,'maya','paid',12611.76,'REF00000522','2025-12-09 23:18:30','2026-05-08 07:39:41','restored');
/*!40000 ALTER TABLE `payments_archive` ENABLE KEYS */;
UNLOCK TABLES;

--
-- Table structure for table `product_variants`
--

DROP TABLE IF EXISTS `product_variants`;
/*!40101 SET @saved_cs_client     = @@character_set_client */;
/*!40101 SET character_set_client = utf8 */;
CREATE TABLE `product_variants` (
  `id` int(11) NOT NULL AUTO_INCREMENT,
  `product_id` int(11) NOT NULL,
  `sku` varchar(80) NOT NULL,
  `size` varchar(20) NOT NULL,
  `color` varchar(50) DEFAULT NULL,
  `price_override` decimal(10,2) DEFAULT NULL,
  PRIMARY KEY (`id`),
  UNIQUE KEY `sku` (`sku`),
  KEY `product_id` (`product_id`),
  CONSTRAINT `product_variants_ibfk_1` FOREIGN KEY (`product_id`) REFERENCES `products` (`id`) ON DELETE CASCADE
) ENGINE=InnoDB AUTO_INCREMENT=751 DEFAULT CHARSET=utf8mb4 COLLATE=utf8mb4_general_ci;
/*!40101 SET character_set_client = @saved_cs_client */;

--
-- Dumping data for table `product_variants`
--

LOCK TABLES `product_variants` WRITE;
/*!40000 ALTER TABLE `product_variants` DISABLE KEYS */;
INSERT INTO `product_variants` VALUES (1,521,'SKU-00001','11','Black',429.52),(2,553,'SKU-00002','5','Black',4968.91),(3,379,'SKU-00003','5.5','Grey',3511.76),(4,750,'SKU-00004','7','Blue',NULL),(5,465,'SKU-00005','8','Purple',NULL),(6,724,'SKU-00006','9.5','Beige',3059.88),(7,89,'SKU-00007','10','Grey',874.48),(8,363,'SKU-00008','8.5','Khaki',4417.70),(9,335,'SKU-00009','11','Blue',NULL),(10,465,'SKU-00010','11','Maroon',4298.50),(11,323,'SKU-00011','7','Tan',NULL),(12,723,'SKU-00012','12','Brown',NULL),(13,572,'SKU-00013','7','Maroon',1625.30),(14,601,'SKU-00014','3','Orange',4104.42),(15,272,'SKU-00015','9','Navy',1284.21),(16,509,'SKU-00016','8','Navy',NULL),(17,91,'SKU-00017','12','Orange',1441.30),(18,445,'SKU-00018','8','Beige',1408.57),(19,183,'SKU-00019','7','Tan',3756.59),(20,647,'SKU-00020','6.5','Maroon',NULL),(21,544,'SKU-00021','12','Purple',NULL),(22,238,'SKU-00022','8','Maroon',4820.13),(23,402,'SKU-00023','1','Blue',758.89),(24,116,'SKU-00024','8','Tan',2086.30),(25,679,'SKU-00025','6','White',NULL),(26,327,'SKU-00026','9.5','Brown',4286.95),(27,496,'SKU-00027','10','Green',1561.19),(28,298,'SKU-00028','7.5','Blue',NULL),(29,419,'SKU-00029','7.5','Blue',1716.31),(30,326,'SKU-00030','5','Tan',2665.16),(31,267,'SKU-00031','7.5','Grey',1468.90),(32,652,'SKU-00032','7','Grey',1482.60),(33,171,'SKU-00033','5.5','Olive',5696.69),(34,629,'SKU-00034','10','Navy',314.54),(35,740,'SKU-00035','6.5','Olive',NULL),(36,722,'SKU-00036','10','Purple',NULL),(37,567,'SKU-00037','8','Maroon',NULL),(38,216,'SKU-00038','2','Blue',NULL),(39,161,'SKU-00039','4','Orange',1882.09),(40,166,'SKU-00040','2','Brown',3406.12),(41,255,'SKU-00041','6','Black',4578.71),(42,540,'SKU-00042','9','Blue',NULL),(43,497,'SKU-00043','7','Navy',NULL),(44,25,'SKU-00044','6','Maroon',1633.39),(45,279,'SKU-00045','9.5','Orange',3999.60),(46,135,'SKU-00046','7.5','Orange',NULL),(47,76,'SKU-00047','11','Khaki',4448.31),(48,21,'SKU-00048','6','Khaki',3707.26),(49,156,'SKU-00049','9','Khaki',2467.52),(50,621,'SKU-00050','8.5','Olive',NULL),(51,525,'SKU-00051','6.5','Grey',NULL),(52,208,'SKU-00052','9','Grey',3540.97),(53,386,'SKU-00053','8','Tan',NULL),(54,417,'SKU-00054','7.5','Beige',NULL),(55,720,'SKU-00055','11','Red',NULL),(56,509,'SKU-00056','4','Brown',4343.56),(57,464,'SKU-00057','6','Green',2503.62),(58,238,'SKU-00058','7','Brown',830.90),(59,319,'SKU-00059','10','Navy',5858.74),(60,98,'SKU-00060','11','Red',3039.91),(61,256,'SKU-00061','8.5','Navy',5059.81),(62,536,'SKU-00062','6','Black',1660.74),(63,319,'SKU-00063','10','Orange',NULL),(64,330,'SKU-00064','5','Orange',NULL),(65,707,'SKU-00065','5.5','Olive',3033.62),(66,512,'SKU-00066','9','Maroon',NULL),(67,473,'SKU-00067','9','Blue',4489.17),(68,84,'SKU-00068','9','Tan',2377.98),(69,14,'SKU-00069','11','Blue',1162.94),(70,449,'SKU-00070','9.5','Black',3071.07),(71,642,'SKU-00071','12','Beige',NULL),(72,561,'SKU-00072','5','Tan',NULL),(73,121,'SKU-00073','6','Grey',5304.31),(74,278,'SKU-00074','12','Brown',2354.46),(75,666,'SKU-00075','11','Navy',NULL),(76,702,'SKU-00076','5.5','Olive',4342.95),(77,532,'SKU-00077','7','Beige',5628.97),(78,738,'SKU-00078','10','Navy',5009.57),(79,11,'SKU-00079','9','Tan',NULL),(80,482,'SKU-00080','8','Black',NULL),(81,193,'SKU-00081','5','Khaki',NULL),(82,470,'SKU-00082','10','White',NULL),(83,480,'SKU-00083','11','White',NULL),(84,573,'SKU-00084','6','Brown',5580.70),(85,282,'SKU-00085','8','Orange',2670.76),(86,747,'SKU-00086','8.5','Brown',2537.96),(87,261,'SKU-00087','5','White',796.26),(88,222,'SKU-00088','7.5','Navy',NULL),(89,105,'SKU-00089','10','Olive',3939.01),(90,393,'SKU-00090','10','Green',3633.59),(91,284,'SKU-00091','9','Red',NULL),(92,238,'SKU-00092','5.5','White',3765.56),(93,147,'SKU-00093','11','Beige',2074.36),(94,54,'SKU-00094','10','Blue',2666.35),(95,484,'SKU-00095','9','Grey',879.32),(96,574,'SKU-00096','4','Tan',4295.22),(97,364,'SKU-00097','8.5','Orange',3276.98),(98,620,'SKU-00098','5.5','Navy',5033.91),(99,729,'SKU-00099','10.5','Orange',2760.55),(100,712,'SKU-00100','7','Maroon',NULL),(101,446,'SKU-00101','1','Navy',NULL),(102,375,'SKU-00102','8','Olive',4424.25),(103,219,'SKU-00103','5','Tan',NULL),(104,11,'SKU-00104','5','Beige',NULL),(105,200,'SKU-00105','6','Green',NULL),(106,97,'SKU-00106','2','Purple',NULL),(107,14,'SKU-00107','7.5','Black',3920.71),(108,408,'SKU-00108','7','Khaki',1789.21),(109,59,'SKU-00109','6.5','Orange',2929.69),(110,623,'SKU-00110','8','Beige',NULL),(111,664,'SKU-00111','9','Black',NULL),(112,628,'SKU-00112','10.5','Khaki',5250.30),(113,135,'SKU-00113','8.5','Tan',891.68),(114,455,'SKU-00114','7.5','Brown',NULL),(115,558,'SKU-00115','7.5','Orange',NULL),(116,629,'SKU-00116','6.5','Brown',5118.73),(117,325,'SKU-00117','11','Purple',4387.39),(118,376,'SKU-00118','12','Black',2537.40),(119,684,'SKU-00119','7.5','White',NULL),(120,514,'SKU-00120','10.5','Khaki',NULL),(121,177,'SKU-00121','7','Black',NULL),(122,204,'SKU-00122','11','Tan',NULL),(123,4,'SKU-00123','8.5','Grey',881.74),(124,478,'SKU-00124','8.5','Green',710.34),(125,93,'SKU-00125','12','Khaki',NULL),(126,326,'SKU-00126','6.5','Olive',NULL),(127,11,'SKU-00127','5.5','Maroon',NULL),(128,84,'SKU-00128','6.5','Grey',3924.44),(129,196,'SKU-00129','10','Grey',NULL),(130,723,'SKU-00130','8','Navy',NULL),(131,579,'SKU-00131','9','Tan',NULL),(132,193,'SKU-00132','7.5','Purple',NULL),(133,303,'SKU-00133','7','Khaki',734.99),(134,364,'SKU-00134','2','Brown',3232.65),(135,647,'SKU-00135','11','Black',3593.29),(136,160,'SKU-00136','5.5','Khaki',3945.85),(137,699,'SKU-00137','8','Red',NULL),(138,516,'SKU-00138','7.5','White',1421.19),(139,224,'SKU-00139','8','Grey',NULL),(140,119,'SKU-00140','12','Maroon',2955.22),(141,479,'SKU-00141','9','Brown',4017.17),(142,35,'SKU-00142','9','Khaki',NULL),(143,368,'SKU-00143','6','Navy',2140.33),(144,664,'SKU-00144','9','Navy',1975.40),(145,479,'SKU-00145','12','Olive',NULL),(146,632,'SKU-00146','8','Green',2721.82),(147,409,'SKU-00147','9','Orange',NULL),(148,741,'SKU-00148','2','Green',NULL),(149,695,'SKU-00149','4','Grey',NULL),(150,240,'SKU-00150','11','White',4688.62),(151,592,'SKU-00151','4','Green',NULL),(152,525,'SKU-00152','11','Purple',NULL),(153,612,'SKU-00153','12','Red',3493.33),(154,143,'SKU-00154','10','Maroon',NULL),(155,56,'SKU-00155','8.5','Grey',1019.47),(156,355,'SKU-00156','8','Tan',NULL),(157,1,'SKU-00157','10.5','Red',1946.44),(158,83,'SKU-00158','12','Red',2730.98),(159,742,'SKU-00159','6.5','Navy',5103.88),(160,384,'SKU-00160','6','Beige',NULL),(161,103,'SKU-00161','9','Blue',4251.92),(162,484,'SKU-00162','3','Orange',1606.90),(163,99,'SKU-00163','3','Navy',NULL),(164,137,'SKU-00164','4','Olive',NULL),(165,290,'SKU-00165','6','Green',NULL),(166,74,'SKU-00166','1','Beige',5826.31),(167,28,'SKU-00167','6','Purple',4652.49),(168,378,'SKU-00168','2','Brown',208.23),(169,614,'SKU-00169','4','Purple',NULL),(170,236,'SKU-00170','10','Beige',NULL),(171,217,'SKU-00171','8.5','Tan',NULL),(172,394,'SKU-00172','12','Tan',NULL),(173,319,'SKU-00173','3','Maroon',400.99),(174,432,'SKU-00174','12','Navy',NULL),(175,530,'SKU-00175','9','Beige',2207.46),(176,104,'SKU-00176','4','Olive',1132.13),(177,132,'SKU-00177','11','Tan',266.21),(178,670,'SKU-00178','4','Tan',1956.14),(179,265,'SKU-00179','9.5','Green',5466.62),(180,515,'SKU-00180','2','Olive',2142.37),(181,548,'SKU-00181','2','White',5887.26),(182,545,'SKU-00182','3','Orange',1071.25),(183,346,'SKU-00183','7','Red',3763.22),(184,466,'SKU-00184','6','Black',430.10),(185,502,'SKU-00185','8','Brown',NULL),(186,614,'SKU-00186','2','Grey',4113.98),(187,25,'SKU-00187','7.5','Navy',NULL),(188,428,'SKU-00188','6.5','Beige',NULL),(189,652,'SKU-00189','7','Green',NULL),(190,750,'SKU-00190','7','Blue',1641.03),(191,87,'SKU-00191','9','Navy',3869.94),(192,442,'SKU-00192','7.5','Brown',4195.15),(193,250,'SKU-00193','12','Green',642.91),(194,382,'SKU-00194','7','Navy',4397.10),(195,104,'SKU-00195','3','Blue',655.84),(196,653,'SKU-00196','8.5','Tan',1265.80),(197,264,'SKU-00197','8.5','Orange',5796.93),(198,197,'SKU-00198','7','Grey',3326.11),(199,250,'SKU-00199','7.5','Brown',1447.21),(200,448,'SKU-00200','7.5','Khaki',1276.14),(201,514,'SKU-00201','7','Green',NULL),(202,186,'SKU-00202','8','Grey',NULL),(203,213,'SKU-00203','6.5','Olive',951.65),(204,274,'SKU-00204','8','Green',3881.17),(205,100,'SKU-00205','6','Red',NULL),(206,333,'SKU-00206','6','White',4422.35),(207,624,'SKU-00207','8','Green',3651.34),(208,555,'SKU-00208','3','Beige',271.89),(209,349,'SKU-00209','9','Brown',1079.32),(210,511,'SKU-00210','5.5','Blue',4102.32),(211,262,'SKU-00211','4','Black',3512.62),(212,81,'SKU-00212','10','Blue',680.93),(213,543,'SKU-00213','2','Grey',NULL),(214,323,'SKU-00214','7','Maroon',1103.22),(215,599,'SKU-00215','11','Green',NULL),(216,442,'SKU-00216','5','Olive',NULL),(217,291,'SKU-00217','10','Red',NULL),(218,551,'SKU-00218','10','Tan',5127.08),(219,100,'SKU-00219','4','Red',NULL),(220,114,'SKU-00220','8','Navy',4646.87),(221,411,'SKU-00221','5','Brown',2624.44),(222,614,'SKU-00222','7.5','Brown',3854.60),(223,681,'SKU-00223','9','Blue',2473.61),(224,414,'SKU-00224','10','Olive',4990.60),(225,461,'SKU-00225','11','Purple',2519.32),(226,4,'SKU-00226','10','Olive',1198.17),(227,101,'SKU-00227','3','Green',5849.63),(228,421,'SKU-00228','5','Maroon',NULL),(229,230,'SKU-00229','10','Green',5992.68),(230,614,'SKU-00230','5','Black',NULL),(231,256,'SKU-00231','11','Green',4168.31),(232,380,'SKU-00232','6.5','Khaki',4780.30),(233,399,'SKU-00233','11','Orange',NULL),(234,166,'SKU-00234','8','Brown',1587.03),(235,484,'SKU-00235','5','Brown',NULL),(236,67,'SKU-00236','6.5','Red',2862.32),(237,701,'SKU-00237','7','Red',5841.27),(238,513,'SKU-00238','9.5','Olive',2120.30),(239,164,'SKU-00239','6.5','Beige',604.09),(240,34,'SKU-00240','5','Orange',2926.21),(241,395,'SKU-00241','8','Olive',1707.17),(242,734,'SKU-00242','9.5','Khaki',3952.12),(243,547,'SKU-00243','6.5','Beige',4409.98),(244,300,'SKU-00244','4','Orange',4657.82),(245,373,'SKU-00245','4','Khaki',3848.76),(246,451,'SKU-00246','6','Olive',NULL),(247,150,'SKU-00247','7','Olive',4569.75),(248,115,'SKU-00248','11','Brown',2170.04),(249,249,'SKU-00249','9','Red',NULL),(250,338,'SKU-00250','8','Beige',3050.15),(251,251,'SKU-00251','7','Brown',NULL),(252,456,'SKU-00252','10','Olive',1694.95),(253,282,'SKU-00253','7','Olive',NULL),(254,535,'SKU-00254','8','Black',NULL),(255,380,'SKU-00255','2','Khaki',NULL),(256,734,'SKU-00256','11','Green',2955.65),(257,451,'SKU-00257','8','Navy',4230.48),(258,151,'SKU-00258','8','Orange',NULL),(259,653,'SKU-00259','6','Black',3581.74),(260,152,'SKU-00260','6','Grey',NULL),(261,521,'SKU-00261','12','Tan',5419.02),(262,353,'SKU-00262','10.5','Green',2021.92),(263,384,'SKU-00263','3','Orange',3959.58),(264,538,'SKU-00264','9','Navy',2402.26),(265,685,'SKU-00265','8','Brown',NULL),(266,212,'SKU-00266','6','Navy',NULL),(267,747,'SKU-00267','9.5','Maroon',NULL),(268,511,'SKU-00268','8','Green',5455.55),(269,537,'SKU-00269','6','Khaki',NULL),(270,681,'SKU-00270','7','Tan',5720.76),(271,520,'SKU-00271','8','Grey',3300.57),(272,551,'SKU-00272','8.5','Olive',NULL),(273,581,'SKU-00273','12','Red',NULL),(274,188,'SKU-00274','6.5','Red',2844.18),(275,42,'SKU-00275','7.5','Blue',NULL),(276,195,'SKU-00276','8','Purple',3229.83),(277,63,'SKU-00277','5.5','Red',NULL),(278,596,'SKU-00278','9','Beige',NULL),(279,53,'SKU-00279','9','Olive',1338.27),(280,120,'SKU-00280','7','White',778.28),(281,604,'SKU-00281','5.5','Green',3501.11),(282,596,'SKU-00282','6','Orange',4374.89),(283,454,'SKU-00283','5','Green',3762.60),(284,468,'SKU-00284','6','Grey',3686.85),(285,505,'SKU-00285','12','Brown',3181.36),(286,661,'SKU-00286','8.5','Grey',1643.33),(287,282,'SKU-00287','11','Grey',845.53),(288,187,'SKU-00288','10','Black',NULL),(289,522,'SKU-00289','9','Beige',NULL),(290,68,'SKU-00290','6','Maroon',NULL),(291,454,'SKU-00291','10','Maroon',4969.83),(292,199,'SKU-00292','9','Olive',NULL),(293,315,'SKU-00293','11','Grey',NULL),(294,544,'SKU-00294','9','White',5578.80),(295,216,'SKU-00295','10.5','Brown',NULL),(296,406,'SKU-00296','11','Orange',NULL),(297,679,'SKU-00297','11','Brown',5889.70),(298,670,'SKU-00298','5','Olive',1525.60),(299,270,'SKU-00299','9','Purple',1959.99),(300,149,'SKU-00300','8.5','Brown',5008.54),(301,323,'SKU-00301','7','Grey',2481.54),(302,428,'SKU-00302','6','Olive',519.78),(303,419,'SKU-00303','1','Maroon',5853.92),(304,281,'SKU-00304','6.5','Orange',1408.93),(305,734,'SKU-00305','7','Grey',336.34),(306,438,'SKU-00306','3','Brown',4485.30),(307,221,'SKU-00307','11','Beige',818.64),(308,249,'SKU-00308','11','Brown',5659.67),(309,608,'SKU-00309','9','Black',2461.37),(310,724,'SKU-00310','10','Red',NULL),(311,622,'SKU-00311','3','Black',NULL),(312,655,'SKU-00312','10','Grey',2740.12),(313,292,'SKU-00313','9.5','Beige',NULL),(314,76,'SKU-00314','9','Olive',4980.00),(315,155,'SKU-00315','8.5','Green',NULL),(316,91,'SKU-00316','7','Red',NULL),(317,560,'SKU-00317','7','Blue',1889.23),(318,23,'SKU-00318','10','Olive',5249.21),(319,717,'SKU-00319','9','Orange',NULL),(320,457,'SKU-00320','5.5','Navy',NULL),(321,234,'SKU-00321','8','Brown',NULL),(322,694,'SKU-00322','7','Grey',5608.55),(323,144,'SKU-00323','9.5','Maroon',2497.59),(324,499,'SKU-00324','7.5','Orange',5494.30),(325,525,'SKU-00325','2','Black',5973.80),(326,517,'SKU-00326','9','Olive',1838.35),(327,342,'SKU-00327','8','Khaki',NULL),(328,95,'SKU-00328','9.5','Blue',NULL),(329,526,'SKU-00329','8.5','Green',3737.18),(330,196,'SKU-00330','8','Olive',4941.98),(331,477,'SKU-00331','7','Purple',4484.83),(332,667,'SKU-00332','10','White',NULL),(333,590,'SKU-00333','10','Beige',4216.00),(334,443,'SKU-00334','6.5','Tan',235.85),(335,400,'SKU-00335','6.5','Black',NULL),(336,438,'SKU-00336','10.5','Grey',3588.38),(337,335,'SKU-00337','8','Maroon',4664.58),(338,589,'SKU-00338','1','Purple',5229.01),(339,157,'SKU-00339','5','Olive',NULL),(340,316,'SKU-00340','12','White',NULL),(341,617,'SKU-00341','7','Olive',NULL),(342,357,'SKU-00342','8','Brown',5584.10),(343,674,'SKU-00343','5.5','Red',NULL),(344,435,'SKU-00344','7.5','Red',1458.97),(345,364,'SKU-00345','6.5','Navy',5676.44),(346,127,'SKU-00346','3','Black',4513.87),(347,214,'SKU-00347','3','Black',2514.23),(348,211,'SKU-00348','3','Green',737.54),(349,180,'SKU-00349','11','Purple',3194.68),(350,167,'SKU-00350','5.5','White',4494.72),(351,367,'SKU-00351','9','Tan',NULL),(352,93,'SKU-00352','11','Brown',3149.66),(353,468,'SKU-00353','6.5','Black',NULL),(354,431,'SKU-00354','4','Orange',NULL),(355,370,'SKU-00355','8.5','Orange',NULL),(356,668,'SKU-00356','8.5','Red',688.82),(357,660,'SKU-00357','3','Purple',5716.59),(358,282,'SKU-00358','9','Black',NULL),(359,255,'SKU-00359','12','Green',NULL),(360,532,'SKU-00360','10.5','Navy',4620.27),(361,63,'SKU-00361','5.5','Orange',1898.89),(362,633,'SKU-00362','5','Orange',NULL),(363,177,'SKU-00363','12','Purple',1077.01),(364,685,'SKU-00364','12','Brown',833.47),(365,167,'SKU-00365','6.5','Beige',NULL),(366,414,'SKU-00366','2','Purple',3806.10),(367,30,'SKU-00367','6.5','Brown',NULL),(368,482,'SKU-00368','7','Khaki',5497.75),(369,48,'SKU-00369','3','Olive',3245.19),(370,162,'SKU-00370','9','Black',NULL),(371,229,'SKU-00371','8.5','Tan',850.98),(372,488,'SKU-00372','8','Tan',3312.02),(373,138,'SKU-00373','6','Grey',5416.38),(374,264,'SKU-00374','10','Brown',2319.38),(375,629,'SKU-00375','9','Beige',5019.32),(376,585,'SKU-00376','5','Navy',NULL),(377,133,'SKU-00377','10.5','Red',4509.47),(378,735,'SKU-00378','4','Grey',809.32),(379,232,'SKU-00379','7','Navy',1945.43),(380,728,'SKU-00380','8','Maroon',3197.05),(381,274,'SKU-00381','10','Brown',4033.97),(382,594,'SKU-00382','7','Khaki',2432.17),(383,50,'SKU-00383','5','Navy',NULL),(384,650,'SKU-00384','7','Orange',1137.93),(385,331,'SKU-00385','6','Green',5173.55),(386,193,'SKU-00386','4','Beige',2827.52),(387,270,'SKU-00387','7','White',4000.67),(388,527,'SKU-00388','10','Brown',1279.65),(389,350,'SKU-00389','10','Olive',4045.84),(390,685,'SKU-00390','10','Olive',565.08),(391,375,'SKU-00391','6','Maroon',NULL),(392,557,'SKU-00392','10','White',NULL),(393,469,'SKU-00393','9.5','White',1914.14),(394,356,'SKU-00394','8.5','Beige',5908.01),(395,85,'SKU-00395','11','Navy',NULL),(396,524,'SKU-00396','5','Navy',1485.77),(397,18,'SKU-00397','5','Khaki',3247.33),(398,156,'SKU-00398','12','Blue',NULL),(399,546,'SKU-00399','2','Blue',NULL),(400,544,'SKU-00400','11','Brown',NULL),(401,697,'SKU-00401','11','Maroon',3784.47),(402,734,'SKU-00402','10.5','Blue',3735.06),(403,208,'SKU-00403','7.5','Black',5702.61),(404,304,'SKU-00404','3','Purple',2642.33),(405,488,'SKU-00405','8','Brown',NULL),(406,308,'SKU-00406','6','White',NULL),(407,570,'SKU-00407','8.5','Red',3755.08),(408,69,'SKU-00408','7.5','Olive',1032.99),(409,165,'SKU-00409','6.5','Tan',3946.29),(410,401,'SKU-00410','5','Red',608.08),(411,283,'SKU-00411','10','Purple',4409.68),(412,600,'SKU-00412','10.5','Red',4097.98),(413,336,'SKU-00413','6','Maroon',NULL),(414,319,'SKU-00414','12','White',3669.99),(415,238,'SKU-00415','7','Grey',3338.30),(416,625,'SKU-00416','8','Navy',NULL),(417,738,'SKU-00417','10','Purple',NULL),(418,42,'SKU-00418','3','Orange',853.46),(419,478,'SKU-00419','6','Green',NULL),(420,727,'SKU-00420','10','Olive',NULL),(421,536,'SKU-00421','9','White',3698.23),(422,614,'SKU-00422','2','Red',4055.48),(423,719,'SKU-00423','6','Tan',NULL),(424,108,'SKU-00424','7.5','Orange',1799.02),(425,258,'SKU-00425','11','Brown',5049.52),(426,366,'SKU-00426','8.5','Black',NULL),(427,498,'SKU-00427','6.5','Green',3627.29),(428,682,'SKU-00428','7.5','White',4991.31),(429,500,'SKU-00429','3','Green',5565.41),(430,392,'SKU-00430','7','Green',NULL),(431,659,'SKU-00431','9','Green',NULL),(432,245,'SKU-00432','2','Green',5440.98),(433,432,'SKU-00433','4','Khaki',2213.37),(434,451,'SKU-00434','8','Green',415.20),(435,409,'SKU-00435','6','Maroon',1452.03),(436,186,'SKU-00436','6.5','Maroon',772.06),(437,423,'SKU-00437','6.5','Khaki',5366.48),(438,368,'SKU-00438','1','Brown',1641.47),(439,457,'SKU-00439','7.5','Brown',5946.66),(440,270,'SKU-00440','11','Red',5207.20),(441,664,'SKU-00441','9','Khaki',2220.53),(442,177,'SKU-00442','10','Orange',NULL),(443,361,'SKU-00443','6','Brown',786.53),(444,740,'SKU-00444','8.5','Maroon',3805.44),(445,655,'SKU-00445','12','Olive',NULL),(446,272,'SKU-00446','10','Brown',NULL),(447,449,'SKU-00447','2','Olive',NULL),(448,173,'SKU-00448','9','Black',NULL),(449,596,'SKU-00449','8.5','Purple',3924.38),(450,304,'SKU-00450','12','Tan',639.43),(451,96,'SKU-00451','8.5','Khaki',5285.21),(452,415,'SKU-00452','7','Navy',3289.40),(453,407,'SKU-00453','10','Purple',NULL),(454,301,'SKU-00454','8.5','Brown',2765.71),(455,42,'SKU-00455','6.5','Blue',NULL),(456,281,'SKU-00456','6.5','Beige',NULL),(457,712,'SKU-00457','6','Red',2753.06),(458,222,'SKU-00458','10.5','Black',NULL),(459,22,'SKU-00459','9','Orange',3425.67),(460,582,'SKU-00460','5','Tan',NULL),(461,532,'SKU-00461','4','Maroon',5432.59),(462,397,'SKU-00462','7','Khaki',2310.02),(463,270,'SKU-00463','6','Brown',NULL),(464,241,'SKU-00464','9','Blue',NULL),(465,710,'SKU-00465','10','Brown',5919.28),(466,253,'SKU-00466','10','White',4747.47),(467,520,'SKU-00467','9','Blue',NULL),(468,619,'SKU-00468','6','Khaki',NULL),(469,719,'SKU-00469','6','Beige',NULL),(470,55,'SKU-00470','8','Green',3627.16),(471,67,'SKU-00471','11','Black',3441.18),(472,59,'SKU-00472','1','Beige',1056.70),(473,699,'SKU-00473','1','White',1800.32),(474,259,'SKU-00474','6.5','Khaki',2697.81),(475,137,'SKU-00475','4','Red',1995.99),(476,714,'SKU-00476','8.5','Brown',NULL),(477,521,'SKU-00477','5','Navy',5884.04),(478,601,'SKU-00478','9','Orange',NULL),(479,625,'SKU-00479','7.5','Khaki',3606.20),(480,73,'SKU-00480','8','Blue',1134.00),(481,200,'SKU-00481','6.5','Green',5938.62),(482,186,'SKU-00482','6.5','Maroon',4425.27),(483,340,'SKU-00483','8.5','White',3528.22),(484,702,'SKU-00484','3','Olive',4238.21),(485,142,'SKU-00485','10','Navy',NULL),(486,364,'SKU-00486','12','Khaki',1660.68),(487,93,'SKU-00487','12','Grey',1513.51),(488,663,'SKU-00488','8.5','Brown',744.36),(489,264,'SKU-00489','6.5','Purple',5894.66),(490,61,'SKU-00490','2','White',NULL),(491,542,'SKU-00491','6','Black',NULL),(492,314,'SKU-00492','6.5','Olive',3466.52),(493,72,'SKU-00493','12','Red',3088.57),(494,549,'SKU-00494','5.5','Brown',NULL),(495,700,'SKU-00495','10.5','Green',NULL),(496,182,'SKU-00496','7','Khaki',4676.50),(497,520,'SKU-00497','10.5','Orange',374.98),(498,40,'SKU-00498','9.5','Olive',5622.19),(499,111,'SKU-00499','1','Maroon',NULL),(500,531,'SKU-00500','11','Purple',NULL),(501,198,'SKU-00501','10.5','Green',5638.35),(502,675,'SKU-00502','3','Olive',874.01),(503,568,'SKU-00503','8','Brown',NULL),(504,145,'SKU-00504','6.5','Orange',4804.51),(505,43,'SKU-00505','1','Black',5541.52),(506,676,'SKU-00506','9','Orange',4047.37),(507,329,'SKU-00507','12','Green',3284.17),(508,404,'SKU-00508','5','Grey',NULL),(509,459,'SKU-00509','5','Grey',2671.65),(510,446,'SKU-00510','3','White',3048.19),(511,330,'SKU-00511','9','Green',NULL),(512,510,'SKU-00512','8','Olive',518.67),(513,43,'SKU-00513','5','White',NULL),(514,602,'SKU-00514','12','Maroon',NULL),(515,50,'SKU-00515','6.5','Black',2431.43),(516,361,'SKU-00516','7.5','Orange',5266.49),(517,521,'SKU-00517','12','Orange',NULL),(518,380,'SKU-00518','7','Purple',NULL),(519,469,'SKU-00519','12','Purple',NULL),(520,328,'SKU-00520','8','Khaki',NULL),(521,212,'SKU-00521','6','Black',1393.97),(522,706,'SKU-00522','9.5','Purple',NULL),(523,247,'SKU-00523','10','Navy',4993.12),(524,381,'SKU-00524','4','Black',NULL),(525,614,'SKU-00525','6.5','Green',5314.28),(526,433,'SKU-00526','8.5','Red',3988.35),(527,280,'SKU-00527','5','Khaki',NULL),(528,424,'SKU-00528','3','Grey',1298.08),(529,500,'SKU-00529','7','Green',NULL),(530,710,'SKU-00530','4','Black',2803.94),(531,679,'SKU-00531','6','White',867.61),(532,501,'SKU-00532','8','Navy',1169.73),(533,263,'SKU-00533','4','Grey',1850.29),(534,584,'SKU-00534','7','White',2489.46),(535,207,'SKU-00535','8.5','Blue',1363.57),(536,531,'SKU-00536','7','Beige',845.16),(537,39,'SKU-00537','3','Navy',NULL),(538,711,'SKU-00538','8','Red',2350.23),(539,147,'SKU-00539','7','Green',4043.69),(540,516,'SKU-00540','5','Olive',NULL),(541,326,'SKU-00541','7','Green',NULL),(542,157,'SKU-00542','10','Orange',5545.67),(543,359,'SKU-00543','8','Red',526.28),(544,390,'SKU-00544','10.5','Grey',1505.37),(545,643,'SKU-00545','5','Brown',2744.46),(546,452,'SKU-00546','8','Orange',NULL),(547,542,'SKU-00547','8','Blue',NULL),(548,561,'SKU-00548','9','Black',NULL),(549,67,'SKU-00549','5','Blue',3786.80),(550,174,'SKU-00550','9','Brown',NULL),(551,107,'SKU-00551','6','Black',NULL),(552,577,'SKU-00552','7.5','Orange',NULL),(553,581,'SKU-00553','9.5','Orange',NULL),(554,644,'SKU-00554','7','Green',313.80),(555,488,'SKU-00555','3','Grey',2442.25),(556,244,'SKU-00556','10','Green',NULL),(557,652,'SKU-00557','8','Beige',1087.20),(558,550,'SKU-00558','2','Red',NULL),(559,653,'SKU-00559','12','Tan',5314.24),(560,377,'SKU-00560','6.5','Tan',1034.11),(561,471,'SKU-00561','5','Khaki',5138.77),(562,412,'SKU-00562','10','Orange',1405.99),(563,416,'SKU-00563','5','Purple',4453.01),(564,455,'SKU-00564','3','Beige',NULL),(565,334,'SKU-00565','4','Navy',1393.31),(566,223,'SKU-00566','5','Green',NULL),(567,747,'SKU-00567','2','Purple',5201.14),(568,419,'SKU-00568','2','Maroon',NULL),(569,403,'SKU-00569','10.5','Beige',NULL),(570,668,'SKU-00570','7','Grey',5742.25),(571,639,'SKU-00571','5','Black',NULL),(572,346,'SKU-00572','11','Maroon',NULL),(573,530,'SKU-00573','6','Navy',337.25),(574,212,'SKU-00574','3','Green',1784.26),(575,697,'SKU-00575','10.5','Maroon',4733.78),(576,203,'SKU-00576','10.5','Tan',NULL),(577,252,'SKU-00577','10','Olive',2033.04),(578,628,'SKU-00578','12','Khaki',403.75),(579,100,'SKU-00579','8','White',NULL),(580,55,'SKU-00580','10','Orange',NULL),(581,366,'SKU-00581','5','Khaki',NULL),(582,219,'SKU-00582','8.5','Orange',NULL),(583,639,'SKU-00583','9','Green',2789.38),(584,347,'SKU-00584','12','Grey',NULL),(585,576,'SKU-00585','11','Purple',1145.89),(586,122,'SKU-00586','5','Navy',3845.36),(587,717,'SKU-00587','7.5','Khaki',1645.46),(588,117,'SKU-00588','10.5','Purple',4581.91),(589,139,'SKU-00589','3','Beige',NULL),(590,175,'SKU-00590','6.5','Green',4943.12),(591,452,'SKU-00591','12','Beige',5826.72),(592,688,'SKU-00592','1','Purple',NULL),(593,88,'SKU-00593','2','White',NULL),(594,640,'SKU-00594','8.5','Maroon',NULL),(595,154,'SKU-00595','9.5','Purple',4078.64),(596,650,'SKU-00596','9','Grey',5701.82),(597,86,'SKU-00597','1','Green',3068.55),(598,637,'SKU-00598','5','Navy',NULL),(599,259,'SKU-00599','5','Blue',NULL),(600,533,'SKU-00600','6.5','Beige',NULL),(601,171,'SKU-00601','7.5','Maroon',NULL),(602,314,'SKU-00602','7','Beige',2156.60),(603,280,'SKU-00603','8','Maroon',NULL),(604,565,'SKU-00604','7','Navy',5572.96),(605,11,'SKU-00605','6.5','Grey',NULL),(606,482,'SKU-00606','3','Tan',NULL),(607,689,'SKU-00607','7.5','Khaki',NULL),(608,376,'SKU-00608','11','Orange',2661.18),(609,725,'SKU-00609','10','Navy',4369.88),(610,566,'SKU-00610','5','Beige',NULL),(611,86,'SKU-00611','7','Purple',4870.76),(612,327,'SKU-00612','11','Purple',NULL),(613,132,'SKU-00613','9','Red',NULL),(614,383,'SKU-00614','8','Navy',1573.28),(615,90,'SKU-00615','8','Black',4470.72),(616,350,'SKU-00616','8','Navy',5799.74),(617,472,'SKU-00617','10','Olive',3751.88),(618,58,'SKU-00618','10','Red',5573.06),(619,191,'SKU-00619','8.5','Khaki',221.28),(620,703,'SKU-00620','6','Red',NULL),(621,82,'SKU-00621','3','Brown',1316.30),(622,203,'SKU-00622','10','Green',2920.42),(623,750,'SKU-00623','7.5','Beige',NULL),(624,7,'SKU-00624','8.5','Navy',1725.92),(625,556,'SKU-00625','5','Khaki',NULL),(626,78,'SKU-00626','5','Navy',4585.46),(627,234,'SKU-00627','11','Tan',3634.39),(628,616,'SKU-00628','5','Blue',1464.90),(629,257,'SKU-00629','1','Khaki',NULL),(630,8,'SKU-00630','7','Grey',573.99),(631,65,'SKU-00631','10','Brown',549.34),(632,441,'SKU-00632','8.5','Maroon',4352.44),(633,13,'SKU-00633','8.5','Brown',5513.73),(634,371,'SKU-00634','8','Green',NULL),(635,327,'SKU-00635','7','Brown',2985.60),(636,512,'SKU-00636','8.5','Olive',3365.32),(637,195,'SKU-00637','6','Green',NULL),(638,708,'SKU-00638','1','Tan',2876.51),(639,413,'SKU-00639','8','Orange',2821.62),(640,146,'SKU-00640','3','Tan',5264.50),(641,325,'SKU-00641','3','Orange',2515.63),(642,15,'SKU-00642','6','Olive',5450.10),(643,155,'SKU-00643','12','Red',NULL),(644,401,'SKU-00644','9','Navy',NULL),(645,203,'SKU-00645','6.5','Beige',NULL),(646,311,'SKU-00646','7.5','Red',NULL),(647,622,'SKU-00647','10','Tan',5138.26),(648,500,'SKU-00648','7.5','Brown',587.06),(649,332,'SKU-00649','9','Green',NULL),(650,241,'SKU-00650','12','Beige',2613.80),(651,14,'SKU-00651','8.5','Maroon',NULL),(652,646,'SKU-00652','8.5','Maroon',3746.44),(653,614,'SKU-00653','10','Blue',NULL),(654,743,'SKU-00654','2','Olive',942.17),(655,579,'SKU-00655','9','White',NULL),(656,379,'SKU-00656','5','Red',NULL),(657,335,'SKU-00657','6','Purple',2011.71),(658,488,'SKU-00658','7.5','Blue',NULL),(659,340,'SKU-00659','5','Purple',NULL),(660,330,'SKU-00660','6','Khaki',1573.70),(661,256,'SKU-00661','10','Green',311.50),(662,524,'SKU-00662','9','Tan',3815.92),(663,84,'SKU-00663','12','Beige',5421.50),(664,746,'SKU-00664','7.5','White',4708.11),(665,283,'SKU-00665','10.5','Brown',541.32),(666,253,'SKU-00666','6','Maroon',NULL),(667,365,'SKU-00667','9','Blue',NULL),(668,280,'SKU-00668','9','Beige',3706.67),(669,550,'SKU-00669','5','Orange',1290.53),(670,612,'SKU-00670','9.5','Grey',4464.87),(671,200,'SKU-00671','12','Olive',1638.71),(672,386,'SKU-00672','6','Khaki',262.30),(673,268,'SKU-00673','5.5','Navy',NULL),(674,30,'SKU-00674','5','White',NULL),(675,152,'SKU-00675','7','Maroon',NULL),(676,161,'SKU-00676','7','Olive',NULL),(677,281,'SKU-00677','8','Grey',NULL),(678,622,'SKU-00678','8','Grey',NULL),(679,132,'SKU-00679','9','Black',NULL),(680,335,'SKU-00680','9','Brown',NULL),(681,738,'SKU-00681','3','Blue',NULL),(682,445,'SKU-00682','9','Tan',NULL),(683,628,'SKU-00683','7','Maroon',NULL),(684,580,'SKU-00684','7','Purple',4391.10),(685,731,'SKU-00685','10','Beige',NULL),(686,70,'SKU-00686','10','Navy',NULL),(687,168,'SKU-00687','6.5','White',5838.45),(688,347,'SKU-00688','8.5','Tan',NULL),(689,72,'SKU-00689','10','Tan',3242.14),(690,658,'SKU-00690','4','Khaki',NULL),(691,92,'SKU-00691','5.5','Beige',NULL),(692,268,'SKU-00692','6','Red',NULL),(693,700,'SKU-00693','6.5','Black',4243.27),(694,491,'SKU-00694','7','Black',NULL),(695,239,'SKU-00695','10.5','Orange',NULL),(696,328,'SKU-00696','9','Tan',4086.53),(697,20,'SKU-00697','11','Olive',NULL),(698,25,'SKU-00698','5','Blue',NULL),(699,205,'SKU-00699','7','Red',NULL),(700,504,'SKU-00700','6','Brown',3572.18),(701,377,'SKU-00701','11','Purple',2502.65),(702,156,'SKU-00702','6','Purple',3811.19),(703,273,'SKU-00703','2','Blue',NULL),(704,207,'SKU-00704','7','Brown',NULL),(705,267,'SKU-00705','4','White',2818.57),(706,457,'SKU-00706','11','Olive',1271.03),(707,43,'SKU-00707','3','Olive',NULL),(708,211,'SKU-00708','5','Olive',4533.18),(709,707,'SKU-00709','5.5','Purple',1958.55),(710,475,'SKU-00710','7.5','Maroon',3486.71),(711,259,'SKU-00711','5.5','Blue',NULL),(712,13,'SKU-00712','5.5','Orange',NULL),(713,342,'SKU-00713','5.5','Beige',2452.72),(714,336,'SKU-00714','8','Tan',1157.49),(715,504,'SKU-00715','9','Blue',4810.02),(716,684,'SKU-00716','6.5','White',5328.59),(717,32,'SKU-00717','7.5','Orange',NULL),(718,281,'SKU-00718','6','Grey',4425.74),(719,164,'SKU-00719','9','Black',NULL),(720,662,'SKU-00720','5','Tan',2361.36),(721,287,'SKU-00721','5','Maroon',NULL),(722,36,'SKU-00722','9.5','Grey',NULL),(723,468,'SKU-00723','5.5','White',4515.71),(724,699,'SKU-00724','6.5','Purple',2962.73),(725,15,'SKU-00725','9.5','White',2839.42),(726,594,'SKU-00726','7.5','Grey',NULL),(727,577,'SKU-00727','9','White',1088.11),(728,67,'SKU-00728','4','Maroon',NULL),(729,39,'SKU-00729','10','Tan',2591.06),(730,14,'SKU-00730','7','Maroon',NULL),(731,288,'SKU-00731','8','Khaki',4850.26),(732,25,'SKU-00732','7.5','Orange',NULL),(733,707,'SKU-00733','7','Olive',NULL),(734,666,'SKU-00734','7','Orange',5169.59),(735,573,'SKU-00735','10','Olive',NULL),(736,49,'SKU-00736','8','Brown',NULL),(737,377,'SKU-00737','8','Orange',1149.59),(738,675,'SKU-00738','2','Khaki',1044.04),(739,655,'SKU-00739','1','Tan',NULL),(740,412,'SKU-00740','2','Beige',4649.42),(741,152,'SKU-00741','10','Maroon',2288.91),(742,443,'SKU-00742','8.5','Green',NULL),(743,141,'SKU-00743','10','Purple',NULL),(744,478,'SKU-00744','7','Olive',4144.96),(745,44,'SKU-00745','10','Blue',5898.74),(746,149,'SKU-00746','10','Blue',4518.80),(747,588,'SKU-00747','10','Orange',4982.18),(748,406,'SKU-00748','8.5','Orange',847.90),(749,514,'SKU-00749','7','Blue',NULL),(750,5,'SKU-00750','7','Purple',5664.28);
/*!40000 ALTER TABLE `product_variants` ENABLE KEYS */;
UNLOCK TABLES;

--
-- Table structure for table `products`
--

DROP TABLE IF EXISTS `products`;
/*!40101 SET @saved_cs_client     = @@character_set_client */;
/*!40101 SET character_set_client = utf8 */;
CREATE TABLE `products` (
  `id` int(11) NOT NULL AUTO_INCREMENT,
  `brand_id` int(11) DEFAULT NULL,
  `category_id` int(11) DEFAULT NULL,
  `name` varchar(150) NOT NULL,
  `description` text DEFAULT NULL,
  `base_price` decimal(10,2) NOT NULL,
  `is_active` tinyint(1) DEFAULT 1,
  PRIMARY KEY (`id`),
  KEY `brand_id` (`brand_id`),
  KEY `category_id` (`category_id`),
  CONSTRAINT `products_ibfk_1` FOREIGN KEY (`brand_id`) REFERENCES `brands` (`id`) ON DELETE SET NULL,
  CONSTRAINT `products_ibfk_2` FOREIGN KEY (`category_id`) REFERENCES `categories` (`id`) ON DELETE SET NULL
) ENGINE=InnoDB AUTO_INCREMENT=751 DEFAULT CHARSET=utf8mb4 COLLATE=utf8mb4_general_ci;
/*!40101 SET character_set_client = @saved_cs_client */;

--
-- Dumping data for table `products`
--

LOCK TABLES `products` WRITE;
/*!40000 ALTER TABLE `products` DISABLE KEYS */;
INSERT INTO `products` VALUES (1,743,737,'Trail Strider 1','Premium footwear model 1 with durable sole and comfort fit.',2745.21,1),(2,219,96,'Elite Jumper 2','Premium footwear model 2 with durable sole and comfort fit.',1766.59,1),(3,651,164,'Classic Runner 3','Premium footwear model 3 with durable sole and comfort fit.',4483.50,1),(4,265,248,'Apex Pacer 4','Premium footwear model 4 with durable sole and comfort fit.',3713.59,0),(5,114,750,'Classic Racer 5','Premium footwear model 5 with durable sole and comfort fit.',1519.86,1),(6,127,49,'Swift Drifter 6','Premium footwear model 6 with durable sole and comfort fit.',4723.31,1),(7,587,6,'Active Racer 7','Premium footwear model 7 with durable sole and comfort fit.',4918.87,1),(8,596,580,'Trail Drifter 8','Premium footwear model 8 with durable sole and comfort fit.',3426.95,1),(9,240,359,'Air Pacer 9','Premium footwear model 9 with durable sole and comfort fit.',3433.54,1),(10,587,689,'Ultra Rover 10','Premium footwear model 10 with durable sole and comfort fit.',2074.03,1),(11,108,336,'Elite Cruiser 11','Premium footwear model 11 with durable sole and comfort fit.',1204.01,1),(12,466,101,'Ultra Rover 12','Premium footwear model 12 with durable sole and comfort fit.',2299.75,1),(13,95,64,'Sport Strider 13','Premium footwear model 13 with durable sole and comfort fit.',2537.39,1),(14,379,694,'Elite Mover 14','Premium footwear model 14 with durable sole and comfort fit.',3063.73,1),(15,405,271,'Bold Stepper 15','Premium footwear model 15 with durable sole and comfort fit.',3290.37,0),(16,706,502,'Trail Mover 16','Premium footwear model 16 with durable sole and comfort fit.',4170.92,1),(17,131,497,'Trail Stepper 17','Premium footwear model 17 with durable sole and comfort fit.',907.11,1),(18,542,121,'Trail Glider 18','Premium footwear model 18 with durable sole and comfort fit.',2439.53,1),(19,161,573,'Lite Walker 19','Premium footwear model 19 with durable sole and comfort fit.',3126.52,1),(20,124,379,'Bold Pacer 20','Premium footwear model 20 with durable sole and comfort fit.',488.33,1),(21,381,313,'Lite Pacer 21','Premium footwear model 21 with durable sole and comfort fit.',1680.71,1),(22,147,146,'Swift Cruiser 22','Premium footwear model 22 with durable sole and comfort fit.',2281.26,0),(23,313,291,'Flex Strider 23','Premium footwear model 23 with durable sole and comfort fit.',4148.89,1),(24,126,561,'Lite Walker 24','Premium footwear model 24 with durable sole and comfort fit.',4390.00,1),(25,587,318,'Bold Stepper 25','Premium footwear model 25 with durable sole and comfort fit.',4530.35,1),(26,487,738,'Apex Cruiser 26','Premium footwear model 26 with durable sole and comfort fit.',923.21,1),(27,652,472,'Swift Stepper 27','Premium footwear model 27 with durable sole and comfort fit.',3434.94,1),(28,746,334,'Pro Cruiser 28','Premium footwear model 28 with durable sole and comfort fit.',3422.16,1),(29,239,405,'Lite Jumper 29','Premium footwear model 29 with durable sole and comfort fit.',514.35,1),(30,454,285,'Urban Walker 30','Premium footwear model 30 with durable sole and comfort fit.',4368.98,1),(31,586,646,'Swift Rover 31','Premium footwear model 31 with durable sole and comfort fit.',1750.59,1),(32,660,573,'Pro Glider 32','Premium footwear model 32 with durable sole and comfort fit.',4788.29,1),(33,55,584,'Elite Glider 33','Premium footwear model 33 with durable sole and comfort fit.',3826.63,1),(34,20,124,'Urban Jumper 34','Premium footwear model 34 with durable sole and comfort fit.',1143.79,1),(35,211,252,'Apex Rover 35','Premium footwear model 35 with durable sole and comfort fit.',4241.91,1),(36,87,547,'Bold Racer 36','Premium footwear model 36 with durable sole and comfort fit.',2187.45,1),(37,24,349,'Sport Strider 37','Premium footwear model 37 with durable sole and comfort fit.',2249.20,1),(38,325,392,'Air Walker 38','Premium footwear model 38 with durable sole and comfort fit.',837.83,1),(39,173,293,'Ultra Strider 39','Premium footwear model 39 with durable sole and comfort fit.',1500.11,1),(40,315,418,'Urban Strider 40','Premium footwear model 40 with durable sole and comfort fit.',575.89,0),(41,186,28,'Trail Runner 41','Premium footwear model 41 with durable sole and comfort fit.',1699.71,1),(42,146,423,'Core Racer 42','Premium footwear model 42 with durable sole and comfort fit.',1511.29,0),(43,124,54,'Flex Glider 43','Premium footwear model 43 with durable sole and comfort fit.',3834.03,1),(44,505,521,'Swift Jumper 44','Premium footwear model 44 with durable sole and comfort fit.',2108.73,1),(45,63,326,'Active Jumper 45','Premium footwear model 45 with durable sole and comfort fit.',2212.26,1),(46,418,649,'Flex Runner 46','Premium footwear model 46 with durable sole and comfort fit.',1564.05,0),(47,692,104,'Flex Jumper 47','Premium footwear model 47 with durable sole and comfort fit.',3361.29,1),(48,582,417,'Active Walker 48','Premium footwear model 48 with durable sole and comfort fit.',4276.51,1),(49,146,383,'Elite Strider 49','Premium footwear model 49 with durable sole and comfort fit.',3974.51,1),(50,434,569,'Active Runner 50','Premium footwear model 50 with durable sole and comfort fit.',303.70,1),(51,636,297,'Urban Strider 51','Premium footwear model 51 with durable sole and comfort fit.',301.55,0),(52,494,280,'Bold Pacer 52','Premium footwear model 52 with durable sole and comfort fit.',4244.59,1),(53,360,648,'Flex Cruiser 53','Premium footwear model 53 with durable sole and comfort fit.',4250.22,1),(54,166,547,'Bold Walker 54','Premium footwear model 54 with durable sole and comfort fit.',1712.00,1),(55,126,144,'Trail Jumper 55','Premium footwear model 55 with durable sole and comfort fit.',4993.46,1),(56,216,626,'Elite Racer 56','Premium footwear model 56 with durable sole and comfort fit.',4453.48,0),(57,651,268,'Swift Rover 57','Premium footwear model 57 with durable sole and comfort fit.',2426.77,1),(58,330,350,'Flex Stepper 58','Premium footwear model 58 with durable sole and comfort fit.',4806.27,1),(59,709,137,'Urban Runner 59','Premium footwear model 59 with durable sole and comfort fit.',3160.30,1),(60,10,689,'Ultra Mover 60','Premium footwear model 60 with durable sole and comfort fit.',2911.22,1),(61,501,403,'Elite Walker 61','Premium footwear model 61 with durable sole and comfort fit.',3999.33,1),(62,80,552,'Classic Drifter 62','Premium footwear model 62 with durable sole and comfort fit.',2391.33,1),(63,386,616,'Lite Mover 63','Premium footwear model 63 with durable sole and comfort fit.',1131.78,1),(64,714,9,'Pro Stepper 64','Premium footwear model 64 with durable sole and comfort fit.',2040.26,1),(65,10,227,'Trail Runner 65','Premium footwear model 65 with durable sole and comfort fit.',3863.58,1),(66,727,367,'Flex Walker 66','Premium footwear model 66 with durable sole and comfort fit.',4135.52,1),(67,736,227,'Flex Stepper 67','Premium footwear model 67 with durable sole and comfort fit.',4845.29,1),(68,505,721,'Trail Cruiser 68','Premium footwear model 68 with durable sole and comfort fit.',1281.71,1),(69,654,406,'Pro Pacer 69','Premium footwear model 69 with durable sole and comfort fit.',2973.78,1),(70,566,199,'Urban Rover 70','Premium footwear model 70 with durable sole and comfort fit.',2957.82,1),(71,579,180,'Pro Cruiser 71','Premium footwear model 71 with durable sole and comfort fit.',901.76,1),(72,266,584,'Apex Glider 72','Premium footwear model 72 with durable sole and comfort fit.',4439.71,1),(73,281,197,'Apex Drifter 73','Premium footwear model 73 with durable sole and comfort fit.',407.65,0),(74,695,546,'Bold Pacer 74','Premium footwear model 74 with durable sole and comfort fit.',3498.20,1),(75,3,438,'Urban Drifter 75','Premium footwear model 75 with durable sole and comfort fit.',4731.45,1),(76,331,443,'Apex Mover 76','Premium footwear model 76 with durable sole and comfort fit.',1586.97,1),(77,478,508,'Lite Jumper 77','Premium footwear model 77 with durable sole and comfort fit.',3866.40,1),(78,230,49,'Air Mover 78','Premium footwear model 78 with durable sole and comfort fit.',2801.33,1),(79,402,200,'Lite Walker 79','Premium footwear model 79 with durable sole and comfort fit.',4435.46,1),(80,232,707,'Sport Walker 80','Premium footwear model 80 with durable sole and comfort fit.',4608.88,1),(81,338,319,'Pro Drifter 81','Premium footwear model 81 with durable sole and comfort fit.',3237.89,1),(82,443,25,'Bold Drifter 82','Premium footwear model 82 with durable sole and comfort fit.',4693.79,1),(83,254,111,'Active Glider 83','Premium footwear model 83 with durable sole and comfort fit.',4805.37,1),(84,342,533,'Swift Glider 84','Premium footwear model 84 with durable sole and comfort fit.',4733.67,1),(85,635,450,'Swift Walker 85','Premium footwear model 85 with durable sole and comfort fit.',3238.14,1),(86,88,63,'Core Runner 86','Premium footwear model 86 with durable sole and comfort fit.',2072.76,1),(87,711,67,'Swift Strider 87','Premium footwear model 87 with durable sole and comfort fit.',590.41,1),(88,57,309,'Bold Drifter 88','Premium footwear model 88 with durable sole and comfort fit.',2328.64,1),(89,58,573,'Classic Pacer 89','Premium footwear model 89 with durable sole and comfort fit.',4293.67,1),(90,633,421,'Flex Cruiser 90','Premium footwear model 90 with durable sole and comfort fit.',4000.13,1),(91,465,394,'Active Mover 91','Premium footwear model 91 with durable sole and comfort fit.',4434.71,1),(92,348,667,'Urban Runner 92','Premium footwear model 92 with durable sole and comfort fit.',2433.16,1),(93,198,111,'Pro Runner 93','Premium footwear model 93 with durable sole and comfort fit.',3096.32,1),(94,199,587,'Ultra Drifter 94','Premium footwear model 94 with durable sole and comfort fit.',2690.82,1),(95,493,743,'Bold Stepper 95','Premium footwear model 95 with durable sole and comfort fit.',1172.84,1),(96,46,62,'Ultra Pacer 96','Premium footwear model 96 with durable sole and comfort fit.',3046.25,1),(97,668,367,'Air Cruiser 97','Premium footwear model 97 with durable sole and comfort fit.',4459.54,1),(98,151,481,'Air Cruiser 98','Premium footwear model 98 with durable sole and comfort fit.',1910.63,1),(99,9,531,'Bold Drifter 99','Premium footwear model 99 with durable sole and comfort fit.',3487.01,1),(100,520,573,'Apex Runner 100','Premium footwear model 100 with durable sole and comfort fit.',2282.69,1),(101,206,656,'Core Glider 101','Premium footwear model 101 with durable sole and comfort fit.',3989.74,1),(102,684,488,'Trail Rover 102','Premium footwear model 102 with durable sole and comfort fit.',4914.04,1),(103,340,593,'Bold Racer 103','Premium footwear model 103 with durable sole and comfort fit.',3194.68,1),(104,167,108,'Active Runner 104','Premium footwear model 104 with durable sole and comfort fit.',2629.87,0),(105,655,229,'Trail Glider 105','Premium footwear model 105 with durable sole and comfort fit.',2491.72,1),(106,493,340,'Swift Rover 106','Premium footwear model 106 with durable sole and comfort fit.',2065.79,1),(107,7,372,'Classic Walker 107','Premium footwear model 107 with durable sole and comfort fit.',1981.07,1),(108,146,298,'Active Glider 108','Premium footwear model 108 with durable sole and comfort fit.',3266.27,0),(109,369,45,'Classic Glider 109','Premium footwear model 109 with durable sole and comfort fit.',1228.78,1),(110,269,737,'Ultra Racer 110','Premium footwear model 110 with durable sole and comfort fit.',4282.41,1),(111,201,23,'Ultra Pacer 111','Premium footwear model 111 with durable sole and comfort fit.',4579.05,1),(112,694,141,'Sport Drifter 112','Premium footwear model 112 with durable sole and comfort fit.',3999.85,1),(113,216,313,'Active Glider 113','Premium footwear model 113 with durable sole and comfort fit.',2036.31,1),(114,176,540,'Swift Cruiser 114','Premium footwear model 114 with durable sole and comfort fit.',4442.82,1),(115,67,122,'Ultra Strider 115','Premium footwear model 115 with durable sole and comfort fit.',4035.02,1),(116,388,712,'Lite Racer 116','Premium footwear model 116 with durable sole and comfort fit.',3116.88,0),(117,251,48,'Swift Cruiser 117','Premium footwear model 117 with durable sole and comfort fit.',3059.43,1),(118,302,153,'Lite Glider 118','Premium footwear model 118 with durable sole and comfort fit.',549.32,1),(119,130,521,'Bold Stepper 119','Premium footwear model 119 with durable sole and comfort fit.',1282.42,1),(120,482,680,'Bold Walker 120','Premium footwear model 120 with durable sole and comfort fit.',1085.94,1),(121,661,522,'Lite Stepper 121','Premium footwear model 121 with durable sole and comfort fit.',2737.79,1),(122,730,383,'Elite Rover 122','Premium footwear model 122 with durable sole and comfort fit.',2570.50,0),(123,486,275,'Bold Mover 123','Premium footwear model 123 with durable sole and comfort fit.',3298.10,1),(124,666,38,'Flex Glider 124','Premium footwear model 124 with durable sole and comfort fit.',4504.96,1),(125,241,406,'Flex Pacer 125','Premium footwear model 125 with durable sole and comfort fit.',2296.61,1),(126,161,384,'Air Jumper 126','Premium footwear model 126 with durable sole and comfort fit.',697.37,1),(127,303,456,'Elite Racer 127','Premium footwear model 127 with durable sole and comfort fit.',1380.83,1),(128,525,637,'Lite Mover 128','Premium footwear model 128 with durable sole and comfort fit.',2419.41,1),(129,377,510,'Lite Pacer 129','Premium footwear model 129 with durable sole and comfort fit.',2096.14,1),(130,240,272,'Urban Walker 130','Premium footwear model 130 with durable sole and comfort fit.',1986.74,1),(131,514,526,'Elite Drifter 131','Premium footwear model 131 with durable sole and comfort fit.',666.35,1),(132,234,101,'Pro Walker 132','Premium footwear model 132 with durable sole and comfort fit.',1992.11,1),(133,342,202,'Urban Racer 133','Premium footwear model 133 with durable sole and comfort fit.',1474.11,1),(134,700,282,'Flex Rover 134','Premium footwear model 134 with durable sole and comfort fit.',3137.96,1),(135,734,557,'Core Pacer 135','Premium footwear model 135 with durable sole and comfort fit.',339.11,1),(136,355,414,'Sport Cruiser 136','Premium footwear model 136 with durable sole and comfort fit.',3860.69,1),(137,670,525,'Swift Strider 137','Premium footwear model 137 with durable sole and comfort fit.',4366.69,1),(138,741,215,'Active Glider 138','Premium footwear model 138 with durable sole and comfort fit.',2723.38,1),(139,480,740,'Apex Stepper 139','Premium footwear model 139 with durable sole and comfort fit.',1900.10,1),(140,193,440,'Swift Rover 140','Premium footwear model 140 with durable sole and comfort fit.',2262.13,1),(141,572,31,'Lite Strider 141','Premium footwear model 141 with durable sole and comfort fit.',3013.29,1),(142,10,512,'Swift Drifter 142','Premium footwear model 142 with durable sole and comfort fit.',4220.20,1),(143,430,436,'Urban Mover 143','Premium footwear model 143 with durable sole and comfort fit.',3884.36,1),(144,307,334,'Bold Runner 144','Premium footwear model 144 with durable sole and comfort fit.',2966.61,1),(145,143,158,'Lite Cruiser 145','Premium footwear model 145 with durable sole and comfort fit.',3259.24,1),(146,623,588,'Apex Mover 146','Premium footwear model 146 with durable sole and comfort fit.',4905.81,1),(147,401,66,'Elite Mover 147','Premium footwear model 147 with durable sole and comfort fit.',1184.19,1),(148,584,463,'Urban Pacer 148','Premium footwear model 148 with durable sole and comfort fit.',737.24,1),(149,567,182,'Classic Rover 149','Premium footwear model 149 with durable sole and comfort fit.',3134.81,1),(150,204,72,'Core Mover 150','Premium footwear model 150 with durable sole and comfort fit.',1632.94,1),(151,676,537,'Pro Stepper 151','Premium footwear model 151 with durable sole and comfort fit.',569.03,1),(152,176,335,'Apex Mover 152','Premium footwear model 152 with durable sole and comfort fit.',2137.19,0),(153,133,550,'Sport Stepper 153','Premium footwear model 153 with durable sole and comfort fit.',3791.77,1),(154,212,134,'Apex Glider 154','Premium footwear model 154 with durable sole and comfort fit.',1754.86,1),(155,681,487,'Ultra Cruiser 155','Premium footwear model 155 with durable sole and comfort fit.',3001.93,1),(156,208,515,'Trail Drifter 156','Premium footwear model 156 with durable sole and comfort fit.',2456.10,1),(157,147,457,'Pro Mover 157','Premium footwear model 157 with durable sole and comfort fit.',3141.79,1),(158,337,583,'Core Stepper 158','Premium footwear model 158 with durable sole and comfort fit.',2461.96,1),(159,94,295,'Urban Stepper 159','Premium footwear model 159 with durable sole and comfort fit.',1928.87,1),(160,305,401,'Bold Strider 160','Premium footwear model 160 with durable sole and comfort fit.',2249.75,1),(161,633,443,'Active Mover 161','Premium footwear model 161 with durable sole and comfort fit.',4579.92,1),(162,583,98,'Sport Rover 162','Premium footwear model 162 with durable sole and comfort fit.',4743.73,1),(163,162,281,'Core Drifter 163','Premium footwear model 163 with durable sole and comfort fit.',2826.37,1),(164,69,715,'Trail Rover 164','Premium footwear model 164 with durable sole and comfort fit.',4539.50,0),(165,422,567,'Pro Racer 165','Premium footwear model 165 with durable sole and comfort fit.',658.71,1),(166,334,420,'Active Strider 166','Premium footwear model 166 with durable sole and comfort fit.',1487.00,1),(167,474,28,'Pro Drifter 167','Premium footwear model 167 with durable sole and comfort fit.',3563.08,1),(168,391,352,'Trail Mover 168','Premium footwear model 168 with durable sole and comfort fit.',4321.13,1),(169,11,257,'Pro Rover 169','Premium footwear model 169 with durable sole and comfort fit.',4609.54,1),(170,476,497,'Active Walker 170','Premium footwear model 170 with durable sole and comfort fit.',686.98,1),(171,731,449,'Ultra Stepper 171','Premium footwear model 171 with durable sole and comfort fit.',4155.01,1),(172,175,19,'Bold Walker 172','Premium footwear model 172 with durable sole and comfort fit.',1132.01,1),(173,401,173,'Pro Drifter 173','Premium footwear model 173 with durable sole and comfort fit.',3887.87,1),(174,158,452,'Lite Strider 174','Premium footwear model 174 with durable sole and comfort fit.',1317.36,1),(175,692,546,'Flex Stepper 175','Premium footwear model 175 with durable sole and comfort fit.',3573.69,1),(176,536,657,'Urban Rover 176','Premium footwear model 176 with durable sole and comfort fit.',3401.19,1),(177,707,316,'Active Runner 177','Premium footwear model 177 with durable sole and comfort fit.',3110.57,1),(178,387,207,'Core Glider 178','Premium footwear model 178 with durable sole and comfort fit.',2059.83,1),(179,94,17,'Sport Runner 179','Premium footwear model 179 with durable sole and comfort fit.',4948.67,1),(180,197,697,'Urban Walker 180','Premium footwear model 180 with durable sole and comfort fit.',1335.67,1),(181,681,172,'Trail Strider 181','Premium footwear model 181 with durable sole and comfort fit.',505.86,1),(182,335,331,'Elite Drifter 182','Premium footwear model 182 with durable sole and comfort fit.',1189.87,1),(183,555,405,'Sport Walker 183','Premium footwear model 183 with durable sole and comfort fit.',1391.32,1),(184,332,178,'Classic Mover 184','Premium footwear model 184 with durable sole and comfort fit.',3372.77,1),(185,218,470,'Flex Walker 185','Premium footwear model 185 with durable sole and comfort fit.',3391.42,1),(186,639,378,'Classic Walker 186','Premium footwear model 186 with durable sole and comfort fit.',4460.66,1),(187,614,512,'Pro Rover 187','Premium footwear model 187 with durable sole and comfort fit.',2819.05,0),(188,583,176,'Air Walker 188','Premium footwear model 188 with durable sole and comfort fit.',3118.38,0),(189,714,398,'Urban Rover 189','Premium footwear model 189 with durable sole and comfort fit.',923.78,1),(190,705,326,'Apex Drifter 190','Premium footwear model 190 with durable sole and comfort fit.',2565.01,1),(191,624,600,'Active Mover 191','Premium footwear model 191 with durable sole and comfort fit.',2700.82,1),(192,516,602,'Trail Runner 192','Premium footwear model 192 with durable sole and comfort fit.',1392.25,1),(193,128,317,'Flex Rover 193','Premium footwear model 193 with durable sole and comfort fit.',2312.94,1),(194,82,62,'Ultra Racer 194','Premium footwear model 194 with durable sole and comfort fit.',2643.01,1),(195,385,210,'Urban Runner 195','Premium footwear model 195 with durable sole and comfort fit.',1417.90,1),(196,455,337,'Ultra Pacer 196','Premium footwear model 196 with durable sole and comfort fit.',1791.43,1),(197,41,534,'Swift Mover 197','Premium footwear model 197 with durable sole and comfort fit.',3344.82,1),(198,25,235,'Apex Rover 198','Premium footwear model 198 with durable sole and comfort fit.',1855.97,1),(199,553,56,'Core Drifter 199','Premium footwear model 199 with durable sole and comfort fit.',4944.37,1),(200,713,737,'Flex Cruiser 200','Premium footwear model 200 with durable sole and comfort fit.',4400.72,1),(201,188,453,'Urban Runner 201','Premium footwear model 201 with durable sole and comfort fit.',602.70,1),(202,198,54,'Urban Strider 202','Premium footwear model 202 with durable sole and comfort fit.',4708.89,1),(203,178,607,'Elite Glider 203','Premium footwear model 203 with durable sole and comfort fit.',1409.66,1),(204,743,479,'Air Strider 204','Premium footwear model 204 with durable sole and comfort fit.',3690.87,1),(205,181,621,'Flex Pacer 205','Premium footwear model 205 with durable sole and comfort fit.',1640.16,1),(206,651,207,'Air Stepper 206','Premium footwear model 206 with durable sole and comfort fit.',675.08,0),(207,408,387,'Ultra Stepper 207','Premium footwear model 207 with durable sole and comfort fit.',2373.47,1),(208,444,160,'Apex Stepper 208','Premium footwear model 208 with durable sole and comfort fit.',392.11,1),(209,86,308,'Bold Jumper 209','Premium footwear model 209 with durable sole and comfort fit.',1017.15,1),(210,264,390,'Active Pacer 210','Premium footwear model 210 with durable sole and comfort fit.',2430.93,1),(211,621,493,'Pro Racer 211','Premium footwear model 211 with durable sole and comfort fit.',941.28,1),(212,159,195,'Classic Runner 212','Premium footwear model 212 with durable sole and comfort fit.',4348.78,1),(213,384,504,'Sport Mover 213','Premium footwear model 213 with durable sole and comfort fit.',4718.34,0),(214,383,394,'Active Pacer 214','Premium footwear model 214 with durable sole and comfort fit.',3311.93,1),(215,419,40,'Core Walker 215','Premium footwear model 215 with durable sole and comfort fit.',2107.68,1),(216,199,447,'Air Rover 216','Premium footwear model 216 with durable sole and comfort fit.',1937.32,1),(217,651,706,'Lite Rover 217','Premium footwear model 217 with durable sole and comfort fit.',570.21,1),(218,435,253,'Flex Stepper 218','Premium footwear model 218 with durable sole and comfort fit.',461.19,1),(219,647,724,'Urban Runner 219','Premium footwear model 219 with durable sole and comfort fit.',3577.12,1),(220,268,620,'Active Drifter 220','Premium footwear model 220 with durable sole and comfort fit.',991.63,1),(221,593,679,'Apex Strider 221','Premium footwear model 221 with durable sole and comfort fit.',356.99,1),(222,660,729,'Core Mover 222','Premium footwear model 222 with durable sole and comfort fit.',2168.03,1),(223,83,531,'Core Glider 223','Premium footwear model 223 with durable sole and comfort fit.',4416.23,1),(224,438,259,'Trail Pacer 224','Premium footwear model 224 with durable sole and comfort fit.',2652.04,1),(225,392,601,'Air Rover 225','Premium footwear model 225 with durable sole and comfort fit.',2233.56,1),(226,746,92,'Pro Drifter 226','Premium footwear model 226 with durable sole and comfort fit.',2990.27,1),(227,147,276,'Trail Glider 227','Premium footwear model 227 with durable sole and comfort fit.',4670.08,1),(228,316,7,'Ultra Stepper 228','Premium footwear model 228 with durable sole and comfort fit.',306.42,1),(229,714,428,'Elite Mover 229','Premium footwear model 229 with durable sole and comfort fit.',3375.25,1),(230,175,181,'Lite Strider 230','Premium footwear model 230 with durable sole and comfort fit.',3608.02,1),(231,187,515,'Pro Stepper 231','Premium footwear model 231 with durable sole and comfort fit.',2964.33,1),(232,206,61,'Trail Strider 232','Premium footwear model 232 with durable sole and comfort fit.',4102.14,1),(233,419,452,'Urban Cruiser 233','Premium footwear model 233 with durable sole and comfort fit.',812.22,1),(234,82,301,'Pro Mover 234','Premium footwear model 234 with durable sole and comfort fit.',885.00,1),(235,31,600,'Flex Stepper 235','Premium footwear model 235 with durable sole and comfort fit.',2579.41,1),(236,10,63,'Air Runner 236','Premium footwear model 236 with durable sole and comfort fit.',3426.01,1),(237,43,100,'Flex Jumper 237','Premium footwear model 237 with durable sole and comfort fit.',4020.40,1),(238,533,273,'Core Stepper 238','Premium footwear model 238 with durable sole and comfort fit.',2523.19,1),(239,440,345,'Lite Drifter 239','Premium footwear model 239 with durable sole and comfort fit.',4482.72,0),(240,246,370,'Urban Mover 240','Premium footwear model 240 with durable sole and comfort fit.',2077.65,1),(241,365,339,'Swift Walker 241','Premium footwear model 241 with durable sole and comfort fit.',313.50,1),(242,412,743,'Apex Strider 242','Premium footwear model 242 with durable sole and comfort fit.',419.70,1),(243,544,287,'Trail Glider 243','Premium footwear model 243 with durable sole and comfort fit.',2030.62,1),(244,675,487,'Elite Mover 244','Premium footwear model 244 with durable sole and comfort fit.',3402.07,1),(245,654,330,'Classic Drifter 245','Premium footwear model 245 with durable sole and comfort fit.',1991.97,1),(246,334,695,'Active Glider 246','Premium footwear model 246 with durable sole and comfort fit.',3150.79,1),(247,628,84,'Lite Mover 247','Premium footwear model 247 with durable sole and comfort fit.',4712.70,0),(248,488,675,'Apex Rover 248','Premium footwear model 248 with durable sole and comfort fit.',4553.45,1),(249,301,622,'Flex Rover 249','Premium footwear model 249 with durable sole and comfort fit.',971.86,1),(250,586,734,'Elite Runner 250','Premium footwear model 250 with durable sole and comfort fit.',899.95,1),(251,309,690,'Elite Stepper 251','Premium footwear model 251 with durable sole and comfort fit.',1088.85,1),(252,119,494,'Urban Jumper 252','Premium footwear model 252 with durable sole and comfort fit.',1431.24,1),(253,676,717,'Pro Walker 253','Premium footwear model 253 with durable sole and comfort fit.',2343.00,1),(254,165,335,'Core Mover 254','Premium footwear model 254 with durable sole and comfort fit.',3900.65,1),(255,264,682,'Active Drifter 255','Premium footwear model 255 with durable sole and comfort fit.',877.56,1),(256,548,649,'Trail Stepper 256','Premium footwear model 256 with durable sole and comfort fit.',724.08,1),(257,230,590,'Swift Cruiser 257','Premium footwear model 257 with durable sole and comfort fit.',602.94,1),(258,735,743,'Sport Drifter 258','Premium footwear model 258 with durable sole and comfort fit.',3316.88,1),(259,448,239,'Flex Pacer 259','Premium footwear model 259 with durable sole and comfort fit.',842.74,1),(260,92,349,'Trail Cruiser 260','Premium footwear model 260 with durable sole and comfort fit.',4703.89,1),(261,119,587,'Lite Strider 261','Premium footwear model 261 with durable sole and comfort fit.',4309.65,0),(262,591,2,'Air Runner 262','Premium footwear model 262 with durable sole and comfort fit.',3072.28,1),(263,398,434,'Lite Racer 263','Premium footwear model 263 with durable sole and comfort fit.',4047.34,0),(264,130,533,'Urban Cruiser 264','Premium footwear model 264 with durable sole and comfort fit.',3075.65,1),(265,10,552,'Apex Stepper 265','Premium footwear model 265 with durable sole and comfort fit.',1783.85,1),(266,304,225,'Active Drifter 266','Premium footwear model 266 with durable sole and comfort fit.',2441.19,1),(267,150,682,'Apex Rover 267','Premium footwear model 267 with durable sole and comfort fit.',460.42,1),(268,515,706,'Pro Pacer 268','Premium footwear model 268 with durable sole and comfort fit.',4984.19,1),(269,490,647,'Apex Glider 269','Premium footwear model 269 with durable sole and comfort fit.',2625.62,1),(270,386,61,'Swift Racer 270','Premium footwear model 270 with durable sole and comfort fit.',1016.70,1),(271,231,718,'Trail Runner 271','Premium footwear model 271 with durable sole and comfort fit.',4637.84,1),(272,500,745,'Sport Pacer 272','Premium footwear model 272 with durable sole and comfort fit.',4925.63,1),(273,164,23,'Elite Mover 273','Premium footwear model 273 with durable sole and comfort fit.',1884.83,1),(274,357,401,'Sport Walker 274','Premium footwear model 274 with durable sole and comfort fit.',2779.87,1),(275,714,200,'Trail Jumper 275','Premium footwear model 275 with durable sole and comfort fit.',2149.73,1),(276,595,56,'Apex Rover 276','Premium footwear model 276 with durable sole and comfort fit.',1728.15,1),(277,592,141,'Active Rover 277','Premium footwear model 277 with durable sole and comfort fit.',2566.48,1),(278,215,224,'Swift Rover 278','Premium footwear model 278 with durable sole and comfort fit.',1218.58,1),(279,371,744,'Apex Cruiser 279','Premium footwear model 279 with durable sole and comfort fit.',778.15,1),(280,152,386,'Sport Drifter 280','Premium footwear model 280 with durable sole and comfort fit.',4254.80,0),(281,99,365,'Active Strider 281','Premium footwear model 281 with durable sole and comfort fit.',4740.80,1),(282,528,666,'Lite Cruiser 282','Premium footwear model 282 with durable sole and comfort fit.',2337.96,1),(283,740,414,'Flex Runner 283','Premium footwear model 283 with durable sole and comfort fit.',857.37,1),(284,310,705,'Bold Strider 284','Premium footwear model 284 with durable sole and comfort fit.',3367.15,1),(285,709,687,'Urban Walker 285','Premium footwear model 285 with durable sole and comfort fit.',3954.33,1),(286,666,392,'Air Drifter 286','Premium footwear model 286 with durable sole and comfort fit.',3369.02,1),(287,123,120,'Pro Walker 287','Premium footwear model 287 with durable sole and comfort fit.',2598.33,1),(288,522,231,'Classic Cruiser 288','Premium footwear model 288 with durable sole and comfort fit.',2992.01,1),(289,281,711,'Trail Walker 289','Premium footwear model 289 with durable sole and comfort fit.',4032.42,1),(290,496,661,'Trail Mover 290','Premium footwear model 290 with durable sole and comfort fit.',1701.31,1),(291,334,66,'Trail Jumper 291','Premium footwear model 291 with durable sole and comfort fit.',1167.98,1),(292,21,404,'Elite Jumper 292','Premium footwear model 292 with durable sole and comfort fit.',3981.33,1),(293,66,532,'Apex Cruiser 293','Premium footwear model 293 with durable sole and comfort fit.',2832.21,1),(294,668,128,'Swift Glider 294','Premium footwear model 294 with durable sole and comfort fit.',4837.70,1),(295,186,614,'Trail Strider 295','Premium footwear model 295 with durable sole and comfort fit.',324.02,1),(296,322,126,'Classic Strider 296','Premium footwear model 296 with durable sole and comfort fit.',3001.88,1),(297,90,576,'Air Runner 297','Premium footwear model 297 with durable sole and comfort fit.',696.67,1),(298,306,373,'Elite Strider 298','Premium footwear model 298 with durable sole and comfort fit.',2287.34,0),(299,1,255,'Air Runner 299','Premium footwear model 299 with durable sole and comfort fit.',4746.21,1),(300,301,675,'Elite Stepper 300','Premium footwear model 300 with durable sole and comfort fit.',956.32,1),(301,321,536,'Core Racer 301','Premium footwear model 301 with durable sole and comfort fit.',3148.01,1),(302,705,102,'Urban Runner 302','Premium footwear model 302 with durable sole and comfort fit.',1413.37,1),(303,307,221,'Ultra Cruiser 303','Premium footwear model 303 with durable sole and comfort fit.',2893.73,1),(304,285,132,'Trail Cruiser 304','Premium footwear model 304 with durable sole and comfort fit.',2282.47,1),(305,267,391,'Urban Strider 305','Premium footwear model 305 with durable sole and comfort fit.',2179.28,1),(306,261,693,'Sport Rover 306','Premium footwear model 306 with durable sole and comfort fit.',972.25,1),(307,645,276,'Urban Rover 307','Premium footwear model 307 with durable sole and comfort fit.',3333.18,1),(308,578,674,'Urban Jumper 308','Premium footwear model 308 with durable sole and comfort fit.',3142.24,1),(309,158,324,'Swift Mover 309','Premium footwear model 309 with durable sole and comfort fit.',2080.03,0),(310,254,80,'Air Walker 310','Premium footwear model 310 with durable sole and comfort fit.',2796.91,1),(311,417,68,'Lite Drifter 311','Premium footwear model 311 with durable sole and comfort fit.',717.18,0),(312,280,150,'Apex Glider 312','Premium footwear model 312 with durable sole and comfort fit.',1585.14,1),(313,228,388,'Pro Walker 313','Premium footwear model 313 with durable sole and comfort fit.',1124.94,1),(314,314,603,'Apex Stepper 314','Premium footwear model 314 with durable sole and comfort fit.',748.04,1),(315,586,289,'Elite Pacer 315','Premium footwear model 315 with durable sole and comfort fit.',3154.09,1),(316,175,326,'Swift Mover 316','Premium footwear model 316 with durable sole and comfort fit.',1148.16,1),(317,695,545,'Elite Cruiser 317','Premium footwear model 317 with durable sole and comfort fit.',4444.50,1),(318,607,131,'Air Runner 318','Premium footwear model 318 with durable sole and comfort fit.',3526.29,1),(319,674,130,'Ultra Mover 319','Premium footwear model 319 with durable sole and comfort fit.',2966.54,1),(320,743,655,'Lite Rover 320','Premium footwear model 320 with durable sole and comfort fit.',3953.38,1),(321,429,724,'Active Strider 321','Premium footwear model 321 with durable sole and comfort fit.',2362.11,1),(322,480,515,'Air Pacer 322','Premium footwear model 322 with durable sole and comfort fit.',4776.30,1),(323,736,235,'Air Drifter 323','Premium footwear model 323 with durable sole and comfort fit.',4331.23,0),(324,417,321,'Apex Walker 324','Premium footwear model 324 with durable sole and comfort fit.',3281.98,1),(325,246,96,'Ultra Cruiser 325','Premium footwear model 325 with durable sole and comfort fit.',568.83,1),(326,568,505,'Swift Runner 326','Premium footwear model 326 with durable sole and comfort fit.',4821.18,1),(327,521,749,'Ultra Stepper 327','Premium footwear model 327 with durable sole and comfort fit.',2638.68,1),(328,694,546,'Trail Walker 328','Premium footwear model 328 with durable sole and comfort fit.',2204.72,1),(329,8,732,'Sport Rover 329','Premium footwear model 329 with durable sole and comfort fit.',2810.33,1),(330,678,541,'Urban Cruiser 330','Premium footwear model 330 with durable sole and comfort fit.',498.07,1),(331,173,691,'Core Jumper 331','Premium footwear model 331 with durable sole and comfort fit.',4546.85,1),(332,376,137,'Elite Racer 332','Premium footwear model 332 with durable sole and comfort fit.',4775.67,1),(333,389,175,'Lite Walker 333','Premium footwear model 333 with durable sole and comfort fit.',1887.41,1),(334,553,121,'Air Pacer 334','Premium footwear model 334 with durable sole and comfort fit.',2569.69,1),(335,3,647,'Bold Mover 335','Premium footwear model 335 with durable sole and comfort fit.',1321.08,1),(336,659,528,'Apex Runner 336','Premium footwear model 336 with durable sole and comfort fit.',4695.45,1),(337,500,59,'Lite Runner 337','Premium footwear model 337 with durable sole and comfort fit.',3191.99,1),(338,363,110,'Classic Racer 338','Premium footwear model 338 with durable sole and comfort fit.',4482.92,1),(339,364,10,'Pro Mover 339','Premium footwear model 339 with durable sole and comfort fit.',2611.62,1),(340,527,158,'Sport Walker 340','Premium footwear model 340 with durable sole and comfort fit.',4590.61,1),(341,673,257,'Flex Stepper 341','Premium footwear model 341 with durable sole and comfort fit.',2157.19,1),(342,439,187,'Elite Pacer 342','Premium footwear model 342 with durable sole and comfort fit.',809.87,1),(343,450,166,'Ultra Racer 343','Premium footwear model 343 with durable sole and comfort fit.',3810.33,1),(344,727,204,'Pro Glider 344','Premium footwear model 344 with durable sole and comfort fit.',1638.03,1),(345,432,340,'Core Runner 345','Premium footwear model 345 with durable sole and comfort fit.',1052.47,1),(346,491,682,'Air Walker 346','Premium footwear model 346 with durable sole and comfort fit.',2278.15,1),(347,699,732,'Ultra Racer 347','Premium footwear model 347 with durable sole and comfort fit.',3829.12,1),(348,410,514,'Trail Rover 348','Premium footwear model 348 with durable sole and comfort fit.',4261.40,1),(349,113,111,'Swift Runner 349','Premium footwear model 349 with durable sole and comfort fit.',891.78,1),(350,14,701,'Flex Runner 350','Premium footwear model 350 with durable sole and comfort fit.',3487.06,1),(351,612,9,'Sport Stepper 351','Premium footwear model 351 with durable sole and comfort fit.',1659.49,1),(352,440,254,'Bold Strider 352','Premium footwear model 352 with durable sole and comfort fit.',3726.47,1),(353,288,118,'Apex Pacer 353','Premium footwear model 353 with durable sole and comfort fit.',4972.01,1),(354,440,204,'Active Rover 354','Premium footwear model 354 with durable sole and comfort fit.',3977.77,1),(355,748,515,'Bold Strider 355','Premium footwear model 355 with durable sole and comfort fit.',1185.74,1),(356,645,650,'Ultra Glider 356','Premium footwear model 356 with durable sole and comfort fit.',865.17,1),(357,281,197,'Core Strider 357','Premium footwear model 357 with durable sole and comfort fit.',2302.62,1),(358,94,53,'Sport Mover 358','Premium footwear model 358 with durable sole and comfort fit.',2766.36,1),(359,237,228,'Lite Mover 359','Premium footwear model 359 with durable sole and comfort fit.',2551.22,1),(360,660,53,'Air Walker 360','Premium footwear model 360 with durable sole and comfort fit.',1564.46,1),(361,360,729,'Sport Glider 361','Premium footwear model 361 with durable sole and comfort fit.',1802.25,1),(362,42,1,'Classic Drifter 362','Premium footwear model 362 with durable sole and comfort fit.',3799.35,1),(363,484,287,'Core Cruiser 363','Premium footwear model 363 with durable sole and comfort fit.',772.58,1),(364,504,373,'Lite Pacer 364','Premium footwear model 364 with durable sole and comfort fit.',823.18,1),(365,700,566,'Swift Strider 365','Premium footwear model 365 with durable sole and comfort fit.',1855.70,1),(366,371,604,'Elite Cruiser 366','Premium footwear model 366 with durable sole and comfort fit.',2045.48,1),(367,216,599,'Sport Walker 367','Premium footwear model 367 with durable sole and comfort fit.',4468.81,1),(368,617,124,'Classic Cruiser 368','Premium footwear model 368 with durable sole and comfort fit.',4850.15,1),(369,196,198,'Trail Stepper 369','Premium footwear model 369 with durable sole and comfort fit.',4648.85,1),(370,560,634,'Lite Pacer 370','Premium footwear model 370 with durable sole and comfort fit.',3708.15,0),(371,207,547,'Trail Strider 371','Premium footwear model 371 with durable sole and comfort fit.',504.91,1),(372,564,729,'Air Jumper 372','Premium footwear model 372 with durable sole and comfort fit.',4882.09,1),(373,460,645,'Trail Walker 373','Premium footwear model 373 with durable sole and comfort fit.',4579.99,1),(374,430,537,'Core Jumper 374','Premium footwear model 374 with durable sole and comfort fit.',4016.16,1),(375,281,714,'Ultra Pacer 375','Premium footwear model 375 with durable sole and comfort fit.',512.59,1),(376,711,195,'Trail Mover 376','Premium footwear model 376 with durable sole and comfort fit.',2625.62,1),(377,526,77,'Ultra Stepper 377','Premium footwear model 377 with durable sole and comfort fit.',3827.42,1),(378,400,411,'Bold Pacer 378','Premium footwear model 378 with durable sole and comfort fit.',1271.55,1),(379,586,224,'Bold Rover 379','Premium footwear model 379 with durable sole and comfort fit.',340.65,0),(380,526,467,'Elite Rover 380','Premium footwear model 380 with durable sole and comfort fit.',3685.72,1),(381,226,304,'Trail Pacer 381','Premium footwear model 381 with durable sole and comfort fit.',2894.11,1),(382,47,547,'Flex Pacer 382','Premium footwear model 382 with durable sole and comfort fit.',482.73,1),(383,285,137,'Air Runner 383','Premium footwear model 383 with durable sole and comfort fit.',3318.34,1),(384,216,548,'Pro Runner 384','Premium footwear model 384 with durable sole and comfort fit.',3347.63,1),(385,378,333,'Pro Rover 385','Premium footwear model 385 with durable sole and comfort fit.',4453.74,1),(386,137,419,'Core Cruiser 386','Premium footwear model 386 with durable sole and comfort fit.',1685.01,0),(387,641,11,'Apex Racer 387','Premium footwear model 387 with durable sole and comfort fit.',1329.61,0),(388,181,263,'Classic Jumper 388','Premium footwear model 388 with durable sole and comfort fit.',3388.39,1),(389,598,109,'Trail Rover 389','Premium footwear model 389 with durable sole and comfort fit.',3533.14,0),(390,264,642,'Urban Cruiser 390','Premium footwear model 390 with durable sole and comfort fit.',2888.13,1),(391,226,333,'Air Glider 391','Premium footwear model 391 with durable sole and comfort fit.',3032.82,1),(392,405,160,'Active Glider 392','Premium footwear model 392 with durable sole and comfort fit.',3729.12,1),(393,152,491,'Pro Stepper 393','Premium footwear model 393 with durable sole and comfort fit.',1152.11,1),(394,181,194,'Bold Stepper 394','Premium footwear model 394 with durable sole and comfort fit.',4732.77,1),(395,289,22,'Air Strider 395','Premium footwear model 395 with durable sole and comfort fit.',4459.69,1),(396,704,623,'Flex Walker 396','Premium footwear model 396 with durable sole and comfort fit.',973.56,1),(397,466,661,'Sport Walker 397','Premium footwear model 397 with durable sole and comfort fit.',3703.24,1),(398,13,618,'Pro Mover 398','Premium footwear model 398 with durable sole and comfort fit.',2103.76,1),(399,14,660,'Core Runner 399','Premium footwear model 399 with durable sole and comfort fit.',920.24,1),(400,275,147,'Urban Cruiser 400','Premium footwear model 400 with durable sole and comfort fit.',362.44,0),(401,109,556,'Trail Racer 401','Premium footwear model 401 with durable sole and comfort fit.',4306.79,1),(402,143,492,'Swift Cruiser 402','Premium footwear model 402 with durable sole and comfort fit.',4493.23,1),(403,315,340,'Active Strider 403','Premium footwear model 403 with durable sole and comfort fit.',1444.90,1),(404,274,643,'Elite Walker 404','Premium footwear model 404 with durable sole and comfort fit.',398.68,1),(405,558,304,'Pro Jumper 405','Premium footwear model 405 with durable sole and comfort fit.',4465.35,1),(406,2,230,'Classic Glider 406','Premium footwear model 406 with durable sole and comfort fit.',2306.54,1),(407,672,294,'Flex Drifter 407','Premium footwear model 407 with durable sole and comfort fit.',2107.30,1),(408,116,504,'Ultra Walker 408','Premium footwear model 408 with durable sole and comfort fit.',1354.26,0),(409,289,366,'Pro Cruiser 409','Premium footwear model 409 with durable sole and comfort fit.',1867.51,1),(410,87,45,'Bold Strider 410','Premium footwear model 410 with durable sole and comfort fit.',1135.92,1),(411,615,186,'Urban Mover 411','Premium footwear model 411 with durable sole and comfort fit.',1005.03,1),(412,309,640,'Apex Pacer 412','Premium footwear model 412 with durable sole and comfort fit.',1936.41,1),(413,512,678,'Lite Pacer 413','Premium footwear model 413 with durable sole and comfort fit.',4109.38,1),(414,79,3,'Apex Strider 414','Premium footwear model 414 with durable sole and comfort fit.',3954.58,1),(415,152,400,'Active Rover 415','Premium footwear model 415 with durable sole and comfort fit.',4044.20,0),(416,69,116,'Bold Mover 416','Premium footwear model 416 with durable sole and comfort fit.',4809.05,1),(417,93,331,'Ultra Strider 417','Premium footwear model 417 with durable sole and comfort fit.',3906.42,1),(418,507,435,'Active Rover 418','Premium footwear model 418 with durable sole and comfort fit.',4871.39,1),(419,652,342,'Ultra Drifter 419','Premium footwear model 419 with durable sole and comfort fit.',4630.54,1),(420,563,510,'Elite Jumper 420','Premium footwear model 420 with durable sole and comfort fit.',2614.23,1),(421,236,394,'Pro Cruiser 421','Premium footwear model 421 with durable sole and comfort fit.',3659.13,1),(422,711,225,'Trail Walker 422','Premium footwear model 422 with durable sole and comfort fit.',1404.41,1),(423,18,372,'Elite Stepper 423','Premium footwear model 423 with durable sole and comfort fit.',4799.79,0),(424,62,358,'Lite Strider 424','Premium footwear model 424 with durable sole and comfort fit.',1684.08,1),(425,565,432,'Flex Glider 425','Premium footwear model 425 with durable sole and comfort fit.',4189.76,1),(426,142,121,'Trail Rover 426','Premium footwear model 426 with durable sole and comfort fit.',971.46,1),(427,713,435,'Lite Runner 427','Premium footwear model 427 with durable sole and comfort fit.',3595.59,1),(428,76,489,'Apex Cruiser 428','Premium footwear model 428 with durable sole and comfort fit.',4390.24,1),(429,375,145,'Pro Glider 429','Premium footwear model 429 with durable sole and comfort fit.',661.21,1),(430,427,154,'Swift Strider 430','Premium footwear model 430 with durable sole and comfort fit.',2506.89,1),(431,541,716,'Air Stepper 431','Premium footwear model 431 with durable sole and comfort fit.',2233.16,1),(432,661,712,'Classic Pacer 432','Premium footwear model 432 with durable sole and comfort fit.',821.95,1),(433,658,33,'Bold Strider 433','Premium footwear model 433 with durable sole and comfort fit.',2664.49,1),(434,434,697,'Core Stepper 434','Premium footwear model 434 with durable sole and comfort fit.',2903.53,1),(435,586,514,'Air Rover 435','Premium footwear model 435 with durable sole and comfort fit.',1367.38,0),(436,279,95,'Elite Mover 436','Premium footwear model 436 with durable sole and comfort fit.',4895.25,1),(437,217,411,'Bold Runner 437','Premium footwear model 437 with durable sole and comfort fit.',1327.86,1),(438,573,620,'Apex Walker 438','Premium footwear model 438 with durable sole and comfort fit.',4136.83,1),(439,321,669,'Urban Mover 439','Premium footwear model 439 with durable sole and comfort fit.',4187.09,1),(440,381,663,'Sport Glider 440','Premium footwear model 440 with durable sole and comfort fit.',1567.62,1),(441,372,618,'Swift Racer 441','Premium footwear model 441 with durable sole and comfort fit.',430.83,1),(442,555,110,'Pro Glider 442','Premium footwear model 442 with durable sole and comfort fit.',3105.42,1),(443,317,193,'Elite Glider 443','Premium footwear model 443 with durable sole and comfort fit.',3299.43,1),(444,276,88,'Bold Cruiser 444','Premium footwear model 444 with durable sole and comfort fit.',509.91,0),(445,496,47,'Classic Racer 445','Premium footwear model 445 with durable sole and comfort fit.',737.09,1),(446,366,290,'Sport Jumper 446','Premium footwear model 446 with durable sole and comfort fit.',1214.95,1),(447,744,365,'Ultra Rover 447','Premium footwear model 447 with durable sole and comfort fit.',3470.03,1),(448,516,104,'Elite Strider 448','Premium footwear model 448 with durable sole and comfort fit.',410.32,1),(449,489,601,'Apex Runner 449','Premium footwear model 449 with durable sole and comfort fit.',1662.56,1),(450,475,81,'Core Drifter 450','Premium footwear model 450 with durable sole and comfort fit.',737.47,1),(451,221,698,'Urban Strider 451','Premium footwear model 451 with durable sole and comfort fit.',3912.48,1),(452,514,529,'Trail Cruiser 452','Premium footwear model 452 with durable sole and comfort fit.',3360.56,0),(453,350,459,'Swift Strider 453','Premium footwear model 453 with durable sole and comfort fit.',1892.40,1),(454,442,41,'Core Rover 454','Premium footwear model 454 with durable sole and comfort fit.',3937.62,1),(455,214,626,'Bold Walker 455','Premium footwear model 455 with durable sole and comfort fit.',4801.67,1),(456,510,100,'Swift Runner 456','Premium footwear model 456 with durable sole and comfort fit.',969.33,1),(457,561,90,'Active Walker 457','Premium footwear model 457 with durable sole and comfort fit.',2436.60,1),(458,303,166,'Pro Pacer 458','Premium footwear model 458 with durable sole and comfort fit.',3008.60,1),(459,73,184,'Trail Stepper 459','Premium footwear model 459 with durable sole and comfort fit.',1511.34,1),(460,263,453,'Urban Strider 460','Premium footwear model 460 with durable sole and comfort fit.',4716.20,0),(461,500,41,'Lite Pacer 461','Premium footwear model 461 with durable sole and comfort fit.',2183.41,1),(462,697,133,'Active Racer 462','Premium footwear model 462 with durable sole and comfort fit.',2707.65,1),(463,322,383,'Pro Drifter 463','Premium footwear model 463 with durable sole and comfort fit.',2241.01,1),(464,699,44,'Bold Drifter 464','Premium footwear model 464 with durable sole and comfort fit.',567.18,1),(465,717,575,'Classic Strider 465','Premium footwear model 465 with durable sole and comfort fit.',4308.38,1),(466,163,584,'Sport Walker 466','Premium footwear model 466 with durable sole and comfort fit.',1347.34,1),(467,686,96,'Lite Stepper 467','Premium footwear model 467 with durable sole and comfort fit.',2500.90,1),(468,477,112,'Pro Strider 468','Premium footwear model 468 with durable sole and comfort fit.',3738.36,0),(469,407,444,'Flex Mover 469','Premium footwear model 469 with durable sole and comfort fit.',1843.99,1),(470,619,498,'Flex Rover 470','Premium footwear model 470 with durable sole and comfort fit.',3783.04,1),(471,466,40,'Elite Strider 471','Premium footwear model 471 with durable sole and comfort fit.',4757.11,1),(472,219,328,'Bold Runner 472','Premium footwear model 472 with durable sole and comfort fit.',4941.71,1),(473,64,371,'Swift Mover 473','Premium footwear model 473 with durable sole and comfort fit.',4898.24,1),(474,217,24,'Swift Drifter 474','Premium footwear model 474 with durable sole and comfort fit.',2286.73,1),(475,181,86,'Ultra Walker 475','Premium footwear model 475 with durable sole and comfort fit.',1586.35,1),(476,730,463,'Apex Mover 476','Premium footwear model 476 with durable sole and comfort fit.',2765.46,1),(477,266,189,'Apex Runner 477','Premium footwear model 477 with durable sole and comfort fit.',733.47,0),(478,351,305,'Ultra Glider 478','Premium footwear model 478 with durable sole and comfort fit.',1940.60,1),(479,487,549,'Trail Strider 479','Premium footwear model 479 with durable sole and comfort fit.',4837.27,1),(480,710,585,'Sport Runner 480','Premium footwear model 480 with durable sole and comfort fit.',2935.27,1),(481,204,80,'Trail Drifter 481','Premium footwear model 481 with durable sole and comfort fit.',3017.90,1),(482,681,325,'Classic Strider 482','Premium footwear model 482 with durable sole and comfort fit.',4512.56,0),(483,512,325,'Pro Drifter 483','Premium footwear model 483 with durable sole and comfort fit.',2209.02,1),(484,4,462,'Apex Strider 484','Premium footwear model 484 with durable sole and comfort fit.',3280.18,1),(485,593,100,'Classic Glider 485','Premium footwear model 485 with durable sole and comfort fit.',3803.83,1),(486,714,560,'Swift Strider 486','Premium footwear model 486 with durable sole and comfort fit.',3123.43,1),(487,215,196,'Urban Cruiser 487','Premium footwear model 487 with durable sole and comfort fit.',4787.99,1),(488,373,17,'Air Pacer 488','Premium footwear model 488 with durable sole and comfort fit.',2658.80,1),(489,717,512,'Urban Stepper 489','Premium footwear model 489 with durable sole and comfort fit.',2245.05,1),(490,556,437,'Elite Racer 490','Premium footwear model 490 with durable sole and comfort fit.',831.89,1),(491,439,383,'Ultra Jumper 491','Premium footwear model 491 with durable sole and comfort fit.',3094.99,1),(492,391,292,'Apex Drifter 492','Premium footwear model 492 with durable sole and comfort fit.',3535.19,1),(493,291,719,'Bold Walker 493','Premium footwear model 493 with durable sole and comfort fit.',4977.21,1),(494,107,92,'Urban Runner 494','Premium footwear model 494 with durable sole and comfort fit.',3195.42,1),(495,509,639,'Core Jumper 495','Premium footwear model 495 with durable sole and comfort fit.',767.60,1),(496,596,34,'Urban Pacer 496','Premium footwear model 496 with durable sole and comfort fit.',4302.01,1),(497,466,565,'Sport Walker 497','Premium footwear model 497 with durable sole and comfort fit.',1218.13,1),(498,128,360,'Swift Stepper 498','Premium footwear model 498 with durable sole and comfort fit.',2239.79,1),(499,721,406,'Classic Racer 499','Premium footwear model 499 with durable sole and comfort fit.',3975.32,1),(500,275,675,'Air Pacer 500','Premium footwear model 500 with durable sole and comfort fit.',4239.88,1),(501,425,690,'Flex Runner 501','Premium footwear model 501 with durable sole and comfort fit.',4529.88,1),(502,16,27,'Ultra Racer 502','Premium footwear model 502 with durable sole and comfort fit.',4250.62,1),(503,615,326,'Lite Strider 503','Premium footwear model 503 with durable sole and comfort fit.',4807.05,0),(504,248,570,'Sport Glider 504','Premium footwear model 504 with durable sole and comfort fit.',3195.46,1),(505,53,592,'Sport Strider 505','Premium footwear model 505 with durable sole and comfort fit.',4714.14,1),(506,746,178,'Sport Racer 506','Premium footwear model 506 with durable sole and comfort fit.',2730.20,1),(507,102,728,'Swift Strider 507','Premium footwear model 507 with durable sole and comfort fit.',2669.01,1),(508,402,643,'Core Pacer 508','Premium footwear model 508 with durable sole and comfort fit.',4234.49,1),(509,331,209,'Pro Walker 509','Premium footwear model 509 with durable sole and comfort fit.',419.51,1),(510,608,157,'Classic Cruiser 510','Premium footwear model 510 with durable sole and comfort fit.',3624.61,0),(511,81,586,'Sport Runner 511','Premium footwear model 511 with durable sole and comfort fit.',3788.00,1),(512,465,650,'Urban Racer 512','Premium footwear model 512 with durable sole and comfort fit.',1175.81,1),(513,228,305,'Flex Jumper 513','Premium footwear model 513 with durable sole and comfort fit.',4249.15,1),(514,388,267,'Urban Runner 514','Premium footwear model 514 with durable sole and comfort fit.',1591.33,0),(515,643,24,'Urban Cruiser 515','Premium footwear model 515 with durable sole and comfort fit.',4373.61,1),(516,611,126,'Pro Strider 516','Premium footwear model 516 with durable sole and comfort fit.',1626.58,1),(517,96,80,'Active Racer 517','Premium footwear model 517 with durable sole and comfort fit.',4588.78,1),(518,104,503,'Swift Runner 518','Premium footwear model 518 with durable sole and comfort fit.',2243.60,1),(519,641,79,'Flex Drifter 519','Premium footwear model 519 with durable sole and comfort fit.',2272.56,1),(520,649,462,'Swift Strider 520','Premium footwear model 520 with durable sole and comfort fit.',1144.09,1),(521,183,676,'Bold Drifter 521','Premium footwear model 521 with durable sole and comfort fit.',3150.28,1),(522,352,356,'Active Cruiser 522','Premium footwear model 522 with durable sole and comfort fit.',3118.97,1),(523,535,261,'Core Walker 523','Premium footwear model 523 with durable sole and comfort fit.',1205.37,1),(524,24,531,'Elite Strider 524','Premium footwear model 524 with durable sole and comfort fit.',1315.64,1),(525,223,31,'Lite Strider 525','Premium footwear model 525 with durable sole and comfort fit.',1331.88,1),(526,130,275,'Air Stepper 526','Premium footwear model 526 with durable sole and comfort fit.',1235.42,1),(527,726,565,'Urban Pacer 527','Premium footwear model 527 with durable sole and comfort fit.',2494.11,1),(528,447,525,'Sport Glider 528','Premium footwear model 528 with durable sole and comfort fit.',1474.44,1),(529,735,288,'Sport Walker 529','Premium footwear model 529 with durable sole and comfort fit.',3042.15,1),(530,320,170,'Swift Glider 530','Premium footwear model 530 with durable sole and comfort fit.',4781.68,1),(531,457,434,'Bold Rover 531','Premium footwear model 531 with durable sole and comfort fit.',1575.87,1),(532,111,622,'Sport Mover 532','Premium footwear model 532 with durable sole and comfort fit.',1237.69,1),(533,648,66,'Active Strider 533','Premium footwear model 533 with durable sole and comfort fit.',4479.41,0),(534,260,601,'Sport Pacer 534','Premium footwear model 534 with durable sole and comfort fit.',3137.25,1),(535,544,361,'Sport Runner 535','Premium footwear model 535 with durable sole and comfort fit.',837.85,1),(536,440,191,'Lite Glider 536','Premium footwear model 536 with durable sole and comfort fit.',640.41,1),(537,381,149,'Swift Racer 537','Premium footwear model 537 with durable sole and comfort fit.',873.83,1),(538,12,735,'Lite Glider 538','Premium footwear model 538 with durable sole and comfort fit.',2486.27,1),(539,239,576,'Pro Mover 539','Premium footwear model 539 with durable sole and comfort fit.',1631.99,1),(540,223,106,'Elite Pacer 540','Premium footwear model 540 with durable sole and comfort fit.',3665.45,0),(541,688,77,'Bold Drifter 541','Premium footwear model 541 with durable sole and comfort fit.',2281.23,1),(542,326,328,'Flex Glider 542','Premium footwear model 542 with durable sole and comfort fit.',532.40,1),(543,48,282,'Sport Walker 543','Premium footwear model 543 with durable sole and comfort fit.',882.24,1),(544,335,606,'Sport Glider 544','Premium footwear model 544 with durable sole and comfort fit.',3008.14,1),(545,660,590,'Classic Stepper 545','Premium footwear model 545 with durable sole and comfort fit.',1635.52,1),(546,413,38,'Core Jumper 546','Premium footwear model 546 with durable sole and comfort fit.',4613.76,1),(547,661,17,'Pro Stepper 547','Premium footwear model 547 with durable sole and comfort fit.',746.06,1),(548,741,309,'Air Racer 548','Premium footwear model 548 with durable sole and comfort fit.',3841.35,1),(549,570,321,'Active Cruiser 549','Premium footwear model 549 with durable sole and comfort fit.',520.24,1),(550,466,506,'Apex Drifter 550','Premium footwear model 550 with durable sole and comfort fit.',4844.62,1),(551,383,633,'Pro Runner 551','Premium footwear model 551 with durable sole and comfort fit.',1351.87,1),(552,143,108,'Lite Rover 552','Premium footwear model 552 with durable sole and comfort fit.',3702.99,1),(553,91,196,'Trail Racer 553','Premium footwear model 553 with durable sole and comfort fit.',4134.89,1),(554,6,705,'Apex Runner 554','Premium footwear model 554 with durable sole and comfort fit.',1519.53,1),(555,114,50,'Air Walker 555','Premium footwear model 555 with durable sole and comfort fit.',1538.52,1),(556,389,277,'Trail Strider 556','Premium footwear model 556 with durable sole and comfort fit.',4645.83,1),(557,123,130,'Lite Strider 557','Premium footwear model 557 with durable sole and comfort fit.',3838.26,1),(558,424,653,'Active Drifter 558','Premium footwear model 558 with durable sole and comfort fit.',874.15,1),(559,592,490,'Urban Stepper 559','Premium footwear model 559 with durable sole and comfort fit.',4887.84,1),(560,749,495,'Flex Walker 560','Premium footwear model 560 with durable sole and comfort fit.',1538.92,1),(561,85,362,'Elite Glider 561','Premium footwear model 561 with durable sole and comfort fit.',3398.56,1),(562,211,712,'Pro Walker 562','Premium footwear model 562 with durable sole and comfort fit.',4866.30,1),(563,14,687,'Flex Stepper 563','Premium footwear model 563 with durable sole and comfort fit.',4146.00,1),(564,108,349,'Flex Cruiser 564','Premium footwear model 564 with durable sole and comfort fit.',3878.53,1),(565,321,320,'Trail Stepper 565','Premium footwear model 565 with durable sole and comfort fit.',3378.86,1),(566,109,134,'Flex Racer 566','Premium footwear model 566 with durable sole and comfort fit.',2111.21,1),(567,636,526,'Flex Mover 567','Premium footwear model 567 with durable sole and comfort fit.',1182.38,1),(568,169,703,'Air Cruiser 568','Premium footwear model 568 with durable sole and comfort fit.',3346.40,1),(569,110,113,'Flex Runner 569','Premium footwear model 569 with durable sole and comfort fit.',4501.26,1),(570,30,488,'Urban Jumper 570','Premium footwear model 570 with durable sole and comfort fit.',2426.41,1),(571,564,87,'Lite Mover 571','Premium footwear model 571 with durable sole and comfort fit.',1295.71,1),(572,442,521,'Lite Runner 572','Premium footwear model 572 with durable sole and comfort fit.',2373.30,1),(573,51,665,'Sport Rover 573','Premium footwear model 573 with durable sole and comfort fit.',4660.69,1),(574,194,413,'Ultra Cruiser 574','Premium footwear model 574 with durable sole and comfort fit.',1595.85,1),(575,532,444,'Pro Drifter 575','Premium footwear model 575 with durable sole and comfort fit.',533.40,1),(576,114,225,'Pro Runner 576','Premium footwear model 576 with durable sole and comfort fit.',4505.77,1),(577,245,68,'Elite Walker 577','Premium footwear model 577 with durable sole and comfort fit.',1593.66,1),(578,717,734,'Sport Mover 578','Premium footwear model 578 with durable sole and comfort fit.',2145.56,1),(579,709,275,'Active Glider 579','Premium footwear model 579 with durable sole and comfort fit.',1102.84,1),(580,653,295,'Trail Cruiser 580','Premium footwear model 580 with durable sole and comfort fit.',1652.50,1),(581,190,516,'Core Rover 581','Premium footwear model 581 with durable sole and comfort fit.',3222.96,1),(582,705,245,'Ultra Racer 582','Premium footwear model 582 with durable sole and comfort fit.',3501.78,1),(583,341,467,'Ultra Runner 583','Premium footwear model 583 with durable sole and comfort fit.',3429.35,1),(584,22,182,'Air Walker 584','Premium footwear model 584 with durable sole and comfort fit.',1101.41,1),(585,10,609,'Lite Stepper 585','Premium footwear model 585 with durable sole and comfort fit.',3039.85,1),(586,254,484,'Pro Runner 586','Premium footwear model 586 with durable sole and comfort fit.',4147.95,1),(587,298,234,'Elite Jumper 587','Premium footwear model 587 with durable sole and comfort fit.',1085.33,1),(588,97,103,'Air Rover 588','Premium footwear model 588 with durable sole and comfort fit.',1876.68,1),(589,360,559,'Air Drifter 589','Premium footwear model 589 with durable sole and comfort fit.',2585.52,1),(590,14,362,'Air Rover 590','Premium footwear model 590 with durable sole and comfort fit.',1867.57,1),(591,680,611,'Active Walker 591','Premium footwear model 591 with durable sole and comfort fit.',1567.71,1),(592,656,22,'Ultra Mover 592','Premium footwear model 592 with durable sole and comfort fit.',4323.45,1),(593,146,366,'Active Runner 593','Premium footwear model 593 with durable sole and comfort fit.',1447.53,1),(594,442,369,'Flex Rover 594','Premium footwear model 594 with durable sole and comfort fit.',718.59,0),(595,387,655,'Pro Pacer 595','Premium footwear model 595 with durable sole and comfort fit.',4421.58,1),(596,461,540,'Ultra Pacer 596','Premium footwear model 596 with durable sole and comfort fit.',4577.54,1),(597,340,401,'Bold Mover 597','Premium footwear model 597 with durable sole and comfort fit.',4741.75,1),(598,196,43,'Bold Jumper 598','Premium footwear model 598 with durable sole and comfort fit.',3597.63,1),(599,126,444,'Swift Stepper 599','Premium footwear model 599 with durable sole and comfort fit.',2962.31,1),(600,356,296,'Pro Runner 600','Premium footwear model 600 with durable sole and comfort fit.',2643.96,1),(601,478,698,'Ultra Jumper 601','Premium footwear model 601 with durable sole and comfort fit.',4842.36,1),(602,681,167,'Air Stepper 602','Premium footwear model 602 with durable sole and comfort fit.',1653.82,1),(603,16,465,'Classic Glider 603','Premium footwear model 603 with durable sole and comfort fit.',1629.18,1),(604,55,501,'Air Runner 604','Premium footwear model 604 with durable sole and comfort fit.',2321.52,1),(605,1,52,'Air Strider 605','Premium footwear model 605 with durable sole and comfort fit.',1945.03,1),(606,515,682,'Swift Jumper 606','Premium footwear model 606 with durable sole and comfort fit.',1027.67,1),(607,278,147,'Trail Glider 607','Premium footwear model 607 with durable sole and comfort fit.',2329.64,0),(608,298,225,'Classic Stepper 608','Premium footwear model 608 with durable sole and comfort fit.',4683.79,1),(609,695,653,'Sport Mover 609','Premium footwear model 609 with durable sole and comfort fit.',2174.83,0),(610,268,310,'Bold Pacer 610','Premium footwear model 610 with durable sole and comfort fit.',1113.52,1),(611,331,593,'Ultra Drifter 611','Premium footwear model 611 with durable sole and comfort fit.',3907.00,1),(612,427,568,'Flex Pacer 612','Premium footwear model 612 with durable sole and comfort fit.',1732.48,1),(613,644,473,'Elite Strider 613','Premium footwear model 613 with durable sole and comfort fit.',2066.04,1),(614,448,99,'Ultra Jumper 614','Premium footwear model 614 with durable sole and comfort fit.',2375.94,1),(615,702,730,'Lite Stepper 615','Premium footwear model 615 with durable sole and comfort fit.',1963.71,1),(616,421,473,'Classic Jumper 616','Premium footwear model 616 with durable sole and comfort fit.',423.18,1),(617,91,144,'Bold Pacer 617','Premium footwear model 617 with durable sole and comfort fit.',3996.17,1),(618,383,131,'Bold Jumper 618','Premium footwear model 618 with durable sole and comfort fit.',4528.59,1),(619,55,403,'Ultra Mover 619','Premium footwear model 619 with durable sole and comfort fit.',3448.37,1),(620,531,472,'Apex Runner 620','Premium footwear model 620 with durable sole and comfort fit.',696.90,1),(621,666,110,'Lite Cruiser 621','Premium footwear model 621 with durable sole and comfort fit.',756.78,1),(622,494,708,'Lite Runner 622','Premium footwear model 622 with durable sole and comfort fit.',869.78,1),(623,524,735,'Classic Rover 623','Premium footwear model 623 with durable sole and comfort fit.',1262.80,1),(624,508,140,'Flex Drifter 624','Premium footwear model 624 with durable sole and comfort fit.',3305.44,1),(625,644,319,'Trail Runner 625','Premium footwear model 625 with durable sole and comfort fit.',4085.40,1),(626,206,118,'Pro Runner 626','Premium footwear model 626 with durable sole and comfort fit.',1018.20,1),(627,533,100,'Flex Glider 627','Premium footwear model 627 with durable sole and comfort fit.',785.95,1),(628,518,455,'Sport Runner 628','Premium footwear model 628 with durable sole and comfort fit.',4651.41,1),(629,496,189,'Apex Glider 629','Premium footwear model 629 with durable sole and comfort fit.',4255.09,1),(630,628,698,'Active Drifter 630','Premium footwear model 630 with durable sole and comfort fit.',3199.65,1),(631,652,23,'Ultra Strider 631','Premium footwear model 631 with durable sole and comfort fit.',4146.19,1),(632,175,524,'Trail Rover 632','Premium footwear model 632 with durable sole and comfort fit.',2868.40,1),(633,297,297,'Urban Walker 633','Premium footwear model 633 with durable sole and comfort fit.',4806.73,1),(634,684,282,'Sport Mover 634','Premium footwear model 634 with durable sole and comfort fit.',3577.97,1),(635,427,436,'Ultra Runner 635','Premium footwear model 635 with durable sole and comfort fit.',1631.08,1),(636,399,12,'Bold Pacer 636','Premium footwear model 636 with durable sole and comfort fit.',459.19,1),(637,673,635,'Active Runner 637','Premium footwear model 637 with durable sole and comfort fit.',4567.11,1),(638,143,480,'Core Rover 638','Premium footwear model 638 with durable sole and comfort fit.',2453.25,1),(639,163,367,'Elite Jumper 639','Premium footwear model 639 with durable sole and comfort fit.',1289.67,0),(640,538,400,'Elite Walker 640','Premium footwear model 640 with durable sole and comfort fit.',1119.14,1),(641,672,737,'Bold Racer 641','Premium footwear model 641 with durable sole and comfort fit.',2458.56,1),(642,144,286,'Swift Drifter 642','Premium footwear model 642 with durable sole and comfort fit.',1722.77,1),(643,661,496,'Sport Stepper 643','Premium footwear model 643 with durable sole and comfort fit.',3146.46,1),(644,726,520,'Swift Drifter 644','Premium footwear model 644 with durable sole and comfort fit.',2768.54,1),(645,332,603,'Bold Racer 645','Premium footwear model 645 with durable sole and comfort fit.',3046.12,1),(646,70,47,'Classic Rover 646','Premium footwear model 646 with durable sole and comfort fit.',1047.14,1),(647,109,512,'Core Drifter 647','Premium footwear model 647 with durable sole and comfort fit.',2538.14,1),(648,243,108,'Core Strider 648','Premium footwear model 648 with durable sole and comfort fit.',3721.37,1),(649,431,66,'Classic Cruiser 649','Premium footwear model 649 with durable sole and comfort fit.',1476.27,1),(650,75,453,'Swift Racer 650','Premium footwear model 650 with durable sole and comfort fit.',3149.71,1),(651,179,329,'Pro Rover 651','Premium footwear model 651 with durable sole and comfort fit.',2411.70,1),(652,653,588,'Elite Glider 652','Premium footwear model 652 with durable sole and comfort fit.',1218.87,1),(653,696,293,'Flex Glider 653','Premium footwear model 653 with durable sole and comfort fit.',3787.12,1),(654,542,197,'Pro Cruiser 654','Premium footwear model 654 with durable sole and comfort fit.',412.94,0),(655,99,209,'Classic Strider 655','Premium footwear model 655 with durable sole and comfort fit.',4497.47,1),(656,418,582,'Elite Walker 656','Premium footwear model 656 with durable sole and comfort fit.',1900.34,1),(657,746,658,'Elite Stepper 657','Premium footwear model 657 with durable sole and comfort fit.',1192.64,1),(658,486,513,'Lite Racer 658','Premium footwear model 658 with durable sole and comfort fit.',3205.85,1),(659,142,69,'Active Mover 659','Premium footwear model 659 with durable sole and comfort fit.',3238.71,1),(660,583,81,'Ultra Jumper 660','Premium footwear model 660 with durable sole and comfort fit.',1700.67,1),(661,237,53,'Bold Jumper 661','Premium footwear model 661 with durable sole and comfort fit.',1854.32,1),(662,297,258,'Sport Rover 662','Premium footwear model 662 with durable sole and comfort fit.',1981.15,1),(663,162,295,'Pro Jumper 663','Premium footwear model 663 with durable sole and comfort fit.',3003.17,1),(664,626,513,'Air Mover 664','Premium footwear model 664 with durable sole and comfort fit.',3206.63,1),(665,114,597,'Active Pacer 665','Premium footwear model 665 with durable sole and comfort fit.',3369.19,1),(666,432,268,'Flex Racer 666','Premium footwear model 666 with durable sole and comfort fit.',4472.73,1),(667,210,561,'Apex Rover 667','Premium footwear model 667 with durable sole and comfort fit.',1848.16,1),(668,64,242,'Active Walker 668','Premium footwear model 668 with durable sole and comfort fit.',4085.61,1),(669,625,720,'Apex Runner 669','Premium footwear model 669 with durable sole and comfort fit.',1924.47,1),(670,427,613,'Trail Cruiser 670','Premium footwear model 670 with durable sole and comfort fit.',4667.01,1),(671,491,133,'Air Rover 671','Premium footwear model 671 with durable sole and comfort fit.',495.18,1),(672,520,231,'Urban Racer 672','Premium footwear model 672 with durable sole and comfort fit.',2327.12,1),(673,234,22,'Core Runner 673','Premium footwear model 673 with durable sole and comfort fit.',422.86,1),(674,201,548,'Bold Mover 674','Premium footwear model 674 with durable sole and comfort fit.',3504.12,1),(675,566,494,'Classic Mover 675','Premium footwear model 675 with durable sole and comfort fit.',3897.70,1),(676,441,719,'Sport Jumper 676','Premium footwear model 676 with durable sole and comfort fit.',946.52,1),(677,631,377,'Lite Glider 677','Premium footwear model 677 with durable sole and comfort fit.',1911.69,0),(678,244,238,'Pro Cruiser 678','Premium footwear model 678 with durable sole and comfort fit.',346.23,1),(679,550,582,'Classic Runner 679','Premium footwear model 679 with durable sole and comfort fit.',4403.30,1),(680,59,79,'Classic Strider 680','Premium footwear model 680 with durable sole and comfort fit.',2360.21,1),(681,322,359,'Bold Drifter 681','Premium footwear model 681 with durable sole and comfort fit.',4484.00,0),(682,133,621,'Sport Stepper 682','Premium footwear model 682 with durable sole and comfort fit.',3389.64,1),(683,79,257,'Elite Glider 683','Premium footwear model 683 with durable sole and comfort fit.',2625.17,1),(684,366,226,'Active Rover 684','Premium footwear model 684 with durable sole and comfort fit.',1721.78,1),(685,565,300,'Apex Drifter 685','Premium footwear model 685 with durable sole and comfort fit.',1446.77,1),(686,327,715,'Elite Jumper 686','Premium footwear model 686 with durable sole and comfort fit.',789.58,1),(687,421,723,'Bold Stepper 687','Premium footwear model 687 with durable sole and comfort fit.',1613.98,1),(688,141,534,'Flex Pacer 688','Premium footwear model 688 with durable sole and comfort fit.',3785.97,1),(689,382,743,'Apex Strider 689','Premium footwear model 689 with durable sole and comfort fit.',467.58,1),(690,451,666,'Swift Stepper 690','Premium footwear model 690 with durable sole and comfort fit.',4778.31,1),(691,35,277,'Air Cruiser 691','Premium footwear model 691 with durable sole and comfort fit.',2104.63,1),(692,87,62,'Air Cruiser 692','Premium footwear model 692 with durable sole and comfort fit.',2103.50,1),(693,392,394,'Active Runner 693','Premium footwear model 693 with durable sole and comfort fit.',1353.91,1),(694,676,442,'Elite Runner 694','Premium footwear model 694 with durable sole and comfort fit.',3402.89,1),(695,357,27,'Core Cruiser 695','Premium footwear model 695 with durable sole and comfort fit.',3845.05,1),(696,269,606,'Flex Runner 696','Premium footwear model 696 with durable sole and comfort fit.',1901.44,1),(697,445,438,'Swift Rover 697','Premium footwear model 697 with durable sole and comfort fit.',4663.26,1),(698,112,567,'Sport Rover 698','Premium footwear model 698 with durable sole and comfort fit.',4681.62,1),(699,548,475,'Sport Cruiser 699','Premium footwear model 699 with durable sole and comfort fit.',3679.33,1),(700,267,167,'Sport Stepper 700','Premium footwear model 700 with durable sole and comfort fit.',3803.48,0),(701,136,16,'Air Drifter 701','Premium footwear model 701 with durable sole and comfort fit.',4768.55,1),(702,256,556,'Air Racer 702','Premium footwear model 702 with durable sole and comfort fit.',2983.09,1),(703,281,371,'Air Drifter 703','Premium footwear model 703 with durable sole and comfort fit.',1476.41,1),(704,623,13,'Pro Pacer 704','Premium footwear model 704 with durable sole and comfort fit.',2970.67,1),(705,271,184,'Active Stepper 705','Premium footwear model 705 with durable sole and comfort fit.',380.15,1),(706,38,368,'Active Drifter 706','Premium footwear model 706 with durable sole and comfort fit.',4267.33,1),(707,60,594,'Pro Pacer 707','Premium footwear model 707 with durable sole and comfort fit.',4515.11,1),(708,66,452,'Ultra Pacer 708','Premium footwear model 708 with durable sole and comfort fit.',3899.09,1),(709,507,131,'Flex Drifter 709','Premium footwear model 709 with durable sole and comfort fit.',1119.13,1),(710,672,51,'Flex Walker 710','Premium footwear model 710 with durable sole and comfort fit.',3375.62,1),(711,519,451,'Bold Racer 711','Premium footwear model 711 with durable sole and comfort fit.',496.19,1),(712,63,732,'Air Pacer 712','Premium footwear model 712 with durable sole and comfort fit.',374.76,1),(713,362,554,'Trail Runner 713','Premium footwear model 713 with durable sole and comfort fit.',3121.72,1),(714,80,520,'Active Walker 714','Premium footwear model 714 with durable sole and comfort fit.',2700.87,1),(715,334,585,'Lite Drifter 715','Premium footwear model 715 with durable sole and comfort fit.',2254.06,1),(716,290,147,'Classic Racer 716','Premium footwear model 716 with durable sole and comfort fit.',3151.74,1),(717,418,668,'Lite Stepper 717','Premium footwear model 717 with durable sole and comfort fit.',4728.65,1),(718,32,165,'Lite Runner 718','Premium footwear model 718 with durable sole and comfort fit.',1666.10,1),(719,606,27,'Pro Cruiser 719','Premium footwear model 719 with durable sole and comfort fit.',1292.95,1),(720,733,521,'Swift Cruiser 720','Premium footwear model 720 with durable sole and comfort fit.',3649.35,0),(721,388,597,'Classic Drifter 721','Premium footwear model 721 with durable sole and comfort fit.',3712.42,1),(722,665,81,'Pro Glider 722','Premium footwear model 722 with durable sole and comfort fit.',2956.39,0),(723,646,562,'Trail Mover 723','Premium footwear model 723 with durable sole and comfort fit.',2832.15,1),(724,541,53,'Bold Stepper 724','Premium footwear model 724 with durable sole and comfort fit.',3397.23,1),(725,325,276,'Flex Cruiser 725','Premium footwear model 725 with durable sole and comfort fit.',1676.41,1),(726,249,371,'Flex Stepper 726','Premium footwear model 726 with durable sole and comfort fit.',1778.64,0),(727,710,247,'Active Rover 727','Premium footwear model 727 with durable sole and comfort fit.',4799.76,1),(728,82,361,'Elite Jumper 728','Premium footwear model 728 with durable sole and comfort fit.',658.29,1),(729,496,620,'Flex Stepper 729','Premium footwear model 729 with durable sole and comfort fit.',3994.63,1),(730,129,551,'Flex Mover 730','Premium footwear model 730 with durable sole and comfort fit.',3467.29,1),(731,621,267,'Swift Pacer 731','Premium footwear model 731 with durable sole and comfort fit.',1904.39,1),(732,419,432,'Elite Strider 732','Premium footwear model 732 with durable sole and comfort fit.',3006.26,1),(733,203,185,'Core Stepper 733','Premium footwear model 733 with durable sole and comfort fit.',371.91,1),(734,270,568,'Trail Stepper 734','Premium footwear model 734 with durable sole and comfort fit.',3790.41,1),(735,35,442,'Classic Rover 735','Premium footwear model 735 with durable sole and comfort fit.',1083.60,1),(736,528,543,'Core Mover 736','Premium footwear model 736 with durable sole and comfort fit.',4549.02,1),(737,412,714,'Elite Glider 737','Premium footwear model 737 with durable sole and comfort fit.',3645.32,1),(738,345,606,'Bold Cruiser 738','Premium footwear model 738 with durable sole and comfort fit.',805.53,1),(739,76,364,'Active Mover 739','Premium footwear model 739 with durable sole and comfort fit.',3263.91,1),(740,447,297,'Swift Stepper 740','Premium footwear model 740 with durable sole and comfort fit.',3589.53,1),(741,742,604,'Core Jumper 741','Premium footwear model 741 with durable sole and comfort fit.',692.81,1),(742,608,608,'Lite Drifter 742','Premium footwear model 742 with durable sole and comfort fit.',3351.20,1),(743,450,181,'Elite Rover 743','Premium footwear model 743 with durable sole and comfort fit.',3062.98,0),(744,100,238,'Air Stepper 744','Premium footwear model 744 with durable sole and comfort fit.',1902.25,1),(745,538,594,'Elite Mover 745','Premium footwear model 745 with durable sole and comfort fit.',1639.71,1),(746,183,147,'Classic Rover 746','Premium footwear model 746 with durable sole and comfort fit.',4446.21,1),(747,441,532,'Air Cruiser 747','Premium footwear model 747 with durable sole and comfort fit.',4433.04,1),(748,356,292,'Ultra Walker 748','Premium footwear model 748 with durable sole and comfort fit.',1651.86,1),(749,230,174,'Air Pacer 749','Premium footwear model 749 with durable sole and comfort fit.',4946.39,1),(750,238,683,'Air Strider 750','Premium footwear model 750 with durable sole and comfort fit.',750.09,1);
/*!40000 ALTER TABLE `products` ENABLE KEYS */;
UNLOCK TABLES;

--
-- Table structure for table `user`
--

DROP TABLE IF EXISTS `user`;
/*!40101 SET @saved_cs_client     = @@character_set_client */;
/*!40101 SET character_set_client = utf8 */;
CREATE TABLE `user` (
  `username` varchar(20) NOT NULL,
  `password` varchar(20) NOT NULL
) ENGINE=InnoDB DEFAULT CHARSET=utf8mb4 COLLATE=utf8mb4_general_ci;
/*!40101 SET character_set_client = @saved_cs_client */;

--
-- Dumping data for table `user`
--

LOCK TABLES `user` WRITE;
/*!40000 ALTER TABLE `user` DISABLE KEYS */;
INSERT INTO `user` VALUES ('admin','admin'),('user','user');
/*!40000 ALTER TABLE `user` ENABLE KEYS */;
UNLOCK TABLES;

--
-- Final view structure for view `order_totals`
--

/*!50001 DROP VIEW IF EXISTS `order_totals`*/;
/*!50001 SET @saved_cs_client          = @@character_set_client */;
/*!50001 SET @saved_cs_results         = @@character_set_results */;
/*!50001 SET @saved_col_connection     = @@collation_connection */;
/*!50001 SET character_set_client      = utf8mb4 */;
/*!50001 SET character_set_results     = utf8mb4 */;
/*!50001 SET collation_connection      = utf8mb4_general_ci */;
/*!50001 CREATE ALGORITHM=UNDEFINED */
/*!50013 DEFINER=`root`@`localhost` SQL SECURITY DEFINER */
/*!50001 VIEW `order_totals` AS select `o`.`id` AS `order_id`,coalesce(sum(`oi`.`quantity` * `oi`.`unit_price`),0) AS `subtotal`,`o`.`shipping_fee` AS `shipping_fee`,coalesce(sum(`oi`.`quantity` * `oi`.`unit_price`),0) + `o`.`shipping_fee` AS `total` from (`orders` `o` left join `order_items` `oi` on(`oi`.`order_id` = `o`.`id`)) group by `o`.`id`,`o`.`shipping_fee` */;
/*!50001 SET character_set_client      = @saved_cs_client */;
/*!50001 SET character_set_results     = @saved_cs_results */;
/*!50001 SET collation_connection      = @saved_col_connection */;
/*!40103 SET TIME_ZONE=@OLD_TIME_ZONE */;

/*!40101 SET SQL_MODE=@OLD_SQL_MODE */;
/*!40014 SET FOREIGN_KEY_CHECKS=@OLD_FOREIGN_KEY_CHECKS */;
/*!40014 SET UNIQUE_CHECKS=@OLD_UNIQUE_CHECKS */;
/*!40101 SET CHARACTER_SET_CLIENT=@OLD_CHARACTER_SET_CLIENT */;
/*!40101 SET CHARACTER_SET_RESULTS=@OLD_CHARACTER_SET_RESULTS */;
/*!40101 SET COLLATION_CONNECTION=@OLD_COLLATION_CONNECTION */;
/*!40111 SET SQL_NOTES=@OLD_SQL_NOTES */;

-- Dump completed on 2026-05-11 15:16:42
